ISO-10303-21;
HEADER;
/* Generated by software containing ST-Developer
 * from STEP Tools, Inc. (www.steptools.com) 
 */

FILE_DESCRIPTION(
/* description */ (''),
/* implementation_level */ '2;1');

FILE_NAME(
/* name */ 'Beads.step',
/* time_stamp */ '2026-08-17T18:01:33+07:00',
/* author */ (''),
/* organization */ (''),
/* preprocessor_version */ 'ST-DEVELOPER v20.1',
/* originating_system */ 'Autodesk Translation Framework v15.8.0.0',
/* authorisation */ '');

FILE_SCHEMA (('AUTOMOTIVE_DESIGN { 1 0 10303 214 3 1 1 }'));
ENDSEC;

DATA;
#10=MECHANICAL_DESIGN_GEOMETRIC_PRESENTATION_REPRESENTATION('',(#13,#14,
#15,#16,#17,#18,#19,#20,#21,#22,#23,#24,#25,#26,#27,#28,#29,#30,#31,#32,
#33,#34,#35,#36,#37,#38,#39,#40,#41,#42,#43,#44,#45,#46,#47,#48,#49,#50,
#51,#52,#53,#54,#55,#56,#57,#58,#59,#60,#61,#62,#63,#64,#65,#66,#67,#68,
#69,#70,#71,#72,#73,#74,#75,#76),#5984);
#11=SHAPE_REPRESENTATION_RELATIONSHIP('SRR','None',#5991,#12);
#12=ADVANCED_BREP_SHAPE_REPRESENTATION('',(#77,#78,#79,#80,#81,#82,#83,
#84,#85,#86,#87,#88,#89,#90,#91,#92,#93,#94,#95,#96,#97,#98,#99,#100,#101,
#102,#103,#104,#105,#106,#107,#108,#109,#110,#111,#112,#113,#114,#115,#116,
#117,#118,#119,#120,#121,#122,#123,#124,#125,#126,#127,#128,#129,#130,#131,
#132,#133,#134,#135,#136,#137,#138,#139,#140),#5983);
#13=STYLED_ITEM('',(#6000),#77);
#14=STYLED_ITEM('',(#6000),#78);
#15=STYLED_ITEM('',(#6000),#79);
#16=STYLED_ITEM('',(#6000),#80);
#17=STYLED_ITEM('',(#6000),#81);
#18=STYLED_ITEM('',(#6000),#82);
#19=STYLED_ITEM('',(#6000),#83);
#20=STYLED_ITEM('',(#6000),#84);
#21=STYLED_ITEM('',(#6000),#85);
#22=STYLED_ITEM('',(#6000),#86);
#23=STYLED_ITEM('',(#6000),#87);
#24=STYLED_ITEM('',(#6000),#88);
#25=STYLED_ITEM('',(#6000),#89);
#26=STYLED_ITEM('',(#6000),#90);
#27=STYLED_ITEM('',(#6000),#91);
#28=STYLED_ITEM('',(#6000),#92);
#29=STYLED_ITEM('',(#6000),#93);
#30=STYLED_ITEM('',(#6000),#94);
#31=STYLED_ITEM('',(#6000),#95);
#32=STYLED_ITEM('',(#6000),#96);
#33=STYLED_ITEM('',(#6000),#97);
#34=STYLED_ITEM('',(#6000),#98);
#35=STYLED_ITEM('',(#6000),#99);
#36=STYLED_ITEM('',(#6000),#100);
#37=STYLED_ITEM('',(#6000),#101);
#38=STYLED_ITEM('',(#6000),#102);
#39=STYLED_ITEM('',(#6000),#103);
#40=STYLED_ITEM('',(#6000),#104);
#41=STYLED_ITEM('',(#6000),#105);
#42=STYLED_ITEM('',(#6000),#106);
#43=STYLED_ITEM('',(#6000),#107);
#44=STYLED_ITEM('',(#6000),#108);
#45=STYLED_ITEM('',(#6000),#109);
#46=STYLED_ITEM('',(#6000),#110);
#47=STYLED_ITEM('',(#6000),#111);
#48=STYLED_ITEM('',(#6000),#112);
#49=STYLED_ITEM('',(#6000),#113);
#50=STYLED_ITEM('',(#6000),#114);
#51=STYLED_ITEM('',(#6000),#115);
#52=STYLED_ITEM('',(#6000),#116);
#53=STYLED_ITEM('',(#6000),#117);
#54=STYLED_ITEM('',(#6000),#118);
#55=STYLED_ITEM('',(#6000),#119);
#56=STYLED_ITEM('',(#6000),#120);
#57=STYLED_ITEM('',(#6000),#121);
#58=STYLED_ITEM('',(#6000),#122);
#59=STYLED_ITEM('',(#6000),#123);
#60=STYLED_ITEM('',(#6000),#124);
#61=STYLED_ITEM('',(#6000),#125);
#62=STYLED_ITEM('',(#6000),#126);
#63=STYLED_ITEM('',(#6000),#127);
#64=STYLED_ITEM('',(#6000),#128);
#65=STYLED_ITEM('',(#6000),#129);
#66=STYLED_ITEM('',(#6000),#130);
#67=STYLED_ITEM('',(#6000),#131);
#68=STYLED_ITEM('',(#6000),#132);
#69=STYLED_ITEM('',(#6000),#133);
#70=STYLED_ITEM('',(#6000),#134);
#71=STYLED_ITEM('',(#6000),#135);
#72=STYLED_ITEM('',(#6000),#136);
#73=STYLED_ITEM('',(#6000),#137);
#74=STYLED_ITEM('',(#6000),#138);
#75=STYLED_ITEM('',(#6000),#139);
#76=STYLED_ITEM('',(#6000),#140);
#77=MANIFOLD_SOLID_BREP('Body1',#3341);
#78=MANIFOLD_SOLID_BREP('Body2',#3342);
#79=MANIFOLD_SOLID_BREP('Body3',#3343);
#80=MANIFOLD_SOLID_BREP('Body4',#3344);
#81=MANIFOLD_SOLID_BREP('Body5',#3345);
#82=MANIFOLD_SOLID_BREP('Body6',#3346);
#83=MANIFOLD_SOLID_BREP('Body7',#3347);
#84=MANIFOLD_SOLID_BREP('Body8',#3348);
#85=MANIFOLD_SOLID_BREP('Body13',#3349);
#86=MANIFOLD_SOLID_BREP('Body14',#3350);
#87=MANIFOLD_SOLID_BREP('Body15',#3351);
#88=MANIFOLD_SOLID_BREP('Body4 (1)',#3352);
#89=MANIFOLD_SOLID_BREP('Body5 (1)',#3353);
#90=MANIFOLD_SOLID_BREP('Body6 (1)',#3354);
#91=MANIFOLD_SOLID_BREP('Body7 (2)',#3355);
#92=MANIFOLD_SOLID_BREP('Body8 (1)',#3356);
#93=MANIFOLD_SOLID_BREP('Body21',#3357);
#94=MANIFOLD_SOLID_BREP('Body22',#3358);
#95=MANIFOLD_SOLID_BREP('Body23',#3359);
#96=MANIFOLD_SOLID_BREP('Body4 (1) (1)',#3360);
#97=MANIFOLD_SOLID_BREP('Body5 (1) (1)',#3361);
#98=MANIFOLD_SOLID_BREP('Body6 (1) (1)',#3362);
#99=MANIFOLD_SOLID_BREP('Body7 (2) (1)',#3363);
#100=MANIFOLD_SOLID_BREP('Body8 (1) (1)',#3364);
#101=MANIFOLD_SOLID_BREP('Body29',#3365);
#102=MANIFOLD_SOLID_BREP('Body30',#3366);
#103=MANIFOLD_SOLID_BREP('Body31',#3367);
#104=MANIFOLD_SOLID_BREP('Body4 (1) (1) (1)',#3368);
#105=MANIFOLD_SOLID_BREP('Body5 (1) (1) (1)',#3369);
#106=MANIFOLD_SOLID_BREP('Body6 (1) (1) (1)',#3370);
#107=MANIFOLD_SOLID_BREP('Body7 (2) (1) (1)',#3371);
#108=MANIFOLD_SOLID_BREP('Body8 (1) (1) (1)',#3372);
#109=MANIFOLD_SOLID_BREP('Body37',#3373);
#110=MANIFOLD_SOLID_BREP('Body38',#3374);
#111=MANIFOLD_SOLID_BREP('Body39',#3375);
#112=MANIFOLD_SOLID_BREP('Body4 (1) (1) (1) (1)',#3376);
#113=MANIFOLD_SOLID_BREP('Body5 (1) (1) (1) (1)',#3377);
#114=MANIFOLD_SOLID_BREP('Body6 (1) (1) (1) (1)',#3378);
#115=MANIFOLD_SOLID_BREP('Body7 (2) (1) (1) (1)',#3379);
#116=MANIFOLD_SOLID_BREP('Body8 (1) (1) (1) (1)',#3380);
#117=MANIFOLD_SOLID_BREP('Body45',#3381);
#118=MANIFOLD_SOLID_BREP('Body46',#3382);
#119=MANIFOLD_SOLID_BREP('Body47',#3383);
#120=MANIFOLD_SOLID_BREP('Body4 (1) (1) (1) (1) (1)',#3384);
#121=MANIFOLD_SOLID_BREP('Body5 (1) (1) (1) (1) (1)',#3385);
#122=MANIFOLD_SOLID_BREP('Body6 (1) (1) (1) (1) (1)',#3386);
#123=MANIFOLD_SOLID_BREP('Body7 (2) (1) (1) (1) (1)',#3387);
#124=MANIFOLD_SOLID_BREP('Body8 (1) (1) (1) (1) (1)',#3388);
#125=MANIFOLD_SOLID_BREP('Body53',#3389);
#126=MANIFOLD_SOLID_BREP('Body54',#3390);
#127=MANIFOLD_SOLID_BREP('Body55',#3391);
#128=MANIFOLD_SOLID_BREP('Body4 (1) (1) (1) (1) (1) (1)',#3392);
#129=MANIFOLD_SOLID_BREP('Body5 (1) (1) (1) (1) (1) (1)',#3393);
#130=MANIFOLD_SOLID_BREP('Body6 (1) (1) (1) (1) (1) (1)',#3394);
#131=MANIFOLD_SOLID_BREP('Body7 (2) (1) (1) (1) (1) (1)',#3395);
#132=MANIFOLD_SOLID_BREP('Body8 (1) (1) (1) (1) (1) (1)',#3396);
#133=MANIFOLD_SOLID_BREP('Body61',#3397);
#134=MANIFOLD_SOLID_BREP('Body62',#3398);
#135=MANIFOLD_SOLID_BREP('Body63',#3399);
#136=MANIFOLD_SOLID_BREP('Body4 (1) (1) (1) (1) (1) (1) (1)',#3400);
#137=MANIFOLD_SOLID_BREP('Body5 (1) (1) (1) (1) (1) (1) (1)',#3401);
#138=MANIFOLD_SOLID_BREP('Body6 (1) (1) (1) (1) (1) (1) (1)',#3402);
#139=MANIFOLD_SOLID_BREP('Body7 (2) (1) (1) (1) (1) (1) (1)',#3403);
#140=MANIFOLD_SOLID_BREP('Body8 (1) (1) (1) (1) (1) (1) (1)',#3404);
#141=FACE_BOUND('',#656,.T.);
#142=FACE_BOUND('',#658,.T.);
#143=FACE_BOUND('',#662,.T.);
#144=FACE_BOUND('',#664,.T.);
#145=FACE_BOUND('',#668,.T.);
#146=FACE_BOUND('',#670,.T.);
#147=FACE_BOUND('',#674,.T.);
#148=FACE_BOUND('',#676,.T.);
#149=FACE_BOUND('',#680,.T.);
#150=FACE_BOUND('',#682,.T.);
#151=FACE_BOUND('',#686,.T.);
#152=FACE_BOUND('',#688,.T.);
#153=FACE_BOUND('',#692,.T.);
#154=FACE_BOUND('',#694,.T.);
#155=FACE_BOUND('',#698,.T.);
#156=FACE_BOUND('',#700,.T.);
#157=FACE_BOUND('',#704,.T.);
#158=FACE_BOUND('',#706,.T.);
#159=FACE_BOUND('',#710,.T.);
#160=FACE_BOUND('',#712,.T.);
#161=FACE_BOUND('',#716,.T.);
#162=FACE_BOUND('',#718,.T.);
#163=FACE_BOUND('',#722,.T.);
#164=FACE_BOUND('',#724,.T.);
#165=FACE_BOUND('',#728,.T.);
#166=FACE_BOUND('',#730,.T.);
#167=FACE_BOUND('',#734,.T.);
#168=FACE_BOUND('',#736,.T.);
#169=FACE_BOUND('',#740,.T.);
#170=FACE_BOUND('',#742,.T.);
#171=FACE_BOUND('',#746,.T.);
#172=FACE_BOUND('',#748,.T.);
#173=FACE_BOUND('',#752,.T.);
#174=FACE_BOUND('',#754,.T.);
#175=FACE_BOUND('',#758,.T.);
#176=FACE_BOUND('',#760,.T.);
#177=FACE_BOUND('',#764,.T.);
#178=FACE_BOUND('',#766,.T.);
#179=FACE_BOUND('',#770,.T.);
#180=FACE_BOUND('',#772,.T.);
#181=FACE_BOUND('',#776,.T.);
#182=FACE_BOUND('',#778,.T.);
#183=FACE_BOUND('',#782,.T.);
#184=FACE_BOUND('',#784,.T.);
#185=FACE_BOUND('',#788,.T.);
#186=FACE_BOUND('',#790,.T.);
#187=FACE_BOUND('',#794,.T.);
#188=FACE_BOUND('',#796,.T.);
#189=FACE_BOUND('',#800,.T.);
#190=FACE_BOUND('',#802,.T.);
#191=FACE_BOUND('',#806,.T.);
#192=FACE_BOUND('',#808,.T.);
#193=FACE_BOUND('',#812,.T.);
#194=FACE_BOUND('',#814,.T.);
#195=FACE_BOUND('',#818,.T.);
#196=FACE_BOUND('',#820,.T.);
#197=FACE_BOUND('',#824,.T.);
#198=FACE_BOUND('',#826,.T.);
#199=FACE_BOUND('',#830,.T.);
#200=FACE_BOUND('',#832,.T.);
#201=FACE_BOUND('',#836,.T.);
#202=FACE_BOUND('',#838,.T.);
#203=FACE_BOUND('',#842,.T.);
#204=FACE_BOUND('',#844,.T.);
#205=FACE_BOUND('',#848,.T.);
#206=FACE_BOUND('',#850,.T.);
#207=FACE_BOUND('',#854,.T.);
#208=FACE_BOUND('',#856,.T.);
#209=FACE_BOUND('',#860,.T.);
#210=FACE_BOUND('',#862,.T.);
#211=FACE_BOUND('',#866,.T.);
#212=FACE_BOUND('',#868,.T.);
#213=FACE_BOUND('',#872,.T.);
#214=FACE_BOUND('',#874,.T.);
#215=FACE_BOUND('',#878,.T.);
#216=FACE_BOUND('',#880,.T.);
#217=FACE_BOUND('',#884,.T.);
#218=FACE_BOUND('',#886,.T.);
#219=FACE_BOUND('',#890,.T.);
#220=FACE_BOUND('',#892,.T.);
#221=FACE_BOUND('',#896,.T.);
#222=FACE_BOUND('',#898,.T.);
#223=FACE_BOUND('',#902,.T.);
#224=FACE_BOUND('',#904,.T.);
#225=FACE_BOUND('',#908,.T.);
#226=FACE_BOUND('',#910,.T.);
#227=FACE_BOUND('',#914,.T.);
#228=FACE_BOUND('',#916,.T.);
#229=FACE_BOUND('',#920,.T.);
#230=FACE_BOUND('',#922,.T.);
#231=FACE_BOUND('',#926,.T.);
#232=FACE_BOUND('',#928,.T.);
#233=FACE_BOUND('',#932,.T.);
#234=FACE_BOUND('',#934,.T.);
#235=FACE_BOUND('',#938,.T.);
#236=FACE_BOUND('',#940,.T.);
#237=FACE_BOUND('',#944,.T.);
#238=FACE_BOUND('',#946,.T.);
#239=FACE_BOUND('',#950,.T.);
#240=FACE_BOUND('',#952,.T.);
#241=FACE_BOUND('',#956,.T.);
#242=FACE_BOUND('',#958,.T.);
#243=FACE_BOUND('',#962,.T.);
#244=FACE_BOUND('',#964,.T.);
#245=FACE_BOUND('',#968,.T.);
#246=FACE_BOUND('',#970,.T.);
#247=FACE_BOUND('',#974,.T.);
#248=FACE_BOUND('',#976,.T.);
#249=FACE_BOUND('',#980,.T.);
#250=FACE_BOUND('',#982,.T.);
#251=FACE_BOUND('',#986,.T.);
#252=FACE_BOUND('',#988,.T.);
#253=FACE_BOUND('',#992,.T.);
#254=FACE_BOUND('',#994,.T.);
#255=FACE_BOUND('',#998,.T.);
#256=FACE_BOUND('',#1000,.T.);
#257=FACE_BOUND('',#1004,.T.);
#258=FACE_BOUND('',#1006,.T.);
#259=FACE_BOUND('',#1010,.T.);
#260=FACE_BOUND('',#1012,.T.);
#261=FACE_BOUND('',#1016,.T.);
#262=FACE_BOUND('',#1018,.T.);
#263=FACE_BOUND('',#1022,.T.);
#264=FACE_BOUND('',#1024,.T.);
#265=FACE_BOUND('',#1028,.T.);
#266=FACE_BOUND('',#1030,.T.);
#267=FACE_BOUND('',#1034,.T.);
#268=FACE_BOUND('',#1036,.T.);
#269=PLANE('',#3424);
#270=PLANE('',#3425);
#271=PLANE('',#3432);
#272=PLANE('',#3433);
#273=PLANE('',#3440);
#274=PLANE('',#3441);
#275=PLANE('',#3448);
#276=PLANE('',#3449);
#277=PLANE('',#3456);
#278=PLANE('',#3457);
#279=PLANE('',#3464);
#280=PLANE('',#3465);
#281=PLANE('',#3472);
#282=PLANE('',#3473);
#283=PLANE('',#3480);
#284=PLANE('',#3481);
#285=PLANE('',#3488);
#286=PLANE('',#3489);
#287=PLANE('',#3496);
#288=PLANE('',#3497);
#289=PLANE('',#3504);
#290=PLANE('',#3505);
#291=PLANE('',#3512);
#292=PLANE('',#3513);
#293=PLANE('',#3520);
#294=PLANE('',#3521);
#295=PLANE('',#3528);
#296=PLANE('',#3529);
#297=PLANE('',#3536);
#298=PLANE('',#3537);
#299=PLANE('',#3544);
#300=PLANE('',#3545);
#301=PLANE('',#3552);
#302=PLANE('',#3553);
#303=PLANE('',#3560);
#304=PLANE('',#3561);
#305=PLANE('',#3568);
#306=PLANE('',#3569);
#307=PLANE('',#3576);
#308=PLANE('',#3577);
#309=PLANE('',#3584);
#310=PLANE('',#3585);
#311=PLANE('',#3592);
#312=PLANE('',#3593);
#313=PLANE('',#3600);
#314=PLANE('',#3601);
#315=PLANE('',#3608);
#316=PLANE('',#3609);
#317=PLANE('',#3616);
#318=PLANE('',#3617);
#319=PLANE('',#3624);
#320=PLANE('',#3625);
#321=PLANE('',#3632);
#322=PLANE('',#3633);
#323=PLANE('',#3640);
#324=PLANE('',#3641);
#325=PLANE('',#3648);
#326=PLANE('',#3649);
#327=PLANE('',#3656);
#328=PLANE('',#3657);
#329=PLANE('',#3664);
#330=PLANE('',#3665);
#331=PLANE('',#3672);
#332=PLANE('',#3673);
#333=PLANE('',#3680);
#334=PLANE('',#3681);
#335=PLANE('',#3688);
#336=PLANE('',#3689);
#337=PLANE('',#3696);
#338=PLANE('',#3697);
#339=PLANE('',#3704);
#340=PLANE('',#3705);
#341=PLANE('',#3712);
#342=PLANE('',#3713);
#343=PLANE('',#3720);
#344=PLANE('',#3721);
#345=PLANE('',#3728);
#346=PLANE('',#3729);
#347=PLANE('',#3736);
#348=PLANE('',#3737);
#349=PLANE('',#3744);
#350=PLANE('',#3745);
#351=PLANE('',#3752);
#352=PLANE('',#3753);
#353=PLANE('',#3760);
#354=PLANE('',#3761);
#355=PLANE('',#3768);
#356=PLANE('',#3769);
#357=PLANE('',#3776);
#358=PLANE('',#3777);
#359=PLANE('',#3784);
#360=PLANE('',#3785);
#361=PLANE('',#3792);
#362=PLANE('',#3793);
#363=PLANE('',#3800);
#364=PLANE('',#3801);
#365=PLANE('',#3808);
#366=PLANE('',#3809);
#367=PLANE('',#3816);
#368=PLANE('',#3817);
#369=PLANE('',#3824);
#370=PLANE('',#3825);
#371=PLANE('',#3832);
#372=PLANE('',#3833);
#373=PLANE('',#3840);
#374=PLANE('',#3841);
#375=PLANE('',#3848);
#376=PLANE('',#3849);
#377=PLANE('',#3856);
#378=PLANE('',#3857);
#379=PLANE('',#3864);
#380=PLANE('',#3865);
#381=PLANE('',#3872);
#382=PLANE('',#3873);
#383=PLANE('',#3880);
#384=PLANE('',#3881);
#385=PLANE('',#3888);
#386=PLANE('',#3889);
#387=PLANE('',#3896);
#388=PLANE('',#3897);
#389=PLANE('',#3904);
#390=PLANE('',#3905);
#391=PLANE('',#3912);
#392=PLANE('',#3913);
#393=PLANE('',#3920);
#394=PLANE('',#3921);
#395=PLANE('',#3928);
#396=PLANE('',#3929);
#397=FACE_OUTER_BOUND('',#653,.T.);
#398=FACE_OUTER_BOUND('',#654,.T.);
#399=FACE_OUTER_BOUND('',#655,.T.);
#400=FACE_OUTER_BOUND('',#657,.T.);
#401=FACE_OUTER_BOUND('',#659,.T.);
#402=FACE_OUTER_BOUND('',#660,.T.);
#403=FACE_OUTER_BOUND('',#661,.T.);
#404=FACE_OUTER_BOUND('',#663,.T.);
#405=FACE_OUTER_BOUND('',#665,.T.);
#406=FACE_OUTER_BOUND('',#666,.T.);
#407=FACE_OUTER_BOUND('',#667,.T.);
#408=FACE_OUTER_BOUND('',#669,.T.);
#409=FACE_OUTER_BOUND('',#671,.T.);
#410=FACE_OUTER_BOUND('',#672,.T.);
#411=FACE_OUTER_BOUND('',#673,.T.);
#412=FACE_OUTER_BOUND('',#675,.T.);
#413=FACE_OUTER_BOUND('',#677,.T.);
#414=FACE_OUTER_BOUND('',#678,.T.);
#415=FACE_OUTER_BOUND('',#679,.T.);
#416=FACE_OUTER_BOUND('',#681,.T.);
#417=FACE_OUTER_BOUND('',#683,.T.);
#418=FACE_OUTER_BOUND('',#684,.T.);
#419=FACE_OUTER_BOUND('',#685,.T.);
#420=FACE_OUTER_BOUND('',#687,.T.);
#421=FACE_OUTER_BOUND('',#689,.T.);
#422=FACE_OUTER_BOUND('',#690,.T.);
#423=FACE_OUTER_BOUND('',#691,.T.);
#424=FACE_OUTER_BOUND('',#693,.T.);
#425=FACE_OUTER_BOUND('',#695,.T.);
#426=FACE_OUTER_BOUND('',#696,.T.);
#427=FACE_OUTER_BOUND('',#697,.T.);
#428=FACE_OUTER_BOUND('',#699,.T.);
#429=FACE_OUTER_BOUND('',#701,.T.);
#430=FACE_OUTER_BOUND('',#702,.T.);
#431=FACE_OUTER_BOUND('',#703,.T.);
#432=FACE_OUTER_BOUND('',#705,.T.);
#433=FACE_OUTER_BOUND('',#707,.T.);
#434=FACE_OUTER_BOUND('',#708,.T.);
#435=FACE_OUTER_BOUND('',#709,.T.);
#436=FACE_OUTER_BOUND('',#711,.T.);
#437=FACE_OUTER_BOUND('',#713,.T.);
#438=FACE_OUTER_BOUND('',#714,.T.);
#439=FACE_OUTER_BOUND('',#715,.T.);
#440=FACE_OUTER_BOUND('',#717,.T.);
#441=FACE_OUTER_BOUND('',#719,.T.);
#442=FACE_OUTER_BOUND('',#720,.T.);
#443=FACE_OUTER_BOUND('',#721,.T.);
#444=FACE_OUTER_BOUND('',#723,.T.);
#445=FACE_OUTER_BOUND('',#725,.T.);
#446=FACE_OUTER_BOUND('',#726,.T.);
#447=FACE_OUTER_BOUND('',#727,.T.);
#448=FACE_OUTER_BOUND('',#729,.T.);
#449=FACE_OUTER_BOUND('',#731,.T.);
#450=FACE_OUTER_BOUND('',#732,.T.);
#451=FACE_OUTER_BOUND('',#733,.T.);
#452=FACE_OUTER_BOUND('',#735,.T.);
#453=FACE_OUTER_BOUND('',#737,.T.);
#454=FACE_OUTER_BOUND('',#738,.T.);
#455=FACE_OUTER_BOUND('',#739,.T.);
#456=FACE_OUTER_BOUND('',#741,.T.);
#457=FACE_OUTER_BOUND('',#743,.T.);
#458=FACE_OUTER_BOUND('',#744,.T.);
#459=FACE_OUTER_BOUND('',#745,.T.);
#460=FACE_OUTER_BOUND('',#747,.T.);
#461=FACE_OUTER_BOUND('',#749,.T.);
#462=FACE_OUTER_BOUND('',#750,.T.);
#463=FACE_OUTER_BOUND('',#751,.T.);
#464=FACE_OUTER_BOUND('',#753,.T.);
#465=FACE_OUTER_BOUND('',#755,.T.);
#466=FACE_OUTER_BOUND('',#756,.T.);
#467=FACE_OUTER_BOUND('',#757,.T.);
#468=FACE_OUTER_BOUND('',#759,.T.);
#469=FACE_OUTER_BOUND('',#761,.T.);
#470=FACE_OUTER_BOUND('',#762,.T.);
#471=FACE_OUTER_BOUND('',#763,.T.);
#472=FACE_OUTER_BOUND('',#765,.T.);
#473=FACE_OUTER_BOUND('',#767,.T.);
#474=FACE_OUTER_BOUND('',#768,.T.);
#475=FACE_OUTER_BOUND('',#769,.T.);
#476=FACE_OUTER_BOUND('',#771,.T.);
#477=FACE_OUTER_BOUND('',#773,.T.);
#478=FACE_OUTER_BOUND('',#774,.T.);
#479=FACE_OUTER_BOUND('',#775,.T.);
#480=FACE_OUTER_BOUND('',#777,.T.);
#481=FACE_OUTER_BOUND('',#779,.T.);
#482=FACE_OUTER_BOUND('',#780,.T.);
#483=FACE_OUTER_BOUND('',#781,.T.);
#484=FACE_OUTER_BOUND('',#783,.T.);
#485=FACE_OUTER_BOUND('',#785,.T.);
#486=FACE_OUTER_BOUND('',#786,.T.);
#487=FACE_OUTER_BOUND('',#787,.T.);
#488=FACE_OUTER_BOUND('',#789,.T.);
#489=FACE_OUTER_BOUND('',#791,.T.);
#490=FACE_OUTER_BOUND('',#792,.T.);
#491=FACE_OUTER_BOUND('',#793,.T.);
#492=FACE_OUTER_BOUND('',#795,.T.);
#493=FACE_OUTER_BOUND('',#797,.T.);
#494=FACE_OUTER_BOUND('',#798,.T.);
#495=FACE_OUTER_BOUND('',#799,.T.);
#496=FACE_OUTER_BOUND('',#801,.T.);
#497=FACE_OUTER_BOUND('',#803,.T.);
#498=FACE_OUTER_BOUND('',#804,.T.);
#499=FACE_OUTER_BOUND('',#805,.T.);
#500=FACE_OUTER_BOUND('',#807,.T.);
#501=FACE_OUTER_BOUND('',#809,.T.);
#502=FACE_OUTER_BOUND('',#810,.T.);
#503=FACE_OUTER_BOUND('',#811,.T.);
#504=FACE_OUTER_BOUND('',#813,.T.);
#505=FACE_OUTER_BOUND('',#815,.T.);
#506=FACE_OUTER_BOUND('',#816,.T.);
#507=FACE_OUTER_BOUND('',#817,.T.);
#508=FACE_OUTER_BOUND('',#819,.T.);
#509=FACE_OUTER_BOUND('',#821,.T.);
#510=FACE_OUTER_BOUND('',#822,.T.);
#511=FACE_OUTER_BOUND('',#823,.T.);
#512=FACE_OUTER_BOUND('',#825,.T.);
#513=FACE_OUTER_BOUND('',#827,.T.);
#514=FACE_OUTER_BOUND('',#828,.T.);
#515=FACE_OUTER_BOUND('',#829,.T.);
#516=FACE_OUTER_BOUND('',#831,.T.);
#517=FACE_OUTER_BOUND('',#833,.T.);
#518=FACE_OUTER_BOUND('',#834,.T.);
#519=FACE_OUTER_BOUND('',#835,.T.);
#520=FACE_OUTER_BOUND('',#837,.T.);
#521=FACE_OUTER_BOUND('',#839,.T.);
#522=FACE_OUTER_BOUND('',#840,.T.);
#523=FACE_OUTER_BOUND('',#841,.T.);
#524=FACE_OUTER_BOUND('',#843,.T.);
#525=FACE_OUTER_BOUND('',#845,.T.);
#526=FACE_OUTER_BOUND('',#846,.T.);
#527=FACE_OUTER_BOUND('',#847,.T.);
#528=FACE_OUTER_BOUND('',#849,.T.);
#529=FACE_OUTER_BOUND('',#851,.T.);
#530=FACE_OUTER_BOUND('',#852,.T.);
#531=FACE_OUTER_BOUND('',#853,.T.);
#532=FACE_OUTER_BOUND('',#855,.T.);
#533=FACE_OUTER_BOUND('',#857,.T.);
#534=FACE_OUTER_BOUND('',#858,.T.);
#535=FACE_OUTER_BOUND('',#859,.T.);
#536=FACE_OUTER_BOUND('',#861,.T.);
#537=FACE_OUTER_BOUND('',#863,.T.);
#538=FACE_OUTER_BOUND('',#864,.T.);
#539=FACE_OUTER_BOUND('',#865,.T.);
#540=FACE_OUTER_BOUND('',#867,.T.);
#541=FACE_OUTER_BOUND('',#869,.T.);
#542=FACE_OUTER_BOUND('',#870,.T.);
#543=FACE_OUTER_BOUND('',#871,.T.);
#544=FACE_OUTER_BOUND('',#873,.T.);
#545=FACE_OUTER_BOUND('',#875,.T.);
#546=FACE_OUTER_BOUND('',#876,.T.);
#547=FACE_OUTER_BOUND('',#877,.T.);
#548=FACE_OUTER_BOUND('',#879,.T.);
#549=FACE_OUTER_BOUND('',#881,.T.);
#550=FACE_OUTER_BOUND('',#882,.T.);
#551=FACE_OUTER_BOUND('',#883,.T.);
#552=FACE_OUTER_BOUND('',#885,.T.);
#553=FACE_OUTER_BOUND('',#887,.T.);
#554=FACE_OUTER_BOUND('',#888,.T.);
#555=FACE_OUTER_BOUND('',#889,.T.);
#556=FACE_OUTER_BOUND('',#891,.T.);
#557=FACE_OUTER_BOUND('',#893,.T.);
#558=FACE_OUTER_BOUND('',#894,.T.);
#559=FACE_OUTER_BOUND('',#895,.T.);
#560=FACE_OUTER_BOUND('',#897,.T.);
#561=FACE_OUTER_BOUND('',#899,.T.);
#562=FACE_OUTER_BOUND('',#900,.T.);
#563=FACE_OUTER_BOUND('',#901,.T.);
#564=FACE_OUTER_BOUND('',#903,.T.);
#565=FACE_OUTER_BOUND('',#905,.T.);
#566=FACE_OUTER_BOUND('',#906,.T.);
#567=FACE_OUTER_BOUND('',#907,.T.);
#568=FACE_OUTER_BOUND('',#909,.T.);
#569=FACE_OUTER_BOUND('',#911,.T.);
#570=FACE_OUTER_BOUND('',#912,.T.);
#571=FACE_OUTER_BOUND('',#913,.T.);
#572=FACE_OUTER_BOUND('',#915,.T.);
#573=FACE_OUTER_BOUND('',#917,.T.);
#574=FACE_OUTER_BOUND('',#918,.T.);
#575=FACE_OUTER_BOUND('',#919,.T.);
#576=FACE_OUTER_BOUND('',#921,.T.);
#577=FACE_OUTER_BOUND('',#923,.T.);
#578=FACE_OUTER_BOUND('',#924,.T.);
#579=FACE_OUTER_BOUND('',#925,.T.);
#580=FACE_OUTER_BOUND('',#927,.T.);
#581=FACE_OUTER_BOUND('',#929,.T.);
#582=FACE_OUTER_BOUND('',#930,.T.);
#583=FACE_OUTER_BOUND('',#931,.T.);
#584=FACE_OUTER_BOUND('',#933,.T.);
#585=FACE_OUTER_BOUND('',#935,.T.);
#586=FACE_OUTER_BOUND('',#936,.T.);
#587=FACE_OUTER_BOUND('',#937,.T.);
#588=FACE_OUTER_BOUND('',#939,.T.);
#589=FACE_OUTER_BOUND('',#941,.T.);
#590=FACE_OUTER_BOUND('',#942,.T.);
#591=FACE_OUTER_BOUND('',#943,.T.);
#592=FACE_OUTER_BOUND('',#945,.T.);
#593=FACE_OUTER_BOUND('',#947,.T.);
#594=FACE_OUTER_BOUND('',#948,.T.);
#595=FACE_OUTER_BOUND('',#949,.T.);
#596=FACE_OUTER_BOUND('',#951,.T.);
#597=FACE_OUTER_BOUND('',#953,.T.);
#598=FACE_OUTER_BOUND('',#954,.T.);
#599=FACE_OUTER_BOUND('',#955,.T.);
#600=FACE_OUTER_BOUND('',#957,.T.);
#601=FACE_OUTER_BOUND('',#959,.T.);
#602=FACE_OUTER_BOUND('',#960,.T.);
#603=FACE_OUTER_BOUND('',#961,.T.);
#604=FACE_OUTER_BOUND('',#963,.T.);
#605=FACE_OUTER_BOUND('',#965,.T.);
#606=FACE_OUTER_BOUND('',#966,.T.);
#607=FACE_OUTER_BOUND('',#967,.T.);
#608=FACE_OUTER_BOUND('',#969,.T.);
#609=FACE_OUTER_BOUND('',#971,.T.);
#610=FACE_OUTER_BOUND('',#972,.T.);
#611=FACE_OUTER_BOUND('',#973,.T.);
#612=FACE_OUTER_BOUND('',#975,.T.);
#613=FACE_OUTER_BOUND('',#977,.T.);
#614=FACE_OUTER_BOUND('',#978,.T.);
#615=FACE_OUTER_BOUND('',#979,.T.);
#616=FACE_OUTER_BOUND('',#981,.T.);
#617=FACE_OUTER_BOUND('',#983,.T.);
#618=FACE_OUTER_BOUND('',#984,.T.);
#619=FACE_OUTER_BOUND('',#985,.T.);
#620=FACE_OUTER_BOUND('',#987,.T.);
#621=FACE_OUTER_BOUND('',#989,.T.);
#622=FACE_OUTER_BOUND('',#990,.T.);
#623=FACE_OUTER_BOUND('',#991,.T.);
#624=FACE_OUTER_BOUND('',#993,.T.);
#625=FACE_OUTER_BOUND('',#995,.T.);
#626=FACE_OUTER_BOUND('',#996,.T.);
#627=FACE_OUTER_BOUND('',#997,.T.);
#628=FACE_OUTER_BOUND('',#999,.T.);
#629=FACE_OUTER_BOUND('',#1001,.T.);
#630=FACE_OUTER_BOUND('',#1002,.T.);
#631=FACE_OUTER_BOUND('',#1003,.T.);
#632=FACE_OUTER_BOUND('',#1005,.T.);
#633=FACE_OUTER_BOUND('',#1007,.T.);
#634=FACE_OUTER_BOUND('',#1008,.T.);
#635=FACE_OUTER_BOUND('',#1009,.T.);
#636=FACE_OUTER_BOUND('',#1011,.T.);
#637=FACE_OUTER_BOUND('',#1013,.T.);
#638=FACE_OUTER_BOUND('',#1014,.T.);
#639=FACE_OUTER_BOUND('',#1015,.T.);
#640=FACE_OUTER_BOUND('',#1017,.T.);
#641=FACE_OUTER_BOUND('',#1019,.T.);
#642=FACE_OUTER_BOUND('',#1020,.T.);
#643=FACE_OUTER_BOUND('',#1021,.T.);
#644=FACE_OUTER_BOUND('',#1023,.T.);
#645=FACE_OUTER_BOUND('',#1025,.T.);
#646=FACE_OUTER_BOUND('',#1026,.T.);
#647=FACE_OUTER_BOUND('',#1027,.T.);
#648=FACE_OUTER_BOUND('',#1029,.T.);
#649=FACE_OUTER_BOUND('',#1031,.T.);
#650=FACE_OUTER_BOUND('',#1032,.T.);
#651=FACE_OUTER_BOUND('',#1033,.T.);
#652=FACE_OUTER_BOUND('',#1035,.T.);
#653=EDGE_LOOP('',(#2189,#2190,#2191,#2192));
#654=EDGE_LOOP('',(#2193,#2194,#2195,#2196));
#655=EDGE_LOOP('',(#2197));
#656=EDGE_LOOP('',(#2198));
#657=EDGE_LOOP('',(#2199));
#658=EDGE_LOOP('',(#2200));
#659=EDGE_LOOP('',(#2201,#2202,#2203,#2204));
#660=EDGE_LOOP('',(#2205,#2206,#2207,#2208));
#661=EDGE_LOOP('',(#2209));
#662=EDGE_LOOP('',(#2210));
#663=EDGE_LOOP('',(#2211));
#664=EDGE_LOOP('',(#2212));
#665=EDGE_LOOP('',(#2213,#2214,#2215,#2216));
#666=EDGE_LOOP('',(#2217,#2218,#2219,#2220));
#667=EDGE_LOOP('',(#2221));
#668=EDGE_LOOP('',(#2222));
#669=EDGE_LOOP('',(#2223));
#670=EDGE_LOOP('',(#2224));
#671=EDGE_LOOP('',(#2225,#2226,#2227,#2228));
#672=EDGE_LOOP('',(#2229,#2230,#2231,#2232));
#673=EDGE_LOOP('',(#2233));
#674=EDGE_LOOP('',(#2234));
#675=EDGE_LOOP('',(#2235));
#676=EDGE_LOOP('',(#2236));
#677=EDGE_LOOP('',(#2237,#2238,#2239,#2240));
#678=EDGE_LOOP('',(#2241,#2242,#2243,#2244));
#679=EDGE_LOOP('',(#2245));
#680=EDGE_LOOP('',(#2246));
#681=EDGE_LOOP('',(#2247));
#682=EDGE_LOOP('',(#2248));
#683=EDGE_LOOP('',(#2249,#2250,#2251,#2252));
#684=EDGE_LOOP('',(#2253,#2254,#2255,#2256));
#685=EDGE_LOOP('',(#2257));
#686=EDGE_LOOP('',(#2258));
#687=EDGE_LOOP('',(#2259));
#688=EDGE_LOOP('',(#2260));
#689=EDGE_LOOP('',(#2261,#2262,#2263,#2264));
#690=EDGE_LOOP('',(#2265,#2266,#2267,#2268));
#691=EDGE_LOOP('',(#2269));
#692=EDGE_LOOP('',(#2270));
#693=EDGE_LOOP('',(#2271));
#694=EDGE_LOOP('',(#2272));
#695=EDGE_LOOP('',(#2273,#2274,#2275,#2276));
#696=EDGE_LOOP('',(#2277,#2278,#2279,#2280));
#697=EDGE_LOOP('',(#2281));
#698=EDGE_LOOP('',(#2282));
#699=EDGE_LOOP('',(#2283));
#700=EDGE_LOOP('',(#2284));
#701=EDGE_LOOP('',(#2285,#2286,#2287,#2288));
#702=EDGE_LOOP('',(#2289,#2290,#2291,#2292));
#703=EDGE_LOOP('',(#2293));
#704=EDGE_LOOP('',(#2294));
#705=EDGE_LOOP('',(#2295));
#706=EDGE_LOOP('',(#2296));
#707=EDGE_LOOP('',(#2297,#2298,#2299,#2300));
#708=EDGE_LOOP('',(#2301,#2302,#2303,#2304));
#709=EDGE_LOOP('',(#2305));
#710=EDGE_LOOP('',(#2306));
#711=EDGE_LOOP('',(#2307));
#712=EDGE_LOOP('',(#2308));
#713=EDGE_LOOP('',(#2309,#2310,#2311,#2312));
#714=EDGE_LOOP('',(#2313,#2314,#2315,#2316));
#715=EDGE_LOOP('',(#2317));
#716=EDGE_LOOP('',(#2318));
#717=EDGE_LOOP('',(#2319));
#718=EDGE_LOOP('',(#2320));
#719=EDGE_LOOP('',(#2321,#2322,#2323,#2324));
#720=EDGE_LOOP('',(#2325,#2326,#2327,#2328));
#721=EDGE_LOOP('',(#2329));
#722=EDGE_LOOP('',(#2330));
#723=EDGE_LOOP('',(#2331));
#724=EDGE_LOOP('',(#2332));
#725=EDGE_LOOP('',(#2333,#2334,#2335,#2336));
#726=EDGE_LOOP('',(#2337,#2338,#2339,#2340));
#727=EDGE_LOOP('',(#2341));
#728=EDGE_LOOP('',(#2342));
#729=EDGE_LOOP('',(#2343));
#730=EDGE_LOOP('',(#2344));
#731=EDGE_LOOP('',(#2345,#2346,#2347,#2348));
#732=EDGE_LOOP('',(#2349,#2350,#2351,#2352));
#733=EDGE_LOOP('',(#2353));
#734=EDGE_LOOP('',(#2354));
#735=EDGE_LOOP('',(#2355));
#736=EDGE_LOOP('',(#2356));
#737=EDGE_LOOP('',(#2357,#2358,#2359,#2360));
#738=EDGE_LOOP('',(#2361,#2362,#2363,#2364));
#739=EDGE_LOOP('',(#2365));
#740=EDGE_LOOP('',(#2366));
#741=EDGE_LOOP('',(#2367));
#742=EDGE_LOOP('',(#2368));
#743=EDGE_LOOP('',(#2369,#2370,#2371,#2372));
#744=EDGE_LOOP('',(#2373,#2374,#2375,#2376));
#745=EDGE_LOOP('',(#2377));
#746=EDGE_LOOP('',(#2378));
#747=EDGE_LOOP('',(#2379));
#748=EDGE_LOOP('',(#2380));
#749=EDGE_LOOP('',(#2381,#2382,#2383,#2384));
#750=EDGE_LOOP('',(#2385,#2386,#2387,#2388));
#751=EDGE_LOOP('',(#2389));
#752=EDGE_LOOP('',(#2390));
#753=EDGE_LOOP('',(#2391));
#754=EDGE_LOOP('',(#2392));
#755=EDGE_LOOP('',(#2393,#2394,#2395,#2396));
#756=EDGE_LOOP('',(#2397,#2398,#2399,#2400));
#757=EDGE_LOOP('',(#2401));
#758=EDGE_LOOP('',(#2402));
#759=EDGE_LOOP('',(#2403));
#760=EDGE_LOOP('',(#2404));
#761=EDGE_LOOP('',(#2405,#2406,#2407,#2408));
#762=EDGE_LOOP('',(#2409,#2410,#2411,#2412));
#763=EDGE_LOOP('',(#2413));
#764=EDGE_LOOP('',(#2414));
#765=EDGE_LOOP('',(#2415));
#766=EDGE_LOOP('',(#2416));
#767=EDGE_LOOP('',(#2417,#2418,#2419,#2420));
#768=EDGE_LOOP('',(#2421,#2422,#2423,#2424));
#769=EDGE_LOOP('',(#2425));
#770=EDGE_LOOP('',(#2426));
#771=EDGE_LOOP('',(#2427));
#772=EDGE_LOOP('',(#2428));
#773=EDGE_LOOP('',(#2429,#2430,#2431,#2432));
#774=EDGE_LOOP('',(#2433,#2434,#2435,#2436));
#775=EDGE_LOOP('',(#2437));
#776=EDGE_LOOP('',(#2438));
#777=EDGE_LOOP('',(#2439));
#778=EDGE_LOOP('',(#2440));
#779=EDGE_LOOP('',(#2441,#2442,#2443,#2444));
#780=EDGE_LOOP('',(#2445,#2446,#2447,#2448));
#781=EDGE_LOOP('',(#2449));
#782=EDGE_LOOP('',(#2450));
#783=EDGE_LOOP('',(#2451));
#784=EDGE_LOOP('',(#2452));
#785=EDGE_LOOP('',(#2453,#2454,#2455,#2456));
#786=EDGE_LOOP('',(#2457,#2458,#2459,#2460));
#787=EDGE_LOOP('',(#2461));
#788=EDGE_LOOP('',(#2462));
#789=EDGE_LOOP('',(#2463));
#790=EDGE_LOOP('',(#2464));
#791=EDGE_LOOP('',(#2465,#2466,#2467,#2468));
#792=EDGE_LOOP('',(#2469,#2470,#2471,#2472));
#793=EDGE_LOOP('',(#2473));
#794=EDGE_LOOP('',(#2474));
#795=EDGE_LOOP('',(#2475));
#796=EDGE_LOOP('',(#2476));
#797=EDGE_LOOP('',(#2477,#2478,#2479,#2480));
#798=EDGE_LOOP('',(#2481,#2482,#2483,#2484));
#799=EDGE_LOOP('',(#2485));
#800=EDGE_LOOP('',(#2486));
#801=EDGE_LOOP('',(#2487));
#802=EDGE_LOOP('',(#2488));
#803=EDGE_LOOP('',(#2489,#2490,#2491,#2492));
#804=EDGE_LOOP('',(#2493,#2494,#2495,#2496));
#805=EDGE_LOOP('',(#2497));
#806=EDGE_LOOP('',(#2498));
#807=EDGE_LOOP('',(#2499));
#808=EDGE_LOOP('',(#2500));
#809=EDGE_LOOP('',(#2501,#2502,#2503,#2504));
#810=EDGE_LOOP('',(#2505,#2506,#2507,#2508));
#811=EDGE_LOOP('',(#2509));
#812=EDGE_LOOP('',(#2510));
#813=EDGE_LOOP('',(#2511));
#814=EDGE_LOOP('',(#2512));
#815=EDGE_LOOP('',(#2513,#2514,#2515,#2516));
#816=EDGE_LOOP('',(#2517,#2518,#2519,#2520));
#817=EDGE_LOOP('',(#2521));
#818=EDGE_LOOP('',(#2522));
#819=EDGE_LOOP('',(#2523));
#820=EDGE_LOOP('',(#2524));
#821=EDGE_LOOP('',(#2525,#2526,#2527,#2528));
#822=EDGE_LOOP('',(#2529,#2530,#2531,#2532));
#823=EDGE_LOOP('',(#2533));
#824=EDGE_LOOP('',(#2534));
#825=EDGE_LOOP('',(#2535));
#826=EDGE_LOOP('',(#2536));
#827=EDGE_LOOP('',(#2537,#2538,#2539,#2540));
#828=EDGE_LOOP('',(#2541,#2542,#2543,#2544));
#829=EDGE_LOOP('',(#2545));
#830=EDGE_LOOP('',(#2546));
#831=EDGE_LOOP('',(#2547));
#832=EDGE_LOOP('',(#2548));
#833=EDGE_LOOP('',(#2549,#2550,#2551,#2552));
#834=EDGE_LOOP('',(#2553,#2554,#2555,#2556));
#835=EDGE_LOOP('',(#2557));
#836=EDGE_LOOP('',(#2558));
#837=EDGE_LOOP('',(#2559));
#838=EDGE_LOOP('',(#2560));
#839=EDGE_LOOP('',(#2561,#2562,#2563,#2564));
#840=EDGE_LOOP('',(#2565,#2566,#2567,#2568));
#841=EDGE_LOOP('',(#2569));
#842=EDGE_LOOP('',(#2570));
#843=EDGE_LOOP('',(#2571));
#844=EDGE_LOOP('',(#2572));
#845=EDGE_LOOP('',(#2573,#2574,#2575,#2576));
#846=EDGE_LOOP('',(#2577,#2578,#2579,#2580));
#847=EDGE_LOOP('',(#2581));
#848=EDGE_LOOP('',(#2582));
#849=EDGE_LOOP('',(#2583));
#850=EDGE_LOOP('',(#2584));
#851=EDGE_LOOP('',(#2585,#2586,#2587,#2588));
#852=EDGE_LOOP('',(#2589,#2590,#2591,#2592));
#853=EDGE_LOOP('',(#2593));
#854=EDGE_LOOP('',(#2594));
#855=EDGE_LOOP('',(#2595));
#856=EDGE_LOOP('',(#2596));
#857=EDGE_LOOP('',(#2597,#2598,#2599,#2600));
#858=EDGE_LOOP('',(#2601,#2602,#2603,#2604));
#859=EDGE_LOOP('',(#2605));
#860=EDGE_LOOP('',(#2606));
#861=EDGE_LOOP('',(#2607));
#862=EDGE_LOOP('',(#2608));
#863=EDGE_LOOP('',(#2609,#2610,#2611,#2612));
#864=EDGE_LOOP('',(#2613,#2614,#2615,#2616));
#865=EDGE_LOOP('',(#2617));
#866=EDGE_LOOP('',(#2618));
#867=EDGE_LOOP('',(#2619));
#868=EDGE_LOOP('',(#2620));
#869=EDGE_LOOP('',(#2621,#2622,#2623,#2624));
#870=EDGE_LOOP('',(#2625,#2626,#2627,#2628));
#871=EDGE_LOOP('',(#2629));
#872=EDGE_LOOP('',(#2630));
#873=EDGE_LOOP('',(#2631));
#874=EDGE_LOOP('',(#2632));
#875=EDGE_LOOP('',(#2633,#2634,#2635,#2636));
#876=EDGE_LOOP('',(#2637,#2638,#2639,#2640));
#877=EDGE_LOOP('',(#2641));
#878=EDGE_LOOP('',(#2642));
#879=EDGE_LOOP('',(#2643));
#880=EDGE_LOOP('',(#2644));
#881=EDGE_LOOP('',(#2645,#2646,#2647,#2648));
#882=EDGE_LOOP('',(#2649,#2650,#2651,#2652));
#883=EDGE_LOOP('',(#2653));
#884=EDGE_LOOP('',(#2654));
#885=EDGE_LOOP('',(#2655));
#886=EDGE_LOOP('',(#2656));
#887=EDGE_LOOP('',(#2657,#2658,#2659,#2660));
#888=EDGE_LOOP('',(#2661,#2662,#2663,#2664));
#889=EDGE_LOOP('',(#2665));
#890=EDGE_LOOP('',(#2666));
#891=EDGE_LOOP('',(#2667));
#892=EDGE_LOOP('',(#2668));
#893=EDGE_LOOP('',(#2669,#2670,#2671,#2672));
#894=EDGE_LOOP('',(#2673,#2674,#2675,#2676));
#895=EDGE_LOOP('',(#2677));
#896=EDGE_LOOP('',(#2678));
#897=EDGE_LOOP('',(#2679));
#898=EDGE_LOOP('',(#2680));
#899=EDGE_LOOP('',(#2681,#2682,#2683,#2684));
#900=EDGE_LOOP('',(#2685,#2686,#2687,#2688));
#901=EDGE_LOOP('',(#2689));
#902=EDGE_LOOP('',(#2690));
#903=EDGE_LOOP('',(#2691));
#904=EDGE_LOOP('',(#2692));
#905=EDGE_LOOP('',(#2693,#2694,#2695,#2696));
#906=EDGE_LOOP('',(#2697,#2698,#2699,#2700));
#907=EDGE_LOOP('',(#2701));
#908=EDGE_LOOP('',(#2702));
#909=EDGE_LOOP('',(#2703));
#910=EDGE_LOOP('',(#2704));
#911=EDGE_LOOP('',(#2705,#2706,#2707,#2708));
#912=EDGE_LOOP('',(#2709,#2710,#2711,#2712));
#913=EDGE_LOOP('',(#2713));
#914=EDGE_LOOP('',(#2714));
#915=EDGE_LOOP('',(#2715));
#916=EDGE_LOOP('',(#2716));
#917=EDGE_LOOP('',(#2717,#2718,#2719,#2720));
#918=EDGE_LOOP('',(#2721,#2722,#2723,#2724));
#919=EDGE_LOOP('',(#2725));
#920=EDGE_LOOP('',(#2726));
#921=EDGE_LOOP('',(#2727));
#922=EDGE_LOOP('',(#2728));
#923=EDGE_LOOP('',(#2729,#2730,#2731,#2732));
#924=EDGE_LOOP('',(#2733,#2734,#2735,#2736));
#925=EDGE_LOOP('',(#2737));
#926=EDGE_LOOP('',(#2738));
#927=EDGE_LOOP('',(#2739));
#928=EDGE_LOOP('',(#2740));
#929=EDGE_LOOP('',(#2741,#2742,#2743,#2744));
#930=EDGE_LOOP('',(#2745,#2746,#2747,#2748));
#931=EDGE_LOOP('',(#2749));
#932=EDGE_LOOP('',(#2750));
#933=EDGE_LOOP('',(#2751));
#934=EDGE_LOOP('',(#2752));
#935=EDGE_LOOP('',(#2753,#2754,#2755,#2756));
#936=EDGE_LOOP('',(#2757,#2758,#2759,#2760));
#937=EDGE_LOOP('',(#2761));
#938=EDGE_LOOP('',(#2762));
#939=EDGE_LOOP('',(#2763));
#940=EDGE_LOOP('',(#2764));
#941=EDGE_LOOP('',(#2765,#2766,#2767,#2768));
#942=EDGE_LOOP('',(#2769,#2770,#2771,#2772));
#943=EDGE_LOOP('',(#2773));
#944=EDGE_LOOP('',(#2774));
#945=EDGE_LOOP('',(#2775));
#946=EDGE_LOOP('',(#2776));
#947=EDGE_LOOP('',(#2777,#2778,#2779,#2780));
#948=EDGE_LOOP('',(#2781,#2782,#2783,#2784));
#949=EDGE_LOOP('',(#2785));
#950=EDGE_LOOP('',(#2786));
#951=EDGE_LOOP('',(#2787));
#952=EDGE_LOOP('',(#2788));
#953=EDGE_LOOP('',(#2789,#2790,#2791,#2792));
#954=EDGE_LOOP('',(#2793,#2794,#2795,#2796));
#955=EDGE_LOOP('',(#2797));
#956=EDGE_LOOP('',(#2798));
#957=EDGE_LOOP('',(#2799));
#958=EDGE_LOOP('',(#2800));
#959=EDGE_LOOP('',(#2801,#2802,#2803,#2804));
#960=EDGE_LOOP('',(#2805,#2806,#2807,#2808));
#961=EDGE_LOOP('',(#2809));
#962=EDGE_LOOP('',(#2810));
#963=EDGE_LOOP('',(#2811));
#964=EDGE_LOOP('',(#2812));
#965=EDGE_LOOP('',(#2813,#2814,#2815,#2816));
#966=EDGE_LOOP('',(#2817,#2818,#2819,#2820));
#967=EDGE_LOOP('',(#2821));
#968=EDGE_LOOP('',(#2822));
#969=EDGE_LOOP('',(#2823));
#970=EDGE_LOOP('',(#2824));
#971=EDGE_LOOP('',(#2825,#2826,#2827,#2828));
#972=EDGE_LOOP('',(#2829,#2830,#2831,#2832));
#973=EDGE_LOOP('',(#2833));
#974=EDGE_LOOP('',(#2834));
#975=EDGE_LOOP('',(#2835));
#976=EDGE_LOOP('',(#2836));
#977=EDGE_LOOP('',(#2837,#2838,#2839,#2840));
#978=EDGE_LOOP('',(#2841,#2842,#2843,#2844));
#979=EDGE_LOOP('',(#2845));
#980=EDGE_LOOP('',(#2846));
#981=EDGE_LOOP('',(#2847));
#982=EDGE_LOOP('',(#2848));
#983=EDGE_LOOP('',(#2849,#2850,#2851,#2852));
#984=EDGE_LOOP('',(#2853,#2854,#2855,#2856));
#985=EDGE_LOOP('',(#2857));
#986=EDGE_LOOP('',(#2858));
#987=EDGE_LOOP('',(#2859));
#988=EDGE_LOOP('',(#2860));
#989=EDGE_LOOP('',(#2861,#2862,#2863,#2864));
#990=EDGE_LOOP('',(#2865,#2866,#2867,#2868));
#991=EDGE_LOOP('',(#2869));
#992=EDGE_LOOP('',(#2870));
#993=EDGE_LOOP('',(#2871));
#994=EDGE_LOOP('',(#2872));
#995=EDGE_LOOP('',(#2873,#2874,#2875,#2876));
#996=EDGE_LOOP('',(#2877,#2878,#2879,#2880));
#997=EDGE_LOOP('',(#2881));
#998=EDGE_LOOP('',(#2882));
#999=EDGE_LOOP('',(#2883));
#1000=EDGE_LOOP('',(#2884));
#1001=EDGE_LOOP('',(#2885,#2886,#2887,#2888));
#1002=EDGE_LOOP('',(#2889,#2890,#2891,#2892));
#1003=EDGE_LOOP('',(#2893));
#1004=EDGE_LOOP('',(#2894));
#1005=EDGE_LOOP('',(#2895));
#1006=EDGE_LOOP('',(#2896));
#1007=EDGE_LOOP('',(#2897,#2898,#2899,#2900));
#1008=EDGE_LOOP('',(#2901,#2902,#2903,#2904));
#1009=EDGE_LOOP('',(#2905));
#1010=EDGE_LOOP('',(#2906));
#1011=EDGE_LOOP('',(#2907));
#1012=EDGE_LOOP('',(#2908));
#1013=EDGE_LOOP('',(#2909,#2910,#2911,#2912));
#1014=EDGE_LOOP('',(#2913,#2914,#2915,#2916));
#1015=EDGE_LOOP('',(#2917));
#1016=EDGE_LOOP('',(#2918));
#1017=EDGE_LOOP('',(#2919));
#1018=EDGE_LOOP('',(#2920));
#1019=EDGE_LOOP('',(#2921,#2922,#2923,#2924));
#1020=EDGE_LOOP('',(#2925,#2926,#2927,#2928));
#1021=EDGE_LOOP('',(#2929));
#1022=EDGE_LOOP('',(#2930));
#1023=EDGE_LOOP('',(#2931));
#1024=EDGE_LOOP('',(#2932));
#1025=EDGE_LOOP('',(#2933,#2934,#2935,#2936));
#1026=EDGE_LOOP('',(#2937,#2938,#2939,#2940));
#1027=EDGE_LOOP('',(#2941));
#1028=EDGE_LOOP('',(#2942));
#1029=EDGE_LOOP('',(#2943));
#1030=EDGE_LOOP('',(#2944));
#1031=EDGE_LOOP('',(#2945,#2946,#2947,#2948));
#1032=EDGE_LOOP('',(#2949,#2950,#2951,#2952));
#1033=EDGE_LOOP('',(#2953));
#1034=EDGE_LOOP('',(#2954));
#1035=EDGE_LOOP('',(#2955));
#1036=EDGE_LOOP('',(#2956));
#1037=LINE('',#5089,#1165);
#1038=LINE('',#5095,#1166);
#1039=LINE('',#5103,#1167);
#1040=LINE('',#5109,#1168);
#1041=LINE('',#5117,#1169);
#1042=LINE('',#5123,#1170);
#1043=LINE('',#5131,#1171);
#1044=LINE('',#5137,#1172);
#1045=LINE('',#5145,#1173);
#1046=LINE('',#5151,#1174);
#1047=LINE('',#5159,#1175);
#1048=LINE('',#5165,#1176);
#1049=LINE('',#5173,#1177);
#1050=LINE('',#5179,#1178);
#1051=LINE('',#5187,#1179);
#1052=LINE('',#5193,#1180);
#1053=LINE('',#5201,#1181);
#1054=LINE('',#5207,#1182);
#1055=LINE('',#5215,#1183);
#1056=LINE('',#5221,#1184);
#1057=LINE('',#5229,#1185);
#1058=LINE('',#5235,#1186);
#1059=LINE('',#5243,#1187);
#1060=LINE('',#5249,#1188);
#1061=LINE('',#5257,#1189);
#1062=LINE('',#5263,#1190);
#1063=LINE('',#5271,#1191);
#1064=LINE('',#5277,#1192);
#1065=LINE('',#5285,#1193);
#1066=LINE('',#5291,#1194);
#1067=LINE('',#5299,#1195);
#1068=LINE('',#5305,#1196);
#1069=LINE('',#5313,#1197);
#1070=LINE('',#5319,#1198);
#1071=LINE('',#5327,#1199);
#1072=LINE('',#5333,#1200);
#1073=LINE('',#5341,#1201);
#1074=LINE('',#5347,#1202);
#1075=LINE('',#5355,#1203);
#1076=LINE('',#5361,#1204);
#1077=LINE('',#5369,#1205);
#1078=LINE('',#5375,#1206);
#1079=LINE('',#5383,#1207);
#1080=LINE('',#5389,#1208);
#1081=LINE('',#5397,#1209);
#1082=LINE('',#5403,#1210);
#1083=LINE('',#5411,#1211);
#1084=LINE('',#5417,#1212);
#1085=LINE('',#5425,#1213);
#1086=LINE('',#5431,#1214);
#1087=LINE('',#5439,#1215);
#1088=LINE('',#5445,#1216);
#1089=LINE('',#5453,#1217);
#1090=LINE('',#5459,#1218);
#1091=LINE('',#5467,#1219);
#1092=LINE('',#5473,#1220);
#1093=LINE('',#5481,#1221);
#1094=LINE('',#5487,#1222);
#1095=LINE('',#5495,#1223);
#1096=LINE('',#5501,#1224);
#1097=LINE('',#5509,#1225);
#1098=LINE('',#5515,#1226);
#1099=LINE('',#5523,#1227);
#1100=LINE('',#5529,#1228);
#1101=LINE('',#5537,#1229);
#1102=LINE('',#5543,#1230);
#1103=LINE('',#5551,#1231);
#1104=LINE('',#5557,#1232);
#1105=LINE('',#5565,#1233);
#1106=LINE('',#5571,#1234);
#1107=LINE('',#5579,#1235);
#1108=LINE('',#5585,#1236);
#1109=LINE('',#5593,#1237);
#1110=LINE('',#5599,#1238);
#1111=LINE('',#5607,#1239);
#1112=LINE('',#5613,#1240);
#1113=LINE('',#5621,#1241);
#1114=LINE('',#5627,#1242);
#1115=LINE('',#5635,#1243);
#1116=LINE('',#5641,#1244);
#1117=LINE('',#5649,#1245);
#1118=LINE('',#5655,#1246);
#1119=LINE('',#5663,#1247);
#1120=LINE('',#5669,#1248);
#1121=LINE('',#5677,#1249);
#1122=LINE('',#5683,#1250);
#1123=LINE('',#5691,#1251);
#1124=LINE('',#5697,#1252);
#1125=LINE('',#5705,#1253);
#1126=LINE('',#5711,#1254);
#1127=LINE('',#5719,#1255);
#1128=LINE('',#5725,#1256);
#1129=LINE('',#5733,#1257);
#1130=LINE('',#5739,#1258);
#1131=LINE('',#5747,#1259);
#1132=LINE('',#5753,#1260);
#1133=LINE('',#5761,#1261);
#1134=LINE('',#5767,#1262);
#1135=LINE('',#5775,#1263);
#1136=LINE('',#5781,#1264);
#1137=LINE('',#5789,#1265);
#1138=LINE('',#5795,#1266);
#1139=LINE('',#5803,#1267);
#1140=LINE('',#5809,#1268);
#1141=LINE('',#5817,#1269);
#1142=LINE('',#5823,#1270);
#1143=LINE('',#5831,#1271);
#1144=LINE('',#5837,#1272);
#1145=LINE('',#5845,#1273);
#1146=LINE('',#5851,#1274);
#1147=LINE('',#5859,#1275);
#1148=LINE('',#5865,#1276);
#1149=LINE('',#5873,#1277);
#1150=LINE('',#5879,#1278);
#1151=LINE('',#5887,#1279);
#1152=LINE('',#5893,#1280);
#1153=LINE('',#5901,#1281);
#1154=LINE('',#5907,#1282);
#1155=LINE('',#5915,#1283);
#1156=LINE('',#5921,#1284);
#1157=LINE('',#5929,#1285);
#1158=LINE('',#5935,#1286);
#1159=LINE('',#5943,#1287);
#1160=LINE('',#5949,#1288);
#1161=LINE('',#5957,#1289);
#1162=LINE('',#5963,#1290);
#1163=LINE('',#5971,#1291);
#1164=LINE('',#5977,#1292);
#1165=VECTOR('',#3936,1.6);
#1166=VECTOR('',#3943,3.2);
#1167=VECTOR('',#3954,1.6);
#1168=VECTOR('',#3961,3.2);
#1169=VECTOR('',#3972,1.6);
#1170=VECTOR('',#3979,3.2);
#1171=VECTOR('',#3990,1.6);
#1172=VECTOR('',#3997,3.2);
#1173=VECTOR('',#4008,1.6);
#1174=VECTOR('',#4015,3.2);
#1175=VECTOR('',#4026,1.6);
#1176=VECTOR('',#4033,3.2);
#1177=VECTOR('',#4044,1.6);
#1178=VECTOR('',#4051,3.2);
#1179=VECTOR('',#4062,1.6);
#1180=VECTOR('',#4069,3.2);
#1181=VECTOR('',#4080,1.6);
#1182=VECTOR('',#4087,3.2);
#1183=VECTOR('',#4098,1.6);
#1184=VECTOR('',#4105,3.2);
#1185=VECTOR('',#4116,1.6);
#1186=VECTOR('',#4123,3.2);
#1187=VECTOR('',#4134,1.6);
#1188=VECTOR('',#4141,3.2);
#1189=VECTOR('',#4152,1.6);
#1190=VECTOR('',#4159,3.2);
#1191=VECTOR('',#4170,1.6);
#1192=VECTOR('',#4177,3.2);
#1193=VECTOR('',#4188,1.6);
#1194=VECTOR('',#4195,3.2);
#1195=VECTOR('',#4206,1.6);
#1196=VECTOR('',#4213,3.2);
#1197=VECTOR('',#4224,1.6);
#1198=VECTOR('',#4231,3.2);
#1199=VECTOR('',#4242,1.6);
#1200=VECTOR('',#4249,3.2);
#1201=VECTOR('',#4260,1.6);
#1202=VECTOR('',#4267,3.2);
#1203=VECTOR('',#4278,1.6);
#1204=VECTOR('',#4285,3.2);
#1205=VECTOR('',#4296,1.6);
#1206=VECTOR('',#4303,3.2);
#1207=VECTOR('',#4314,1.6);
#1208=VECTOR('',#4321,3.2);
#1209=VECTOR('',#4332,1.6);
#1210=VECTOR('',#4339,3.2);
#1211=VECTOR('',#4350,1.6);
#1212=VECTOR('',#4357,3.2);
#1213=VECTOR('',#4368,1.6);
#1214=VECTOR('',#4375,3.2);
#1215=VECTOR('',#4386,1.6);
#1216=VECTOR('',#4393,3.2);
#1217=VECTOR('',#4404,1.6);
#1218=VECTOR('',#4411,3.2);
#1219=VECTOR('',#4422,1.6);
#1220=VECTOR('',#4429,3.2);
#1221=VECTOR('',#4440,1.6);
#1222=VECTOR('',#4447,3.2);
#1223=VECTOR('',#4458,1.6);
#1224=VECTOR('',#4465,3.2);
#1225=VECTOR('',#4476,1.6);
#1226=VECTOR('',#4483,3.2);
#1227=VECTOR('',#4494,1.6);
#1228=VECTOR('',#4501,3.2);
#1229=VECTOR('',#4512,1.6);
#1230=VECTOR('',#4519,3.2);
#1231=VECTOR('',#4530,1.6);
#1232=VECTOR('',#4537,3.2);
#1233=VECTOR('',#4548,1.6);
#1234=VECTOR('',#4555,3.2);
#1235=VECTOR('',#4566,1.6);
#1236=VECTOR('',#4573,3.2);
#1237=VECTOR('',#4584,1.6);
#1238=VECTOR('',#4591,3.2);
#1239=VECTOR('',#4602,1.6);
#1240=VECTOR('',#4609,3.2);
#1241=VECTOR('',#4620,1.6);
#1242=VECTOR('',#4627,3.2);
#1243=VECTOR('',#4638,1.6);
#1244=VECTOR('',#4645,3.2);
#1245=VECTOR('',#4656,1.6);
#1246=VECTOR('',#4663,3.2);
#1247=VECTOR('',#4674,1.6);
#1248=VECTOR('',#4681,3.2);
#1249=VECTOR('',#4692,1.6);
#1250=VECTOR('',#4699,3.2);
#1251=VECTOR('',#4710,1.6);
#1252=VECTOR('',#4717,3.2);
#1253=VECTOR('',#4728,1.6);
#1254=VECTOR('',#4735,3.2);
#1255=VECTOR('',#4746,1.6);
#1256=VECTOR('',#4753,3.2);
#1257=VECTOR('',#4764,1.6);
#1258=VECTOR('',#4771,3.2);
#1259=VECTOR('',#4782,1.6);
#1260=VECTOR('',#4789,3.2);
#1261=VECTOR('',#4800,1.6);
#1262=VECTOR('',#4807,3.2);
#1263=VECTOR('',#4818,1.6);
#1264=VECTOR('',#4825,3.2);
#1265=VECTOR('',#4836,1.6);
#1266=VECTOR('',#4843,3.2);
#1267=VECTOR('',#4854,1.6);
#1268=VECTOR('',#4861,3.2);
#1269=VECTOR('',#4872,1.6);
#1270=VECTOR('',#4879,3.2);
#1271=VECTOR('',#4890,1.6);
#1272=VECTOR('',#4897,3.2);
#1273=VECTOR('',#4908,1.6);
#1274=VECTOR('',#4915,3.2);
#1275=VECTOR('',#4926,1.6);
#1276=VECTOR('',#4933,3.2);
#1277=VECTOR('',#4944,1.6);
#1278=VECTOR('',#4951,3.2);
#1279=VECTOR('',#4962,1.6);
#1280=VECTOR('',#4969,3.2);
#1281=VECTOR('',#4980,1.6);
#1282=VECTOR('',#4987,3.2);
#1283=VECTOR('',#4998,1.6);
#1284=VECTOR('',#5005,3.2);
#1285=VECTOR('',#5016,1.6);
#1286=VECTOR('',#5023,3.2);
#1287=VECTOR('',#5034,1.6);
#1288=VECTOR('',#5041,3.2);
#1289=VECTOR('',#5052,1.6);
#1290=VECTOR('',#5059,3.2);
#1291=VECTOR('',#5070,1.6);
#1292=VECTOR('',#5077,3.2);
#1293=CIRCLE('',#3419,1.6);
#1294=CIRCLE('',#3420,1.6);
#1295=CIRCLE('',#3422,3.2);
#1296=CIRCLE('',#3423,3.2);
#1297=CIRCLE('',#3427,1.6);
#1298=CIRCLE('',#3428,1.6);
#1299=CIRCLE('',#3430,3.2);
#1300=CIRCLE('',#3431,3.2);
#1301=CIRCLE('',#3435,1.6);
#1302=CIRCLE('',#3436,1.6);
#1303=CIRCLE('',#3438,3.2);
#1304=CIRCLE('',#3439,3.2);
#1305=CIRCLE('',#3443,1.6);
#1306=CIRCLE('',#3444,1.6);
#1307=CIRCLE('',#3446,3.2);
#1308=CIRCLE('',#3447,3.2);
#1309=CIRCLE('',#3451,1.6);
#1310=CIRCLE('',#3452,1.6);
#1311=CIRCLE('',#3454,3.2);
#1312=CIRCLE('',#3455,3.2);
#1313=CIRCLE('',#3459,1.6);
#1314=CIRCLE('',#3460,1.6);
#1315=CIRCLE('',#3462,3.2);
#1316=CIRCLE('',#3463,3.2);
#1317=CIRCLE('',#3467,1.6);
#1318=CIRCLE('',#3468,1.6);
#1319=CIRCLE('',#3470,3.2);
#1320=CIRCLE('',#3471,3.2);
#1321=CIRCLE('',#3475,1.6);
#1322=CIRCLE('',#3476,1.6);
#1323=CIRCLE('',#3478,3.2);
#1324=CIRCLE('',#3479,3.2);
#1325=CIRCLE('',#3483,1.6);
#1326=CIRCLE('',#3484,1.6);
#1327=CIRCLE('',#3486,3.2);
#1328=CIRCLE('',#3487,3.2);
#1329=CIRCLE('',#3491,1.6);
#1330=CIRCLE('',#3492,1.6);
#1331=CIRCLE('',#3494,3.2);
#1332=CIRCLE('',#3495,3.2);
#1333=CIRCLE('',#3499,1.6);
#1334=CIRCLE('',#3500,1.6);
#1335=CIRCLE('',#3502,3.2);
#1336=CIRCLE('',#3503,3.2);
#1337=CIRCLE('',#3507,1.6);
#1338=CIRCLE('',#3508,1.6);
#1339=CIRCLE('',#3510,3.2);
#1340=CIRCLE('',#3511,3.2);
#1341=CIRCLE('',#3515,1.6);
#1342=CIRCLE('',#3516,1.6);
#1343=CIRCLE('',#3518,3.2);
#1344=CIRCLE('',#3519,3.2);
#1345=CIRCLE('',#3523,1.6);
#1346=CIRCLE('',#3524,1.6);
#1347=CIRCLE('',#3526,3.2);
#1348=CIRCLE('',#3527,3.2);
#1349=CIRCLE('',#3531,1.6);
#1350=CIRCLE('',#3532,1.6);
#1351=CIRCLE('',#3534,3.2);
#1352=CIRCLE('',#3535,3.2);
#1353=CIRCLE('',#3539,1.6);
#1354=CIRCLE('',#3540,1.6);
#1355=CIRCLE('',#3542,3.2);
#1356=CIRCLE('',#3543,3.2);
#1357=CIRCLE('',#3547,1.6);
#1358=CIRCLE('',#3548,1.6);
#1359=CIRCLE('',#3550,3.2);
#1360=CIRCLE('',#3551,3.2);
#1361=CIRCLE('',#3555,1.6);
#1362=CIRCLE('',#3556,1.6);
#1363=CIRCLE('',#3558,3.2);
#1364=CIRCLE('',#3559,3.2);
#1365=CIRCLE('',#3563,1.6);
#1366=CIRCLE('',#3564,1.6);
#1367=CIRCLE('',#3566,3.2);
#1368=CIRCLE('',#3567,3.2);
#1369=CIRCLE('',#3571,1.6);
#1370=CIRCLE('',#3572,1.6);
#1371=CIRCLE('',#3574,3.2);
#1372=CIRCLE('',#3575,3.2);
#1373=CIRCLE('',#3579,1.6);
#1374=CIRCLE('',#3580,1.6);
#1375=CIRCLE('',#3582,3.2);
#1376=CIRCLE('',#3583,3.2);
#1377=CIRCLE('',#3587,1.6);
#1378=CIRCLE('',#3588,1.6);
#1379=CIRCLE('',#3590,3.2);
#1380=CIRCLE('',#3591,3.2);
#1381=CIRCLE('',#3595,1.6);
#1382=CIRCLE('',#3596,1.6);
#1383=CIRCLE('',#3598,3.2);
#1384=CIRCLE('',#3599,3.2);
#1385=CIRCLE('',#3603,1.6);
#1386=CIRCLE('',#3604,1.6);
#1387=CIRCLE('',#3606,3.2);
#1388=CIRCLE('',#3607,3.2);
#1389=CIRCLE('',#3611,1.6);
#1390=CIRCLE('',#3612,1.6);
#1391=CIRCLE('',#3614,3.2);
#1392=CIRCLE('',#3615,3.2);
#1393=CIRCLE('',#3619,1.6);
#1394=CIRCLE('',#3620,1.6);
#1395=CIRCLE('',#3622,3.2);
#1396=CIRCLE('',#3623,3.2);
#1397=CIRCLE('',#3627,1.6);
#1398=CIRCLE('',#3628,1.6);
#1399=CIRCLE('',#3630,3.2);
#1400=CIRCLE('',#3631,3.2);
#1401=CIRCLE('',#3635,1.6);
#1402=CIRCLE('',#3636,1.6);
#1403=CIRCLE('',#3638,3.2);
#1404=CIRCLE('',#3639,3.2);
#1405=CIRCLE('',#3643,1.6);
#1406=CIRCLE('',#3644,1.6);
#1407=CIRCLE('',#3646,3.2);
#1408=CIRCLE('',#3647,3.2);
#1409=CIRCLE('',#3651,1.6);
#1410=CIRCLE('',#3652,1.6);
#1411=CIRCLE('',#3654,3.2);
#1412=CIRCLE('',#3655,3.2);
#1413=CIRCLE('',#3659,1.6);
#1414=CIRCLE('',#3660,1.6);
#1415=CIRCLE('',#3662,3.2);
#1416=CIRCLE('',#3663,3.2);
#1417=CIRCLE('',#3667,1.6);
#1418=CIRCLE('',#3668,1.6);
#1419=CIRCLE('',#3670,3.2);
#1420=CIRCLE('',#3671,3.2);
#1421=CIRCLE('',#3675,1.6);
#1422=CIRCLE('',#3676,1.6);
#1423=CIRCLE('',#3678,3.2);
#1424=CIRCLE('',#3679,3.2);
#1425=CIRCLE('',#3683,1.6);
#1426=CIRCLE('',#3684,1.6);
#1427=CIRCLE('',#3686,3.2);
#1428=CIRCLE('',#3687,3.2);
#1429=CIRCLE('',#3691,1.6);
#1430=CIRCLE('',#3692,1.6);
#1431=CIRCLE('',#3694,3.2);
#1432=CIRCLE('',#3695,3.2);
#1433=CIRCLE('',#3699,1.6);
#1434=CIRCLE('',#3700,1.6);
#1435=CIRCLE('',#3702,3.2);
#1436=CIRCLE('',#3703,3.2);
#1437=CIRCLE('',#3707,1.6);
#1438=CIRCLE('',#3708,1.6);
#1439=CIRCLE('',#3710,3.2);
#1440=CIRCLE('',#3711,3.2);
#1441=CIRCLE('',#3715,1.6);
#1442=CIRCLE('',#3716,1.6);
#1443=CIRCLE('',#3718,3.2);
#1444=CIRCLE('',#3719,3.2);
#1445=CIRCLE('',#3723,1.6);
#1446=CIRCLE('',#3724,1.6);
#1447=CIRCLE('',#3726,3.2);
#1448=CIRCLE('',#3727,3.2);
#1449=CIRCLE('',#3731,1.6);
#1450=CIRCLE('',#3732,1.6);
#1451=CIRCLE('',#3734,3.2);
#1452=CIRCLE('',#3735,3.2);
#1453=CIRCLE('',#3739,1.6);
#1454=CIRCLE('',#3740,1.6);
#1455=CIRCLE('',#3742,3.2);
#1456=CIRCLE('',#3743,3.2);
#1457=CIRCLE('',#3747,1.6);
#1458=CIRCLE('',#3748,1.6);
#1459=CIRCLE('',#3750,3.2);
#1460=CIRCLE('',#3751,3.2);
#1461=CIRCLE('',#3755,1.6);
#1462=CIRCLE('',#3756,1.6);
#1463=CIRCLE('',#3758,3.2);
#1464=CIRCLE('',#3759,3.2);
#1465=CIRCLE('',#3763,1.6);
#1466=CIRCLE('',#3764,1.6);
#1467=CIRCLE('',#3766,3.2);
#1468=CIRCLE('',#3767,3.2);
#1469=CIRCLE('',#3771,1.6);
#1470=CIRCLE('',#3772,1.6);
#1471=CIRCLE('',#3774,3.2);
#1472=CIRCLE('',#3775,3.2);
#1473=CIRCLE('',#3779,1.6);
#1474=CIRCLE('',#3780,1.6);
#1475=CIRCLE('',#3782,3.2);
#1476=CIRCLE('',#3783,3.2);
#1477=CIRCLE('',#3787,1.6);
#1478=CIRCLE('',#3788,1.6);
#1479=CIRCLE('',#3790,3.2);
#1480=CIRCLE('',#3791,3.2);
#1481=CIRCLE('',#3795,1.6);
#1482=CIRCLE('',#3796,1.6);
#1483=CIRCLE('',#3798,3.2);
#1484=CIRCLE('',#3799,3.2);
#1485=CIRCLE('',#3803,1.6);
#1486=CIRCLE('',#3804,1.6);
#1487=CIRCLE('',#3806,3.2);
#1488=CIRCLE('',#3807,3.2);
#1489=CIRCLE('',#3811,1.6);
#1490=CIRCLE('',#3812,1.6);
#1491=CIRCLE('',#3814,3.2);
#1492=CIRCLE('',#3815,3.2);
#1493=CIRCLE('',#3819,1.6);
#1494=CIRCLE('',#3820,1.6);
#1495=CIRCLE('',#3822,3.2);
#1496=CIRCLE('',#3823,3.2);
#1497=CIRCLE('',#3827,1.6);
#1498=CIRCLE('',#3828,1.6);
#1499=CIRCLE('',#3830,3.2);
#1500=CIRCLE('',#3831,3.2);
#1501=CIRCLE('',#3835,1.6);
#1502=CIRCLE('',#3836,1.6);
#1503=CIRCLE('',#3838,3.2);
#1504=CIRCLE('',#3839,3.2);
#1505=CIRCLE('',#3843,1.6);
#1506=CIRCLE('',#3844,1.6);
#1507=CIRCLE('',#3846,3.2);
#1508=CIRCLE('',#3847,3.2);
#1509=CIRCLE('',#3851,1.6);
#1510=CIRCLE('',#3852,1.6);
#1511=CIRCLE('',#3854,3.2);
#1512=CIRCLE('',#3855,3.2);
#1513=CIRCLE('',#3859,1.6);
#1514=CIRCLE('',#3860,1.6);
#1515=CIRCLE('',#3862,3.2);
#1516=CIRCLE('',#3863,3.2);
#1517=CIRCLE('',#3867,1.6);
#1518=CIRCLE('',#3868,1.6);
#1519=CIRCLE('',#3870,3.2);
#1520=CIRCLE('',#3871,3.2);
#1521=CIRCLE('',#3875,1.6);
#1522=CIRCLE('',#3876,1.6);
#1523=CIRCLE('',#3878,3.2);
#1524=CIRCLE('',#3879,3.2);
#1525=CIRCLE('',#3883,1.6);
#1526=CIRCLE('',#3884,1.6);
#1527=CIRCLE('',#3886,3.2);
#1528=CIRCLE('',#3887,3.2);
#1529=CIRCLE('',#3891,1.6);
#1530=CIRCLE('',#3892,1.6);
#1531=CIRCLE('',#3894,3.2);
#1532=CIRCLE('',#3895,3.2);
#1533=CIRCLE('',#3899,1.6);
#1534=CIRCLE('',#3900,1.6);
#1535=CIRCLE('',#3902,3.2);
#1536=CIRCLE('',#3903,3.2);
#1537=CIRCLE('',#3907,1.6);
#1538=CIRCLE('',#3908,1.6);
#1539=CIRCLE('',#3910,3.2);
#1540=CIRCLE('',#3911,3.2);
#1541=CIRCLE('',#3915,1.6);
#1542=CIRCLE('',#3916,1.6);
#1543=CIRCLE('',#3918,3.2);
#1544=CIRCLE('',#3919,3.2);
#1545=CIRCLE('',#3923,1.6);
#1546=CIRCLE('',#3924,1.6);
#1547=CIRCLE('',#3926,3.2);
#1548=CIRCLE('',#3927,3.2);
#1549=VERTEX_POINT('',#5086);
#1550=VERTEX_POINT('',#5088);
#1551=VERTEX_POINT('',#5092);
#1552=VERTEX_POINT('',#5094);
#1553=VERTEX_POINT('',#5100);
#1554=VERTEX_POINT('',#5102);
#1555=VERTEX_POINT('',#5106);
#1556=VERTEX_POINT('',#5108);
#1557=VERTEX_POINT('',#5114);
#1558=VERTEX_POINT('',#5116);
#1559=VERTEX_POINT('',#5120);
#1560=VERTEX_POINT('',#5122);
#1561=VERTEX_POINT('',#5128);
#1562=VERTEX_POINT('',#5130);
#1563=VERTEX_POINT('',#5134);
#1564=VERTEX_POINT('',#5136);
#1565=VERTEX_POINT('',#5142);
#1566=VERTEX_POINT('',#5144);
#1567=VERTEX_POINT('',#5148);
#1568=VERTEX_POINT('',#5150);
#1569=VERTEX_POINT('',#5156);
#1570=VERTEX_POINT('',#5158);
#1571=VERTEX_POINT('',#5162);
#1572=VERTEX_POINT('',#5164);
#1573=VERTEX_POINT('',#5170);
#1574=VERTEX_POINT('',#5172);
#1575=VERTEX_POINT('',#5176);
#1576=VERTEX_POINT('',#5178);
#1577=VERTEX_POINT('',#5184);
#1578=VERTEX_POINT('',#5186);
#1579=VERTEX_POINT('',#5190);
#1580=VERTEX_POINT('',#5192);
#1581=VERTEX_POINT('',#5198);
#1582=VERTEX_POINT('',#5200);
#1583=VERTEX_POINT('',#5204);
#1584=VERTEX_POINT('',#5206);
#1585=VERTEX_POINT('',#5212);
#1586=VERTEX_POINT('',#5214);
#1587=VERTEX_POINT('',#5218);
#1588=VERTEX_POINT('',#5220);
#1589=VERTEX_POINT('',#5226);
#1590=VERTEX_POINT('',#5228);
#1591=VERTEX_POINT('',#5232);
#1592=VERTEX_POINT('',#5234);
#1593=VERTEX_POINT('',#5240);
#1594=VERTEX_POINT('',#5242);
#1595=VERTEX_POINT('',#5246);
#1596=VERTEX_POINT('',#5248);
#1597=VERTEX_POINT('',#5254);
#1598=VERTEX_POINT('',#5256);
#1599=VERTEX_POINT('',#5260);
#1600=VERTEX_POINT('',#5262);
#1601=VERTEX_POINT('',#5268);
#1602=VERTEX_POINT('',#5270);
#1603=VERTEX_POINT('',#5274);
#1604=VERTEX_POINT('',#5276);
#1605=VERTEX_POINT('',#5282);
#1606=VERTEX_POINT('',#5284);
#1607=VERTEX_POINT('',#5288);
#1608=VERTEX_POINT('',#5290);
#1609=VERTEX_POINT('',#5296);
#1610=VERTEX_POINT('',#5298);
#1611=VERTEX_POINT('',#5302);
#1612=VERTEX_POINT('',#5304);
#1613=VERTEX_POINT('',#5310);
#1614=VERTEX_POINT('',#5312);
#1615=VERTEX_POINT('',#5316);
#1616=VERTEX_POINT('',#5318);
#1617=VERTEX_POINT('',#5324);
#1618=VERTEX_POINT('',#5326);
#1619=VERTEX_POINT('',#5330);
#1620=VERTEX_POINT('',#5332);
#1621=VERTEX_POINT('',#5338);
#1622=VERTEX_POINT('',#5340);
#1623=VERTEX_POINT('',#5344);
#1624=VERTEX_POINT('',#5346);
#1625=VERTEX_POINT('',#5352);
#1626=VERTEX_POINT('',#5354);
#1627=VERTEX_POINT('',#5358);
#1628=VERTEX_POINT('',#5360);
#1629=VERTEX_POINT('',#5366);
#1630=VERTEX_POINT('',#5368);
#1631=VERTEX_POINT('',#5372);
#1632=VERTEX_POINT('',#5374);
#1633=VERTEX_POINT('',#5380);
#1634=VERTEX_POINT('',#5382);
#1635=VERTEX_POINT('',#5386);
#1636=VERTEX_POINT('',#5388);
#1637=VERTEX_POINT('',#5394);
#1638=VERTEX_POINT('',#5396);
#1639=VERTEX_POINT('',#5400);
#1640=VERTEX_POINT('',#5402);
#1641=VERTEX_POINT('',#5408);
#1642=VERTEX_POINT('',#5410);
#1643=VERTEX_POINT('',#5414);
#1644=VERTEX_POINT('',#5416);
#1645=VERTEX_POINT('',#5422);
#1646=VERTEX_POINT('',#5424);
#1647=VERTEX_POINT('',#5428);
#1648=VERTEX_POINT('',#5430);
#1649=VERTEX_POINT('',#5436);
#1650=VERTEX_POINT('',#5438);
#1651=VERTEX_POINT('',#5442);
#1652=VERTEX_POINT('',#5444);
#1653=VERTEX_POINT('',#5450);
#1654=VERTEX_POINT('',#5452);
#1655=VERTEX_POINT('',#5456);
#1656=VERTEX_POINT('',#5458);
#1657=VERTEX_POINT('',#5464);
#1658=VERTEX_POINT('',#5466);
#1659=VERTEX_POINT('',#5470);
#1660=VERTEX_POINT('',#5472);
#1661=VERTEX_POINT('',#5478);
#1662=VERTEX_POINT('',#5480);
#1663=VERTEX_POINT('',#5484);
#1664=VERTEX_POINT('',#5486);
#1665=VERTEX_POINT('',#5492);
#1666=VERTEX_POINT('',#5494);
#1667=VERTEX_POINT('',#5498);
#1668=VERTEX_POINT('',#5500);
#1669=VERTEX_POINT('',#5506);
#1670=VERTEX_POINT('',#5508);
#1671=VERTEX_POINT('',#5512);
#1672=VERTEX_POINT('',#5514);
#1673=VERTEX_POINT('',#5520);
#1674=VERTEX_POINT('',#5522);
#1675=VERTEX_POINT('',#5526);
#1676=VERTEX_POINT('',#5528);
#1677=VERTEX_POINT('',#5534);
#1678=VERTEX_POINT('',#5536);
#1679=VERTEX_POINT('',#5540);
#1680=VERTEX_POINT('',#5542);
#1681=VERTEX_POINT('',#5548);
#1682=VERTEX_POINT('',#5550);
#1683=VERTEX_POINT('',#5554);
#1684=VERTEX_POINT('',#5556);
#1685=VERTEX_POINT('',#5562);
#1686=VERTEX_POINT('',#5564);
#1687=VERTEX_POINT('',#5568);
#1688=VERTEX_POINT('',#5570);
#1689=VERTEX_POINT('',#5576);
#1690=VERTEX_POINT('',#5578);
#1691=VERTEX_POINT('',#5582);
#1692=VERTEX_POINT('',#5584);
#1693=VERTEX_POINT('',#5590);
#1694=VERTEX_POINT('',#5592);
#1695=VERTEX_POINT('',#5596);
#1696=VERTEX_POINT('',#5598);
#1697=VERTEX_POINT('',#5604);
#1698=VERTEX_POINT('',#5606);
#1699=VERTEX_POINT('',#5610);
#1700=VERTEX_POINT('',#5612);
#1701=VERTEX_POINT('',#5618);
#1702=VERTEX_POINT('',#5620);
#1703=VERTEX_POINT('',#5624);
#1704=VERTEX_POINT('',#5626);
#1705=VERTEX_POINT('',#5632);
#1706=VERTEX_POINT('',#5634);
#1707=VERTEX_POINT('',#5638);
#1708=VERTEX_POINT('',#5640);
#1709=VERTEX_POINT('',#5646);
#1710=VERTEX_POINT('',#5648);
#1711=VERTEX_POINT('',#5652);
#1712=VERTEX_POINT('',#5654);
#1713=VERTEX_POINT('',#5660);
#1714=VERTEX_POINT('',#5662);
#1715=VERTEX_POINT('',#5666);
#1716=VERTEX_POINT('',#5668);
#1717=VERTEX_POINT('',#5674);
#1718=VERTEX_POINT('',#5676);
#1719=VERTEX_POINT('',#5680);
#1720=VERTEX_POINT('',#5682);
#1721=VERTEX_POINT('',#5688);
#1722=VERTEX_POINT('',#5690);
#1723=VERTEX_POINT('',#5694);
#1724=VERTEX_POINT('',#5696);
#1725=VERTEX_POINT('',#5702);
#1726=VERTEX_POINT('',#5704);
#1727=VERTEX_POINT('',#5708);
#1728=VERTEX_POINT('',#5710);
#1729=VERTEX_POINT('',#5716);
#1730=VERTEX_POINT('',#5718);
#1731=VERTEX_POINT('',#5722);
#1732=VERTEX_POINT('',#5724);
#1733=VERTEX_POINT('',#5730);
#1734=VERTEX_POINT('',#5732);
#1735=VERTEX_POINT('',#5736);
#1736=VERTEX_POINT('',#5738);
#1737=VERTEX_POINT('',#5744);
#1738=VERTEX_POINT('',#5746);
#1739=VERTEX_POINT('',#5750);
#1740=VERTEX_POINT('',#5752);
#1741=VERTEX_POINT('',#5758);
#1742=VERTEX_POINT('',#5760);
#1743=VERTEX_POINT('',#5764);
#1744=VERTEX_POINT('',#5766);
#1745=VERTEX_POINT('',#5772);
#1746=VERTEX_POINT('',#5774);
#1747=VERTEX_POINT('',#5778);
#1748=VERTEX_POINT('',#5780);
#1749=VERTEX_POINT('',#5786);
#1750=VERTEX_POINT('',#5788);
#1751=VERTEX_POINT('',#5792);
#1752=VERTEX_POINT('',#5794);
#1753=VERTEX_POINT('',#5800);
#1754=VERTEX_POINT('',#5802);
#1755=VERTEX_POINT('',#5806);
#1756=VERTEX_POINT('',#5808);
#1757=VERTEX_POINT('',#5814);
#1758=VERTEX_POINT('',#5816);
#1759=VERTEX_POINT('',#5820);
#1760=VERTEX_POINT('',#5822);
#1761=VERTEX_POINT('',#5828);
#1762=VERTEX_POINT('',#5830);
#1763=VERTEX_POINT('',#5834);
#1764=VERTEX_POINT('',#5836);
#1765=VERTEX_POINT('',#5842);
#1766=VERTEX_POINT('',#5844);
#1767=VERTEX_POINT('',#5848);
#1768=VERTEX_POINT('',#5850);
#1769=VERTEX_POINT('',#5856);
#1770=VERTEX_POINT('',#5858);
#1771=VERTEX_POINT('',#5862);
#1772=VERTEX_POINT('',#5864);
#1773=VERTEX_POINT('',#5870);
#1774=VERTEX_POINT('',#5872);
#1775=VERTEX_POINT('',#5876);
#1776=VERTEX_POINT('',#5878);
#1777=VERTEX_POINT('',#5884);
#1778=VERTEX_POINT('',#5886);
#1779=VERTEX_POINT('',#5890);
#1780=VERTEX_POINT('',#5892);
#1781=VERTEX_POINT('',#5898);
#1782=VERTEX_POINT('',#5900);
#1783=VERTEX_POINT('',#5904);
#1784=VERTEX_POINT('',#5906);
#1785=VERTEX_POINT('',#5912);
#1786=VERTEX_POINT('',#5914);
#1787=VERTEX_POINT('',#5918);
#1788=VERTEX_POINT('',#5920);
#1789=VERTEX_POINT('',#5926);
#1790=VERTEX_POINT('',#5928);
#1791=VERTEX_POINT('',#5932);
#1792=VERTEX_POINT('',#5934);
#1793=VERTEX_POINT('',#5940);
#1794=VERTEX_POINT('',#5942);
#1795=VERTEX_POINT('',#5946);
#1796=VERTEX_POINT('',#5948);
#1797=VERTEX_POINT('',#5954);
#1798=VERTEX_POINT('',#5956);
#1799=VERTEX_POINT('',#5960);
#1800=VERTEX_POINT('',#5962);
#1801=VERTEX_POINT('',#5968);
#1802=VERTEX_POINT('',#5970);
#1803=VERTEX_POINT('',#5974);
#1804=VERTEX_POINT('',#5976);
#1805=EDGE_CURVE('',#1549,#1549,#1293,.T.);
#1806=EDGE_CURVE('',#1549,#1550,#1037,.T.);
#1807=EDGE_CURVE('',#1550,#1550,#1294,.T.);
#1808=EDGE_CURVE('',#1551,#1551,#1295,.T.);
#1809=EDGE_CURVE('',#1551,#1552,#1038,.T.);
#1810=EDGE_CURVE('',#1552,#1552,#1296,.T.);
#1811=EDGE_CURVE('',#1553,#1553,#1297,.T.);
#1812=EDGE_CURVE('',#1553,#1554,#1039,.T.);
#1813=EDGE_CURVE('',#1554,#1554,#1298,.T.);
#1814=EDGE_CURVE('',#1555,#1555,#1299,.T.);
#1815=EDGE_CURVE('',#1555,#1556,#1040,.T.);
#1816=EDGE_CURVE('',#1556,#1556,#1300,.T.);
#1817=EDGE_CURVE('',#1557,#1557,#1301,.T.);
#1818=EDGE_CURVE('',#1557,#1558,#1041,.T.);
#1819=EDGE_CURVE('',#1558,#1558,#1302,.T.);
#1820=EDGE_CURVE('',#1559,#1559,#1303,.T.);
#1821=EDGE_CURVE('',#1559,#1560,#1042,.T.);
#1822=EDGE_CURVE('',#1560,#1560,#1304,.T.);
#1823=EDGE_CURVE('',#1561,#1561,#1305,.T.);
#1824=EDGE_CURVE('',#1561,#1562,#1043,.T.);
#1825=EDGE_CURVE('',#1562,#1562,#1306,.T.);
#1826=EDGE_CURVE('',#1563,#1563,#1307,.T.);
#1827=EDGE_CURVE('',#1563,#1564,#1044,.T.);
#1828=EDGE_CURVE('',#1564,#1564,#1308,.T.);
#1829=EDGE_CURVE('',#1565,#1565,#1309,.T.);
#1830=EDGE_CURVE('',#1565,#1566,#1045,.T.);
#1831=EDGE_CURVE('',#1566,#1566,#1310,.T.);
#1832=EDGE_CURVE('',#1567,#1567,#1311,.T.);
#1833=EDGE_CURVE('',#1567,#1568,#1046,.T.);
#1834=EDGE_CURVE('',#1568,#1568,#1312,.T.);
#1835=EDGE_CURVE('',#1569,#1569,#1313,.T.);
#1836=EDGE_CURVE('',#1569,#1570,#1047,.T.);
#1837=EDGE_CURVE('',#1570,#1570,#1314,.T.);
#1838=EDGE_CURVE('',#1571,#1571,#1315,.T.);
#1839=EDGE_CURVE('',#1571,#1572,#1048,.T.);
#1840=EDGE_CURVE('',#1572,#1572,#1316,.T.);
#1841=EDGE_CURVE('',#1573,#1573,#1317,.T.);
#1842=EDGE_CURVE('',#1573,#1574,#1049,.T.);
#1843=EDGE_CURVE('',#1574,#1574,#1318,.T.);
#1844=EDGE_CURVE('',#1575,#1575,#1319,.T.);
#1845=EDGE_CURVE('',#1575,#1576,#1050,.T.);
#1846=EDGE_CURVE('',#1576,#1576,#1320,.T.);
#1847=EDGE_CURVE('',#1577,#1577,#1321,.T.);
#1848=EDGE_CURVE('',#1577,#1578,#1051,.T.);
#1849=EDGE_CURVE('',#1578,#1578,#1322,.T.);
#1850=EDGE_CURVE('',#1579,#1579,#1323,.T.);
#1851=EDGE_CURVE('',#1579,#1580,#1052,.T.);
#1852=EDGE_CURVE('',#1580,#1580,#1324,.T.);
#1853=EDGE_CURVE('',#1581,#1581,#1325,.T.);
#1854=EDGE_CURVE('',#1581,#1582,#1053,.T.);
#1855=EDGE_CURVE('',#1582,#1582,#1326,.T.);
#1856=EDGE_CURVE('',#1583,#1583,#1327,.T.);
#1857=EDGE_CURVE('',#1583,#1584,#1054,.T.);
#1858=EDGE_CURVE('',#1584,#1584,#1328,.T.);
#1859=EDGE_CURVE('',#1585,#1585,#1329,.T.);
#1860=EDGE_CURVE('',#1585,#1586,#1055,.T.);
#1861=EDGE_CURVE('',#1586,#1586,#1330,.T.);
#1862=EDGE_CURVE('',#1587,#1587,#1331,.T.);
#1863=EDGE_CURVE('',#1587,#1588,#1056,.T.);
#1864=EDGE_CURVE('',#1588,#1588,#1332,.T.);
#1865=EDGE_CURVE('',#1589,#1589,#1333,.T.);
#1866=EDGE_CURVE('',#1589,#1590,#1057,.T.);
#1867=EDGE_CURVE('',#1590,#1590,#1334,.T.);
#1868=EDGE_CURVE('',#1591,#1591,#1335,.T.);
#1869=EDGE_CURVE('',#1591,#1592,#1058,.T.);
#1870=EDGE_CURVE('',#1592,#1592,#1336,.T.);
#1871=EDGE_CURVE('',#1593,#1593,#1337,.T.);
#1872=EDGE_CURVE('',#1593,#1594,#1059,.T.);
#1873=EDGE_CURVE('',#1594,#1594,#1338,.T.);
#1874=EDGE_CURVE('',#1595,#1595,#1339,.T.);
#1875=EDGE_CURVE('',#1595,#1596,#1060,.T.);
#1876=EDGE_CURVE('',#1596,#1596,#1340,.T.);
#1877=EDGE_CURVE('',#1597,#1597,#1341,.T.);
#1878=EDGE_CURVE('',#1597,#1598,#1061,.T.);
#1879=EDGE_CURVE('',#1598,#1598,#1342,.T.);
#1880=EDGE_CURVE('',#1599,#1599,#1343,.T.);
#1881=EDGE_CURVE('',#1599,#1600,#1062,.T.);
#1882=EDGE_CURVE('',#1600,#1600,#1344,.T.);
#1883=EDGE_CURVE('',#1601,#1601,#1345,.T.);
#1884=EDGE_CURVE('',#1601,#1602,#1063,.T.);
#1885=EDGE_CURVE('',#1602,#1602,#1346,.T.);
#1886=EDGE_CURVE('',#1603,#1603,#1347,.T.);
#1887=EDGE_CURVE('',#1603,#1604,#1064,.T.);
#1888=EDGE_CURVE('',#1604,#1604,#1348,.T.);
#1889=EDGE_CURVE('',#1605,#1605,#1349,.T.);
#1890=EDGE_CURVE('',#1605,#1606,#1065,.T.);
#1891=EDGE_CURVE('',#1606,#1606,#1350,.T.);
#1892=EDGE_CURVE('',#1607,#1607,#1351,.T.);
#1893=EDGE_CURVE('',#1607,#1608,#1066,.T.);
#1894=EDGE_CURVE('',#1608,#1608,#1352,.T.);
#1895=EDGE_CURVE('',#1609,#1609,#1353,.T.);
#1896=EDGE_CURVE('',#1609,#1610,#1067,.T.);
#1897=EDGE_CURVE('',#1610,#1610,#1354,.T.);
#1898=EDGE_CURVE('',#1611,#1611,#1355,.T.);
#1899=EDGE_CURVE('',#1611,#1612,#1068,.T.);
#1900=EDGE_CURVE('',#1612,#1612,#1356,.T.);
#1901=EDGE_CURVE('',#1613,#1613,#1357,.T.);
#1902=EDGE_CURVE('',#1613,#1614,#1069,.T.);
#1903=EDGE_CURVE('',#1614,#1614,#1358,.T.);
#1904=EDGE_CURVE('',#1615,#1615,#1359,.T.);
#1905=EDGE_CURVE('',#1615,#1616,#1070,.T.);
#1906=EDGE_CURVE('',#1616,#1616,#1360,.T.);
#1907=EDGE_CURVE('',#1617,#1617,#1361,.T.);
#1908=EDGE_CURVE('',#1617,#1618,#1071,.T.);
#1909=EDGE_CURVE('',#1618,#1618,#1362,.T.);
#1910=EDGE_CURVE('',#1619,#1619,#1363,.T.);
#1911=EDGE_CURVE('',#1619,#1620,#1072,.T.);
#1912=EDGE_CURVE('',#1620,#1620,#1364,.T.);
#1913=EDGE_CURVE('',#1621,#1621,#1365,.T.);
#1914=EDGE_CURVE('',#1621,#1622,#1073,.T.);
#1915=EDGE_CURVE('',#1622,#1622,#1366,.T.);
#1916=EDGE_CURVE('',#1623,#1623,#1367,.T.);
#1917=EDGE_CURVE('',#1623,#1624,#1074,.T.);
#1918=EDGE_CURVE('',#1624,#1624,#1368,.T.);
#1919=EDGE_CURVE('',#1625,#1625,#1369,.T.);
#1920=EDGE_CURVE('',#1625,#1626,#1075,.T.);
#1921=EDGE_CURVE('',#1626,#1626,#1370,.T.);
#1922=EDGE_CURVE('',#1627,#1627,#1371,.T.);
#1923=EDGE_CURVE('',#1627,#1628,#1076,.T.);
#1924=EDGE_CURVE('',#1628,#1628,#1372,.T.);
#1925=EDGE_CURVE('',#1629,#1629,#1373,.T.);
#1926=EDGE_CURVE('',#1629,#1630,#1077,.T.);
#1927=EDGE_CURVE('',#1630,#1630,#1374,.T.);
#1928=EDGE_CURVE('',#1631,#1631,#1375,.T.);
#1929=EDGE_CURVE('',#1631,#1632,#1078,.T.);
#1930=EDGE_CURVE('',#1632,#1632,#1376,.T.);
#1931=EDGE_CURVE('',#1633,#1633,#1377,.T.);
#1932=EDGE_CURVE('',#1633,#1634,#1079,.T.);
#1933=EDGE_CURVE('',#1634,#1634,#1378,.T.);
#1934=EDGE_CURVE('',#1635,#1635,#1379,.T.);
#1935=EDGE_CURVE('',#1635,#1636,#1080,.T.);
#1936=EDGE_CURVE('',#1636,#1636,#1380,.T.);
#1937=EDGE_CURVE('',#1637,#1637,#1381,.T.);
#1938=EDGE_CURVE('',#1637,#1638,#1081,.T.);
#1939=EDGE_CURVE('',#1638,#1638,#1382,.T.);
#1940=EDGE_CURVE('',#1639,#1639,#1383,.T.);
#1941=EDGE_CURVE('',#1639,#1640,#1082,.T.);
#1942=EDGE_CURVE('',#1640,#1640,#1384,.T.);
#1943=EDGE_CURVE('',#1641,#1641,#1385,.T.);
#1944=EDGE_CURVE('',#1641,#1642,#1083,.T.);
#1945=EDGE_CURVE('',#1642,#1642,#1386,.T.);
#1946=EDGE_CURVE('',#1643,#1643,#1387,.T.);
#1947=EDGE_CURVE('',#1643,#1644,#1084,.T.);
#1948=EDGE_CURVE('',#1644,#1644,#1388,.T.);
#1949=EDGE_CURVE('',#1645,#1645,#1389,.T.);
#1950=EDGE_CURVE('',#1645,#1646,#1085,.T.);
#1951=EDGE_CURVE('',#1646,#1646,#1390,.T.);
#1952=EDGE_CURVE('',#1647,#1647,#1391,.T.);
#1953=EDGE_CURVE('',#1647,#1648,#1086,.T.);
#1954=EDGE_CURVE('',#1648,#1648,#1392,.T.);
#1955=EDGE_CURVE('',#1649,#1649,#1393,.T.);
#1956=EDGE_CURVE('',#1649,#1650,#1087,.T.);
#1957=EDGE_CURVE('',#1650,#1650,#1394,.T.);
#1958=EDGE_CURVE('',#1651,#1651,#1395,.T.);
#1959=EDGE_CURVE('',#1651,#1652,#1088,.T.);
#1960=EDGE_CURVE('',#1652,#1652,#1396,.T.);
#1961=EDGE_CURVE('',#1653,#1653,#1397,.T.);
#1962=EDGE_CURVE('',#1653,#1654,#1089,.T.);
#1963=EDGE_CURVE('',#1654,#1654,#1398,.T.);
#1964=EDGE_CURVE('',#1655,#1655,#1399,.T.);
#1965=EDGE_CURVE('',#1655,#1656,#1090,.T.);
#1966=EDGE_CURVE('',#1656,#1656,#1400,.T.);
#1967=EDGE_CURVE('',#1657,#1657,#1401,.T.);
#1968=EDGE_CURVE('',#1657,#1658,#1091,.T.);
#1969=EDGE_CURVE('',#1658,#1658,#1402,.T.);
#1970=EDGE_CURVE('',#1659,#1659,#1403,.T.);
#1971=EDGE_CURVE('',#1659,#1660,#1092,.T.);
#1972=EDGE_CURVE('',#1660,#1660,#1404,.T.);
#1973=EDGE_CURVE('',#1661,#1661,#1405,.T.);
#1974=EDGE_CURVE('',#1661,#1662,#1093,.T.);
#1975=EDGE_CURVE('',#1662,#1662,#1406,.T.);
#1976=EDGE_CURVE('',#1663,#1663,#1407,.T.);
#1977=EDGE_CURVE('',#1663,#1664,#1094,.T.);
#1978=EDGE_CURVE('',#1664,#1664,#1408,.T.);
#1979=EDGE_CURVE('',#1665,#1665,#1409,.T.);
#1980=EDGE_CURVE('',#1665,#1666,#1095,.T.);
#1981=EDGE_CURVE('',#1666,#1666,#1410,.T.);
#1982=EDGE_CURVE('',#1667,#1667,#1411,.T.);
#1983=EDGE_CURVE('',#1667,#1668,#1096,.T.);
#1984=EDGE_CURVE('',#1668,#1668,#1412,.T.);
#1985=EDGE_CURVE('',#1669,#1669,#1413,.T.);
#1986=EDGE_CURVE('',#1669,#1670,#1097,.T.);
#1987=EDGE_CURVE('',#1670,#1670,#1414,.T.);
#1988=EDGE_CURVE('',#1671,#1671,#1415,.T.);
#1989=EDGE_CURVE('',#1671,#1672,#1098,.T.);
#1990=EDGE_CURVE('',#1672,#1672,#1416,.T.);
#1991=EDGE_CURVE('',#1673,#1673,#1417,.T.);
#1992=EDGE_CURVE('',#1673,#1674,#1099,.T.);
#1993=EDGE_CURVE('',#1674,#1674,#1418,.T.);
#1994=EDGE_CURVE('',#1675,#1675,#1419,.T.);
#1995=EDGE_CURVE('',#1675,#1676,#1100,.T.);
#1996=EDGE_CURVE('',#1676,#1676,#1420,.T.);
#1997=EDGE_CURVE('',#1677,#1677,#1421,.T.);
#1998=EDGE_CURVE('',#1677,#1678,#1101,.T.);
#1999=EDGE_CURVE('',#1678,#1678,#1422,.T.);
#2000=EDGE_CURVE('',#1679,#1679,#1423,.T.);
#2001=EDGE_CURVE('',#1679,#1680,#1102,.T.);
#2002=EDGE_CURVE('',#1680,#1680,#1424,.T.);
#2003=EDGE_CURVE('',#1681,#1681,#1425,.T.);
#2004=EDGE_CURVE('',#1681,#1682,#1103,.T.);
#2005=EDGE_CURVE('',#1682,#1682,#1426,.T.);
#2006=EDGE_CURVE('',#1683,#1683,#1427,.T.);
#2007=EDGE_CURVE('',#1683,#1684,#1104,.T.);
#2008=EDGE_CURVE('',#1684,#1684,#1428,.T.);
#2009=EDGE_CURVE('',#1685,#1685,#1429,.T.);
#2010=EDGE_CURVE('',#1685,#1686,#1105,.T.);
#2011=EDGE_CURVE('',#1686,#1686,#1430,.T.);
#2012=EDGE_CURVE('',#1687,#1687,#1431,.T.);
#2013=EDGE_CURVE('',#1687,#1688,#1106,.T.);
#2014=EDGE_CURVE('',#1688,#1688,#1432,.T.);
#2015=EDGE_CURVE('',#1689,#1689,#1433,.T.);
#2016=EDGE_CURVE('',#1689,#1690,#1107,.T.);
#2017=EDGE_CURVE('',#1690,#1690,#1434,.T.);
#2018=EDGE_CURVE('',#1691,#1691,#1435,.T.);
#2019=EDGE_CURVE('',#1691,#1692,#1108,.T.);
#2020=EDGE_CURVE('',#1692,#1692,#1436,.T.);
#2021=EDGE_CURVE('',#1693,#1693,#1437,.T.);
#2022=EDGE_CURVE('',#1693,#1694,#1109,.T.);
#2023=EDGE_CURVE('',#1694,#1694,#1438,.T.);
#2024=EDGE_CURVE('',#1695,#1695,#1439,.T.);
#2025=EDGE_CURVE('',#1695,#1696,#1110,.T.);
#2026=EDGE_CURVE('',#1696,#1696,#1440,.T.);
#2027=EDGE_CURVE('',#1697,#1697,#1441,.T.);
#2028=EDGE_CURVE('',#1697,#1698,#1111,.T.);
#2029=EDGE_CURVE('',#1698,#1698,#1442,.T.);
#2030=EDGE_CURVE('',#1699,#1699,#1443,.T.);
#2031=EDGE_CURVE('',#1699,#1700,#1112,.T.);
#2032=EDGE_CURVE('',#1700,#1700,#1444,.T.);
#2033=EDGE_CURVE('',#1701,#1701,#1445,.T.);
#2034=EDGE_CURVE('',#1701,#1702,#1113,.T.);
#2035=EDGE_CURVE('',#1702,#1702,#1446,.T.);
#2036=EDGE_CURVE('',#1703,#1703,#1447,.T.);
#2037=EDGE_CURVE('',#1703,#1704,#1114,.T.);
#2038=EDGE_CURVE('',#1704,#1704,#1448,.T.);
#2039=EDGE_CURVE('',#1705,#1705,#1449,.T.);
#2040=EDGE_CURVE('',#1705,#1706,#1115,.T.);
#2041=EDGE_CURVE('',#1706,#1706,#1450,.T.);
#2042=EDGE_CURVE('',#1707,#1707,#1451,.T.);
#2043=EDGE_CURVE('',#1707,#1708,#1116,.T.);
#2044=EDGE_CURVE('',#1708,#1708,#1452,.T.);
#2045=EDGE_CURVE('',#1709,#1709,#1453,.T.);
#2046=EDGE_CURVE('',#1709,#1710,#1117,.T.);
#2047=EDGE_CURVE('',#1710,#1710,#1454,.T.);
#2048=EDGE_CURVE('',#1711,#1711,#1455,.T.);
#2049=EDGE_CURVE('',#1711,#1712,#1118,.T.);
#2050=EDGE_CURVE('',#1712,#1712,#1456,.T.);
#2051=EDGE_CURVE('',#1713,#1713,#1457,.T.);
#2052=EDGE_CURVE('',#1713,#1714,#1119,.T.);
#2053=EDGE_CURVE('',#1714,#1714,#1458,.T.);
#2054=EDGE_CURVE('',#1715,#1715,#1459,.T.);
#2055=EDGE_CURVE('',#1715,#1716,#1120,.T.);
#2056=EDGE_CURVE('',#1716,#1716,#1460,.T.);
#2057=EDGE_CURVE('',#1717,#1717,#1461,.T.);
#2058=EDGE_CURVE('',#1717,#1718,#1121,.T.);
#2059=EDGE_CURVE('',#1718,#1718,#1462,.T.);
#2060=EDGE_CURVE('',#1719,#1719,#1463,.T.);
#2061=EDGE_CURVE('',#1719,#1720,#1122,.T.);
#2062=EDGE_CURVE('',#1720,#1720,#1464,.T.);
#2063=EDGE_CURVE('',#1721,#1721,#1465,.T.);
#2064=EDGE_CURVE('',#1721,#1722,#1123,.T.);
#2065=EDGE_CURVE('',#1722,#1722,#1466,.T.);
#2066=EDGE_CURVE('',#1723,#1723,#1467,.T.);
#2067=EDGE_CURVE('',#1723,#1724,#1124,.T.);
#2068=EDGE_CURVE('',#1724,#1724,#1468,.T.);
#2069=EDGE_CURVE('',#1725,#1725,#1469,.T.);
#2070=EDGE_CURVE('',#1725,#1726,#1125,.T.);
#2071=EDGE_CURVE('',#1726,#1726,#1470,.T.);
#2072=EDGE_CURVE('',#1727,#1727,#1471,.T.);
#2073=EDGE_CURVE('',#1727,#1728,#1126,.T.);
#2074=EDGE_CURVE('',#1728,#1728,#1472,.T.);
#2075=EDGE_CURVE('',#1729,#1729,#1473,.T.);
#2076=EDGE_CURVE('',#1729,#1730,#1127,.T.);
#2077=EDGE_CURVE('',#1730,#1730,#1474,.T.);
#2078=EDGE_CURVE('',#1731,#1731,#1475,.T.);
#2079=EDGE_CURVE('',#1731,#1732,#1128,.T.);
#2080=EDGE_CURVE('',#1732,#1732,#1476,.T.);
#2081=EDGE_CURVE('',#1733,#1733,#1477,.T.);
#2082=EDGE_CURVE('',#1733,#1734,#1129,.T.);
#2083=EDGE_CURVE('',#1734,#1734,#1478,.T.);
#2084=EDGE_CURVE('',#1735,#1735,#1479,.T.);
#2085=EDGE_CURVE('',#1735,#1736,#1130,.T.);
#2086=EDGE_CURVE('',#1736,#1736,#1480,.T.);
#2087=EDGE_CURVE('',#1737,#1737,#1481,.T.);
#2088=EDGE_CURVE('',#1737,#1738,#1131,.T.);
#2089=EDGE_CURVE('',#1738,#1738,#1482,.T.);
#2090=EDGE_CURVE('',#1739,#1739,#1483,.T.);
#2091=EDGE_CURVE('',#1739,#1740,#1132,.T.);
#2092=EDGE_CURVE('',#1740,#1740,#1484,.T.);
#2093=EDGE_CURVE('',#1741,#1741,#1485,.T.);
#2094=EDGE_CURVE('',#1741,#1742,#1133,.T.);
#2095=EDGE_CURVE('',#1742,#1742,#1486,.T.);
#2096=EDGE_CURVE('',#1743,#1743,#1487,.T.);
#2097=EDGE_CURVE('',#1743,#1744,#1134,.T.);
#2098=EDGE_CURVE('',#1744,#1744,#1488,.T.);
#2099=EDGE_CURVE('',#1745,#1745,#1489,.T.);
#2100=EDGE_CURVE('',#1745,#1746,#1135,.T.);
#2101=EDGE_CURVE('',#1746,#1746,#1490,.T.);
#2102=EDGE_CURVE('',#1747,#1747,#1491,.T.);
#2103=EDGE_CURVE('',#1747,#1748,#1136,.T.);
#2104=EDGE_CURVE('',#1748,#1748,#1492,.T.);
#2105=EDGE_CURVE('',#1749,#1749,#1493,.T.);
#2106=EDGE_CURVE('',#1749,#1750,#1137,.T.);
#2107=EDGE_CURVE('',#1750,#1750,#1494,.T.);
#2108=EDGE_CURVE('',#1751,#1751,#1495,.T.);
#2109=EDGE_CURVE('',#1751,#1752,#1138,.T.);
#2110=EDGE_CURVE('',#1752,#1752,#1496,.T.);
#2111=EDGE_CURVE('',#1753,#1753,#1497,.T.);
#2112=EDGE_CURVE('',#1753,#1754,#1139,.T.);
#2113=EDGE_CURVE('',#1754,#1754,#1498,.T.);
#2114=EDGE_CURVE('',#1755,#1755,#1499,.T.);
#2115=EDGE_CURVE('',#1755,#1756,#1140,.T.);
#2116=EDGE_CURVE('',#1756,#1756,#1500,.T.);
#2117=EDGE_CURVE('',#1757,#1757,#1501,.T.);
#2118=EDGE_CURVE('',#1757,#1758,#1141,.T.);
#2119=EDGE_CURVE('',#1758,#1758,#1502,.T.);
#2120=EDGE_CURVE('',#1759,#1759,#1503,.T.);
#2121=EDGE_CURVE('',#1759,#1760,#1142,.T.);
#2122=EDGE_CURVE('',#1760,#1760,#1504,.T.);
#2123=EDGE_CURVE('',#1761,#1761,#1505,.T.);
#2124=EDGE_CURVE('',#1761,#1762,#1143,.T.);
#2125=EDGE_CURVE('',#1762,#1762,#1506,.T.);
#2126=EDGE_CURVE('',#1763,#1763,#1507,.T.);
#2127=EDGE_CURVE('',#1763,#1764,#1144,.T.);
#2128=EDGE_CURVE('',#1764,#1764,#1508,.T.);
#2129=EDGE_CURVE('',#1765,#1765,#1509,.T.);
#2130=EDGE_CURVE('',#1765,#1766,#1145,.T.);
#2131=EDGE_CURVE('',#1766,#1766,#1510,.T.);
#2132=EDGE_CURVE('',#1767,#1767,#1511,.T.);
#2133=EDGE_CURVE('',#1767,#1768,#1146,.T.);
#2134=EDGE_CURVE('',#1768,#1768,#1512,.T.);
#2135=EDGE_CURVE('',#1769,#1769,#1513,.T.);
#2136=EDGE_CURVE('',#1769,#1770,#1147,.T.);
#2137=EDGE_CURVE('',#1770,#1770,#1514,.T.);
#2138=EDGE_CURVE('',#1771,#1771,#1515,.T.);
#2139=EDGE_CURVE('',#1771,#1772,#1148,.T.);
#2140=EDGE_CURVE('',#1772,#1772,#1516,.T.);
#2141=EDGE_CURVE('',#1773,#1773,#1517,.T.);
#2142=EDGE_CURVE('',#1773,#1774,#1149,.T.);
#2143=EDGE_CURVE('',#1774,#1774,#1518,.T.);
#2144=EDGE_CURVE('',#1775,#1775,#1519,.T.);
#2145=EDGE_CURVE('',#1775,#1776,#1150,.T.);
#2146=EDGE_CURVE('',#1776,#1776,#1520,.T.);
#2147=EDGE_CURVE('',#1777,#1777,#1521,.T.);
#2148=EDGE_CURVE('',#1777,#1778,#1151,.T.);
#2149=EDGE_CURVE('',#1778,#1778,#1522,.T.);
#2150=EDGE_CURVE('',#1779,#1779,#1523,.T.);
#2151=EDGE_CURVE('',#1779,#1780,#1152,.T.);
#2152=EDGE_CURVE('',#1780,#1780,#1524,.T.);
#2153=EDGE_CURVE('',#1781,#1781,#1525,.T.);
#2154=EDGE_CURVE('',#1781,#1782,#1153,.T.);
#2155=EDGE_CURVE('',#1782,#1782,#1526,.T.);
#2156=EDGE_CURVE('',#1783,#1783,#1527,.T.);
#2157=EDGE_CURVE('',#1783,#1784,#1154,.T.);
#2158=EDGE_CURVE('',#1784,#1784,#1528,.T.);
#2159=EDGE_CURVE('',#1785,#1785,#1529,.T.);
#2160=EDGE_CURVE('',#1785,#1786,#1155,.T.);
#2161=EDGE_CURVE('',#1786,#1786,#1530,.T.);
#2162=EDGE_CURVE('',#1787,#1787,#1531,.T.);
#2163=EDGE_CURVE('',#1787,#1788,#1156,.T.);
#2164=EDGE_CURVE('',#1788,#1788,#1532,.T.);
#2165=EDGE_CURVE('',#1789,#1789,#1533,.T.);
#2166=EDGE_CURVE('',#1789,#1790,#1157,.T.);
#2167=EDGE_CURVE('',#1790,#1790,#1534,.T.);
#2168=EDGE_CURVE('',#1791,#1791,#1535,.T.);
#2169=EDGE_CURVE('',#1791,#1792,#1158,.T.);
#2170=EDGE_CURVE('',#1792,#1792,#1536,.T.);
#2171=EDGE_CURVE('',#1793,#1793,#1537,.T.);
#2172=EDGE_CURVE('',#1793,#1794,#1159,.T.);
#2173=EDGE_CURVE('',#1794,#1794,#1538,.T.);
#2174=EDGE_CURVE('',#1795,#1795,#1539,.T.);
#2175=EDGE_CURVE('',#1795,#1796,#1160,.T.);
#2176=EDGE_CURVE('',#1796,#1796,#1540,.T.);
#2177=EDGE_CURVE('',#1797,#1797,#1541,.T.);
#2178=EDGE_CURVE('',#1797,#1798,#1161,.T.);
#2179=EDGE_CURVE('',#1798,#1798,#1542,.T.);
#2180=EDGE_CURVE('',#1799,#1799,#1543,.T.);
#2181=EDGE_CURVE('',#1799,#1800,#1162,.T.);
#2182=EDGE_CURVE('',#1800,#1800,#1544,.T.);
#2183=EDGE_CURVE('',#1801,#1801,#1545,.T.);
#2184=EDGE_CURVE('',#1801,#1802,#1163,.T.);
#2185=EDGE_CURVE('',#1802,#1802,#1546,.T.);
#2186=EDGE_CURVE('',#1803,#1803,#1547,.T.);
#2187=EDGE_CURVE('',#1803,#1804,#1164,.T.);
#2188=EDGE_CURVE('',#1804,#1804,#1548,.T.);
#2189=ORIENTED_EDGE('',*,*,#1805,.F.);
#2190=ORIENTED_EDGE('',*,*,#1806,.T.);
#2191=ORIENTED_EDGE('',*,*,#1807,.T.);
#2192=ORIENTED_EDGE('',*,*,#1806,.F.);
#2193=ORIENTED_EDGE('',*,*,#1808,.F.);
#2194=ORIENTED_EDGE('',*,*,#1809,.T.);
#2195=ORIENTED_EDGE('',*,*,#1810,.T.);
#2196=ORIENTED_EDGE('',*,*,#1809,.F.);
#2197=ORIENTED_EDGE('',*,*,#1808,.T.);
#2198=ORIENTED_EDGE('',*,*,#1805,.T.);
#2199=ORIENTED_EDGE('',*,*,#1810,.F.);
#2200=ORIENTED_EDGE('',*,*,#1807,.F.);
#2201=ORIENTED_EDGE('',*,*,#1811,.F.);
#2202=ORIENTED_EDGE('',*,*,#1812,.T.);
#2203=ORIENTED_EDGE('',*,*,#1813,.T.);
#2204=ORIENTED_EDGE('',*,*,#1812,.F.);
#2205=ORIENTED_EDGE('',*,*,#1814,.F.);
#2206=ORIENTED_EDGE('',*,*,#1815,.T.);
#2207=ORIENTED_EDGE('',*,*,#1816,.T.);
#2208=ORIENTED_EDGE('',*,*,#1815,.F.);
#2209=ORIENTED_EDGE('',*,*,#1814,.T.);
#2210=ORIENTED_EDGE('',*,*,#1811,.T.);
#2211=ORIENTED_EDGE('',*,*,#1816,.F.);
#2212=ORIENTED_EDGE('',*,*,#1813,.F.);
#2213=ORIENTED_EDGE('',*,*,#1817,.F.);
#2214=ORIENTED_EDGE('',*,*,#1818,.T.);
#2215=ORIENTED_EDGE('',*,*,#1819,.T.);
#2216=ORIENTED_EDGE('',*,*,#1818,.F.);
#2217=ORIENTED_EDGE('',*,*,#1820,.F.);
#2218=ORIENTED_EDGE('',*,*,#1821,.T.);
#2219=ORIENTED_EDGE('',*,*,#1822,.T.);
#2220=ORIENTED_EDGE('',*,*,#1821,.F.);
#2221=ORIENTED_EDGE('',*,*,#1820,.T.);
#2222=ORIENTED_EDGE('',*,*,#1817,.T.);
#2223=ORIENTED_EDGE('',*,*,#1822,.F.);
#2224=ORIENTED_EDGE('',*,*,#1819,.F.);
#2225=ORIENTED_EDGE('',*,*,#1823,.F.);
#2226=ORIENTED_EDGE('',*,*,#1824,.T.);
#2227=ORIENTED_EDGE('',*,*,#1825,.T.);
#2228=ORIENTED_EDGE('',*,*,#1824,.F.);
#2229=ORIENTED_EDGE('',*,*,#1826,.F.);
#2230=ORIENTED_EDGE('',*,*,#1827,.T.);
#2231=ORIENTED_EDGE('',*,*,#1828,.T.);
#2232=ORIENTED_EDGE('',*,*,#1827,.F.);
#2233=ORIENTED_EDGE('',*,*,#1826,.T.);
#2234=ORIENTED_EDGE('',*,*,#1823,.T.);
#2235=ORIENTED_EDGE('',*,*,#1828,.F.);
#2236=ORIENTED_EDGE('',*,*,#1825,.F.);
#2237=ORIENTED_EDGE('',*,*,#1829,.F.);
#2238=ORIENTED_EDGE('',*,*,#1830,.T.);
#2239=ORIENTED_EDGE('',*,*,#1831,.T.);
#2240=ORIENTED_EDGE('',*,*,#1830,.F.);
#2241=ORIENTED_EDGE('',*,*,#1832,.F.);
#2242=ORIENTED_EDGE('',*,*,#1833,.T.);
#2243=ORIENTED_EDGE('',*,*,#1834,.T.);
#2244=ORIENTED_EDGE('',*,*,#1833,.F.);
#2245=ORIENTED_EDGE('',*,*,#1832,.T.);
#2246=ORIENTED_EDGE('',*,*,#1829,.T.);
#2247=ORIENTED_EDGE('',*,*,#1834,.F.);
#2248=ORIENTED_EDGE('',*,*,#1831,.F.);
#2249=ORIENTED_EDGE('',*,*,#1835,.F.);
#2250=ORIENTED_EDGE('',*,*,#1836,.T.);
#2251=ORIENTED_EDGE('',*,*,#1837,.T.);
#2252=ORIENTED_EDGE('',*,*,#1836,.F.);
#2253=ORIENTED_EDGE('',*,*,#1838,.F.);
#2254=ORIENTED_EDGE('',*,*,#1839,.T.);
#2255=ORIENTED_EDGE('',*,*,#1840,.T.);
#2256=ORIENTED_EDGE('',*,*,#1839,.F.);
#2257=ORIENTED_EDGE('',*,*,#1838,.T.);
#2258=ORIENTED_EDGE('',*,*,#1835,.T.);
#2259=ORIENTED_EDGE('',*,*,#1840,.F.);
#2260=ORIENTED_EDGE('',*,*,#1837,.F.);
#2261=ORIENTED_EDGE('',*,*,#1841,.F.);
#2262=ORIENTED_EDGE('',*,*,#1842,.T.);
#2263=ORIENTED_EDGE('',*,*,#1843,.T.);
#2264=ORIENTED_EDGE('',*,*,#1842,.F.);
#2265=ORIENTED_EDGE('',*,*,#1844,.F.);
#2266=ORIENTED_EDGE('',*,*,#1845,.T.);
#2267=ORIENTED_EDGE('',*,*,#1846,.T.);
#2268=ORIENTED_EDGE('',*,*,#1845,.F.);
#2269=ORIENTED_EDGE('',*,*,#1844,.T.);
#2270=ORIENTED_EDGE('',*,*,#1841,.T.);
#2271=ORIENTED_EDGE('',*,*,#1846,.F.);
#2272=ORIENTED_EDGE('',*,*,#1843,.F.);
#2273=ORIENTED_EDGE('',*,*,#1847,.F.);
#2274=ORIENTED_EDGE('',*,*,#1848,.T.);
#2275=ORIENTED_EDGE('',*,*,#1849,.T.);
#2276=ORIENTED_EDGE('',*,*,#1848,.F.);
#2277=ORIENTED_EDGE('',*,*,#1850,.F.);
#2278=ORIENTED_EDGE('',*,*,#1851,.T.);
#2279=ORIENTED_EDGE('',*,*,#1852,.T.);
#2280=ORIENTED_EDGE('',*,*,#1851,.F.);
#2281=ORIENTED_EDGE('',*,*,#1850,.T.);
#2282=ORIENTED_EDGE('',*,*,#1847,.T.);
#2283=ORIENTED_EDGE('',*,*,#1852,.F.);
#2284=ORIENTED_EDGE('',*,*,#1849,.F.);
#2285=ORIENTED_EDGE('',*,*,#1853,.F.);
#2286=ORIENTED_EDGE('',*,*,#1854,.T.);
#2287=ORIENTED_EDGE('',*,*,#1855,.T.);
#2288=ORIENTED_EDGE('',*,*,#1854,.F.);
#2289=ORIENTED_EDGE('',*,*,#1856,.F.);
#2290=ORIENTED_EDGE('',*,*,#1857,.T.);
#2291=ORIENTED_EDGE('',*,*,#1858,.T.);
#2292=ORIENTED_EDGE('',*,*,#1857,.F.);
#2293=ORIENTED_EDGE('',*,*,#1856,.T.);
#2294=ORIENTED_EDGE('',*,*,#1853,.T.);
#2295=ORIENTED_EDGE('',*,*,#1858,.F.);
#2296=ORIENTED_EDGE('',*,*,#1855,.F.);
#2297=ORIENTED_EDGE('',*,*,#1859,.F.);
#2298=ORIENTED_EDGE('',*,*,#1860,.T.);
#2299=ORIENTED_EDGE('',*,*,#1861,.T.);
#2300=ORIENTED_EDGE('',*,*,#1860,.F.);
#2301=ORIENTED_EDGE('',*,*,#1862,.F.);
#2302=ORIENTED_EDGE('',*,*,#1863,.T.);
#2303=ORIENTED_EDGE('',*,*,#1864,.T.);
#2304=ORIENTED_EDGE('',*,*,#1863,.F.);
#2305=ORIENTED_EDGE('',*,*,#1862,.T.);
#2306=ORIENTED_EDGE('',*,*,#1859,.T.);
#2307=ORIENTED_EDGE('',*,*,#1864,.F.);
#2308=ORIENTED_EDGE('',*,*,#1861,.F.);
#2309=ORIENTED_EDGE('',*,*,#1865,.F.);
#2310=ORIENTED_EDGE('',*,*,#1866,.T.);
#2311=ORIENTED_EDGE('',*,*,#1867,.T.);
#2312=ORIENTED_EDGE('',*,*,#1866,.F.);
#2313=ORIENTED_EDGE('',*,*,#1868,.F.);
#2314=ORIENTED_EDGE('',*,*,#1869,.T.);
#2315=ORIENTED_EDGE('',*,*,#1870,.T.);
#2316=ORIENTED_EDGE('',*,*,#1869,.F.);
#2317=ORIENTED_EDGE('',*,*,#1868,.T.);
#2318=ORIENTED_EDGE('',*,*,#1865,.T.);
#2319=ORIENTED_EDGE('',*,*,#1870,.F.);
#2320=ORIENTED_EDGE('',*,*,#1867,.F.);
#2321=ORIENTED_EDGE('',*,*,#1871,.F.);
#2322=ORIENTED_EDGE('',*,*,#1872,.T.);
#2323=ORIENTED_EDGE('',*,*,#1873,.T.);
#2324=ORIENTED_EDGE('',*,*,#1872,.F.);
#2325=ORIENTED_EDGE('',*,*,#1874,.F.);
#2326=ORIENTED_EDGE('',*,*,#1875,.T.);
#2327=ORIENTED_EDGE('',*,*,#1876,.T.);
#2328=ORIENTED_EDGE('',*,*,#1875,.F.);
#2329=ORIENTED_EDGE('',*,*,#1874,.T.);
#2330=ORIENTED_EDGE('',*,*,#1871,.T.);
#2331=ORIENTED_EDGE('',*,*,#1876,.F.);
#2332=ORIENTED_EDGE('',*,*,#1873,.F.);
#2333=ORIENTED_EDGE('',*,*,#1877,.F.);
#2334=ORIENTED_EDGE('',*,*,#1878,.T.);
#2335=ORIENTED_EDGE('',*,*,#1879,.T.);
#2336=ORIENTED_EDGE('',*,*,#1878,.F.);
#2337=ORIENTED_EDGE('',*,*,#1880,.F.);
#2338=ORIENTED_EDGE('',*,*,#1881,.T.);
#2339=ORIENTED_EDGE('',*,*,#1882,.T.);
#2340=ORIENTED_EDGE('',*,*,#1881,.F.);
#2341=ORIENTED_EDGE('',*,*,#1880,.T.);
#2342=ORIENTED_EDGE('',*,*,#1877,.T.);
#2343=ORIENTED_EDGE('',*,*,#1882,.F.);
#2344=ORIENTED_EDGE('',*,*,#1879,.F.);
#2345=ORIENTED_EDGE('',*,*,#1883,.F.);
#2346=ORIENTED_EDGE('',*,*,#1884,.T.);
#2347=ORIENTED_EDGE('',*,*,#1885,.T.);
#2348=ORIENTED_EDGE('',*,*,#1884,.F.);
#2349=ORIENTED_EDGE('',*,*,#1886,.F.);
#2350=ORIENTED_EDGE('',*,*,#1887,.T.);
#2351=ORIENTED_EDGE('',*,*,#1888,.T.);
#2352=ORIENTED_EDGE('',*,*,#1887,.F.);
#2353=ORIENTED_EDGE('',*,*,#1886,.T.);
#2354=ORIENTED_EDGE('',*,*,#1883,.T.);
#2355=ORIENTED_EDGE('',*,*,#1888,.F.);
#2356=ORIENTED_EDGE('',*,*,#1885,.F.);
#2357=ORIENTED_EDGE('',*,*,#1889,.F.);
#2358=ORIENTED_EDGE('',*,*,#1890,.T.);
#2359=ORIENTED_EDGE('',*,*,#1891,.T.);
#2360=ORIENTED_EDGE('',*,*,#1890,.F.);
#2361=ORIENTED_EDGE('',*,*,#1892,.F.);
#2362=ORIENTED_EDGE('',*,*,#1893,.T.);
#2363=ORIENTED_EDGE('',*,*,#1894,.T.);
#2364=ORIENTED_EDGE('',*,*,#1893,.F.);
#2365=ORIENTED_EDGE('',*,*,#1892,.T.);
#2366=ORIENTED_EDGE('',*,*,#1889,.T.);
#2367=ORIENTED_EDGE('',*,*,#1894,.F.);
#2368=ORIENTED_EDGE('',*,*,#1891,.F.);
#2369=ORIENTED_EDGE('',*,*,#1895,.F.);
#2370=ORIENTED_EDGE('',*,*,#1896,.T.);
#2371=ORIENTED_EDGE('',*,*,#1897,.T.);
#2372=ORIENTED_EDGE('',*,*,#1896,.F.);
#2373=ORIENTED_EDGE('',*,*,#1898,.F.);
#2374=ORIENTED_EDGE('',*,*,#1899,.T.);
#2375=ORIENTED_EDGE('',*,*,#1900,.T.);
#2376=ORIENTED_EDGE('',*,*,#1899,.F.);
#2377=ORIENTED_EDGE('',*,*,#1898,.T.);
#2378=ORIENTED_EDGE('',*,*,#1895,.T.);
#2379=ORIENTED_EDGE('',*,*,#1900,.F.);
#2380=ORIENTED_EDGE('',*,*,#1897,.F.);
#2381=ORIENTED_EDGE('',*,*,#1901,.F.);
#2382=ORIENTED_EDGE('',*,*,#1902,.T.);
#2383=ORIENTED_EDGE('',*,*,#1903,.T.);
#2384=ORIENTED_EDGE('',*,*,#1902,.F.);
#2385=ORIENTED_EDGE('',*,*,#1904,.F.);
#2386=ORIENTED_EDGE('',*,*,#1905,.T.);
#2387=ORIENTED_EDGE('',*,*,#1906,.T.);
#2388=ORIENTED_EDGE('',*,*,#1905,.F.);
#2389=ORIENTED_EDGE('',*,*,#1904,.T.);
#2390=ORIENTED_EDGE('',*,*,#1901,.T.);
#2391=ORIENTED_EDGE('',*,*,#1906,.F.);
#2392=ORIENTED_EDGE('',*,*,#1903,.F.);
#2393=ORIENTED_EDGE('',*,*,#1907,.F.);
#2394=ORIENTED_EDGE('',*,*,#1908,.T.);
#2395=ORIENTED_EDGE('',*,*,#1909,.T.);
#2396=ORIENTED_EDGE('',*,*,#1908,.F.);
#2397=ORIENTED_EDGE('',*,*,#1910,.F.);
#2398=ORIENTED_EDGE('',*,*,#1911,.T.);
#2399=ORIENTED_EDGE('',*,*,#1912,.T.);
#2400=ORIENTED_EDGE('',*,*,#1911,.F.);
#2401=ORIENTED_EDGE('',*,*,#1910,.T.);
#2402=ORIENTED_EDGE('',*,*,#1907,.T.);
#2403=ORIENTED_EDGE('',*,*,#1912,.F.);
#2404=ORIENTED_EDGE('',*,*,#1909,.F.);
#2405=ORIENTED_EDGE('',*,*,#1913,.F.);
#2406=ORIENTED_EDGE('',*,*,#1914,.T.);
#2407=ORIENTED_EDGE('',*,*,#1915,.T.);
#2408=ORIENTED_EDGE('',*,*,#1914,.F.);
#2409=ORIENTED_EDGE('',*,*,#1916,.F.);
#2410=ORIENTED_EDGE('',*,*,#1917,.T.);
#2411=ORIENTED_EDGE('',*,*,#1918,.T.);
#2412=ORIENTED_EDGE('',*,*,#1917,.F.);
#2413=ORIENTED_EDGE('',*,*,#1916,.T.);
#2414=ORIENTED_EDGE('',*,*,#1913,.T.);
#2415=ORIENTED_EDGE('',*,*,#1918,.F.);
#2416=ORIENTED_EDGE('',*,*,#1915,.F.);
#2417=ORIENTED_EDGE('',*,*,#1919,.F.);
#2418=ORIENTED_EDGE('',*,*,#1920,.T.);
#2419=ORIENTED_EDGE('',*,*,#1921,.T.);
#2420=ORIENTED_EDGE('',*,*,#1920,.F.);
#2421=ORIENTED_EDGE('',*,*,#1922,.F.);
#2422=ORIENTED_EDGE('',*,*,#1923,.T.);
#2423=ORIENTED_EDGE('',*,*,#1924,.T.);
#2424=ORIENTED_EDGE('',*,*,#1923,.F.);
#2425=ORIENTED_EDGE('',*,*,#1922,.T.);
#2426=ORIENTED_EDGE('',*,*,#1919,.T.);
#2427=ORIENTED_EDGE('',*,*,#1924,.F.);
#2428=ORIENTED_EDGE('',*,*,#1921,.F.);
#2429=ORIENTED_EDGE('',*,*,#1925,.F.);
#2430=ORIENTED_EDGE('',*,*,#1926,.T.);
#2431=ORIENTED_EDGE('',*,*,#1927,.T.);
#2432=ORIENTED_EDGE('',*,*,#1926,.F.);
#2433=ORIENTED_EDGE('',*,*,#1928,.F.);
#2434=ORIENTED_EDGE('',*,*,#1929,.T.);
#2435=ORIENTED_EDGE('',*,*,#1930,.T.);
#2436=ORIENTED_EDGE('',*,*,#1929,.F.);
#2437=ORIENTED_EDGE('',*,*,#1928,.T.);
#2438=ORIENTED_EDGE('',*,*,#1925,.T.);
#2439=ORIENTED_EDGE('',*,*,#1930,.F.);
#2440=ORIENTED_EDGE('',*,*,#1927,.F.);
#2441=ORIENTED_EDGE('',*,*,#1931,.F.);
#2442=ORIENTED_EDGE('',*,*,#1932,.T.);
#2443=ORIENTED_EDGE('',*,*,#1933,.T.);
#2444=ORIENTED_EDGE('',*,*,#1932,.F.);
#2445=ORIENTED_EDGE('',*,*,#1934,.F.);
#2446=ORIENTED_EDGE('',*,*,#1935,.T.);
#2447=ORIENTED_EDGE('',*,*,#1936,.T.);
#2448=ORIENTED_EDGE('',*,*,#1935,.F.);
#2449=ORIENTED_EDGE('',*,*,#1934,.T.);
#2450=ORIENTED_EDGE('',*,*,#1931,.T.);
#2451=ORIENTED_EDGE('',*,*,#1936,.F.);
#2452=ORIENTED_EDGE('',*,*,#1933,.F.);
#2453=ORIENTED_EDGE('',*,*,#1937,.F.);
#2454=ORIENTED_EDGE('',*,*,#1938,.T.);
#2455=ORIENTED_EDGE('',*,*,#1939,.T.);
#2456=ORIENTED_EDGE('',*,*,#1938,.F.);
#2457=ORIENTED_EDGE('',*,*,#1940,.F.);
#2458=ORIENTED_EDGE('',*,*,#1941,.T.);
#2459=ORIENTED_EDGE('',*,*,#1942,.T.);
#2460=ORIENTED_EDGE('',*,*,#1941,.F.);
#2461=ORIENTED_EDGE('',*,*,#1940,.T.);
#2462=ORIENTED_EDGE('',*,*,#1937,.T.);
#2463=ORIENTED_EDGE('',*,*,#1942,.F.);
#2464=ORIENTED_EDGE('',*,*,#1939,.F.);
#2465=ORIENTED_EDGE('',*,*,#1943,.F.);
#2466=ORIENTED_EDGE('',*,*,#1944,.T.);
#2467=ORIENTED_EDGE('',*,*,#1945,.T.);
#2468=ORIENTED_EDGE('',*,*,#1944,.F.);
#2469=ORIENTED_EDGE('',*,*,#1946,.F.);
#2470=ORIENTED_EDGE('',*,*,#1947,.T.);
#2471=ORIENTED_EDGE('',*,*,#1948,.T.);
#2472=ORIENTED_EDGE('',*,*,#1947,.F.);
#2473=ORIENTED_EDGE('',*,*,#1946,.T.);
#2474=ORIENTED_EDGE('',*,*,#1943,.T.);
#2475=ORIENTED_EDGE('',*,*,#1948,.F.);
#2476=ORIENTED_EDGE('',*,*,#1945,.F.);
#2477=ORIENTED_EDGE('',*,*,#1949,.F.);
#2478=ORIENTED_EDGE('',*,*,#1950,.T.);
#2479=ORIENTED_EDGE('',*,*,#1951,.T.);
#2480=ORIENTED_EDGE('',*,*,#1950,.F.);
#2481=ORIENTED_EDGE('',*,*,#1952,.F.);
#2482=ORIENTED_EDGE('',*,*,#1953,.T.);
#2483=ORIENTED_EDGE('',*,*,#1954,.T.);
#2484=ORIENTED_EDGE('',*,*,#1953,.F.);
#2485=ORIENTED_EDGE('',*,*,#1952,.T.);
#2486=ORIENTED_EDGE('',*,*,#1949,.T.);
#2487=ORIENTED_EDGE('',*,*,#1954,.F.);
#2488=ORIENTED_EDGE('',*,*,#1951,.F.);
#2489=ORIENTED_EDGE('',*,*,#1955,.F.);
#2490=ORIENTED_EDGE('',*,*,#1956,.T.);
#2491=ORIENTED_EDGE('',*,*,#1957,.T.);
#2492=ORIENTED_EDGE('',*,*,#1956,.F.);
#2493=ORIENTED_EDGE('',*,*,#1958,.F.);
#2494=ORIENTED_EDGE('',*,*,#1959,.T.);
#2495=ORIENTED_EDGE('',*,*,#1960,.T.);
#2496=ORIENTED_EDGE('',*,*,#1959,.F.);
#2497=ORIENTED_EDGE('',*,*,#1958,.T.);
#2498=ORIENTED_EDGE('',*,*,#1955,.T.);
#2499=ORIENTED_EDGE('',*,*,#1960,.F.);
#2500=ORIENTED_EDGE('',*,*,#1957,.F.);
#2501=ORIENTED_EDGE('',*,*,#1961,.F.);
#2502=ORIENTED_EDGE('',*,*,#1962,.T.);
#2503=ORIENTED_EDGE('',*,*,#1963,.T.);
#2504=ORIENTED_EDGE('',*,*,#1962,.F.);
#2505=ORIENTED_EDGE('',*,*,#1964,.F.);
#2506=ORIENTED_EDGE('',*,*,#1965,.T.);
#2507=ORIENTED_EDGE('',*,*,#1966,.T.);
#2508=ORIENTED_EDGE('',*,*,#1965,.F.);
#2509=ORIENTED_EDGE('',*,*,#1964,.T.);
#2510=ORIENTED_EDGE('',*,*,#1961,.T.);
#2511=ORIENTED_EDGE('',*,*,#1966,.F.);
#2512=ORIENTED_EDGE('',*,*,#1963,.F.);
#2513=ORIENTED_EDGE('',*,*,#1967,.F.);
#2514=ORIENTED_EDGE('',*,*,#1968,.T.);
#2515=ORIENTED_EDGE('',*,*,#1969,.T.);
#2516=ORIENTED_EDGE('',*,*,#1968,.F.);
#2517=ORIENTED_EDGE('',*,*,#1970,.F.);
#2518=ORIENTED_EDGE('',*,*,#1971,.T.);
#2519=ORIENTED_EDGE('',*,*,#1972,.T.);
#2520=ORIENTED_EDGE('',*,*,#1971,.F.);
#2521=ORIENTED_EDGE('',*,*,#1970,.T.);
#2522=ORIENTED_EDGE('',*,*,#1967,.T.);
#2523=ORIENTED_EDGE('',*,*,#1972,.F.);
#2524=ORIENTED_EDGE('',*,*,#1969,.F.);
#2525=ORIENTED_EDGE('',*,*,#1973,.F.);
#2526=ORIENTED_EDGE('',*,*,#1974,.T.);
#2527=ORIENTED_EDGE('',*,*,#1975,.T.);
#2528=ORIENTED_EDGE('',*,*,#1974,.F.);
#2529=ORIENTED_EDGE('',*,*,#1976,.F.);
#2530=ORIENTED_EDGE('',*,*,#1977,.T.);
#2531=ORIENTED_EDGE('',*,*,#1978,.T.);
#2532=ORIENTED_EDGE('',*,*,#1977,.F.);
#2533=ORIENTED_EDGE('',*,*,#1976,.T.);
#2534=ORIENTED_EDGE('',*,*,#1973,.T.);
#2535=ORIENTED_EDGE('',*,*,#1978,.F.);
#2536=ORIENTED_EDGE('',*,*,#1975,.F.);
#2537=ORIENTED_EDGE('',*,*,#1979,.F.);
#2538=ORIENTED_EDGE('',*,*,#1980,.T.);
#2539=ORIENTED_EDGE('',*,*,#1981,.T.);
#2540=ORIENTED_EDGE('',*,*,#1980,.F.);
#2541=ORIENTED_EDGE('',*,*,#1982,.F.);
#2542=ORIENTED_EDGE('',*,*,#1983,.T.);
#2543=ORIENTED_EDGE('',*,*,#1984,.T.);
#2544=ORIENTED_EDGE('',*,*,#1983,.F.);
#2545=ORIENTED_EDGE('',*,*,#1982,.T.);
#2546=ORIENTED_EDGE('',*,*,#1979,.T.);
#2547=ORIENTED_EDGE('',*,*,#1984,.F.);
#2548=ORIENTED_EDGE('',*,*,#1981,.F.);
#2549=ORIENTED_EDGE('',*,*,#1985,.F.);
#2550=ORIENTED_EDGE('',*,*,#1986,.T.);
#2551=ORIENTED_EDGE('',*,*,#1987,.T.);
#2552=ORIENTED_EDGE('',*,*,#1986,.F.);
#2553=ORIENTED_EDGE('',*,*,#1988,.F.);
#2554=ORIENTED_EDGE('',*,*,#1989,.T.);
#2555=ORIENTED_EDGE('',*,*,#1990,.T.);
#2556=ORIENTED_EDGE('',*,*,#1989,.F.);
#2557=ORIENTED_EDGE('',*,*,#1988,.T.);
#2558=ORIENTED_EDGE('',*,*,#1985,.T.);
#2559=ORIENTED_EDGE('',*,*,#1990,.F.);
#2560=ORIENTED_EDGE('',*,*,#1987,.F.);
#2561=ORIENTED_EDGE('',*,*,#1991,.F.);
#2562=ORIENTED_EDGE('',*,*,#1992,.T.);
#2563=ORIENTED_EDGE('',*,*,#1993,.T.);
#2564=ORIENTED_EDGE('',*,*,#1992,.F.);
#2565=ORIENTED_EDGE('',*,*,#1994,.F.);
#2566=ORIENTED_EDGE('',*,*,#1995,.T.);
#2567=ORIENTED_EDGE('',*,*,#1996,.T.);
#2568=ORIENTED_EDGE('',*,*,#1995,.F.);
#2569=ORIENTED_EDGE('',*,*,#1994,.T.);
#2570=ORIENTED_EDGE('',*,*,#1991,.T.);
#2571=ORIENTED_EDGE('',*,*,#1996,.F.);
#2572=ORIENTED_EDGE('',*,*,#1993,.F.);
#2573=ORIENTED_EDGE('',*,*,#1997,.F.);
#2574=ORIENTED_EDGE('',*,*,#1998,.T.);
#2575=ORIENTED_EDGE('',*,*,#1999,.T.);
#2576=ORIENTED_EDGE('',*,*,#1998,.F.);
#2577=ORIENTED_EDGE('',*,*,#2000,.F.);
#2578=ORIENTED_EDGE('',*,*,#2001,.T.);
#2579=ORIENTED_EDGE('',*,*,#2002,.T.);
#2580=ORIENTED_EDGE('',*,*,#2001,.F.);
#2581=ORIENTED_EDGE('',*,*,#2000,.T.);
#2582=ORIENTED_EDGE('',*,*,#1997,.T.);
#2583=ORIENTED_EDGE('',*,*,#2002,.F.);
#2584=ORIENTED_EDGE('',*,*,#1999,.F.);
#2585=ORIENTED_EDGE('',*,*,#2003,.F.);
#2586=ORIENTED_EDGE('',*,*,#2004,.T.);
#2587=ORIENTED_EDGE('',*,*,#2005,.T.);
#2588=ORIENTED_EDGE('',*,*,#2004,.F.);
#2589=ORIENTED_EDGE('',*,*,#2006,.F.);
#2590=ORIENTED_EDGE('',*,*,#2007,.T.);
#2591=ORIENTED_EDGE('',*,*,#2008,.T.);
#2592=ORIENTED_EDGE('',*,*,#2007,.F.);
#2593=ORIENTED_EDGE('',*,*,#2006,.T.);
#2594=ORIENTED_EDGE('',*,*,#2003,.T.);
#2595=ORIENTED_EDGE('',*,*,#2008,.F.);
#2596=ORIENTED_EDGE('',*,*,#2005,.F.);
#2597=ORIENTED_EDGE('',*,*,#2009,.F.);
#2598=ORIENTED_EDGE('',*,*,#2010,.T.);
#2599=ORIENTED_EDGE('',*,*,#2011,.T.);
#2600=ORIENTED_EDGE('',*,*,#2010,.F.);
#2601=ORIENTED_EDGE('',*,*,#2012,.F.);
#2602=ORIENTED_EDGE('',*,*,#2013,.T.);
#2603=ORIENTED_EDGE('',*,*,#2014,.T.);
#2604=ORIENTED_EDGE('',*,*,#2013,.F.);
#2605=ORIENTED_EDGE('',*,*,#2012,.T.);
#2606=ORIENTED_EDGE('',*,*,#2009,.T.);
#2607=ORIENTED_EDGE('',*,*,#2014,.F.);
#2608=ORIENTED_EDGE('',*,*,#2011,.F.);
#2609=ORIENTED_EDGE('',*,*,#2015,.F.);
#2610=ORIENTED_EDGE('',*,*,#2016,.T.);
#2611=ORIENTED_EDGE('',*,*,#2017,.T.);
#2612=ORIENTED_EDGE('',*,*,#2016,.F.);
#2613=ORIENTED_EDGE('',*,*,#2018,.F.);
#2614=ORIENTED_EDGE('',*,*,#2019,.T.);
#2615=ORIENTED_EDGE('',*,*,#2020,.T.);
#2616=ORIENTED_EDGE('',*,*,#2019,.F.);
#2617=ORIENTED_EDGE('',*,*,#2018,.T.);
#2618=ORIENTED_EDGE('',*,*,#2015,.T.);
#2619=ORIENTED_EDGE('',*,*,#2020,.F.);
#2620=ORIENTED_EDGE('',*,*,#2017,.F.);
#2621=ORIENTED_EDGE('',*,*,#2021,.F.);
#2622=ORIENTED_EDGE('',*,*,#2022,.T.);
#2623=ORIENTED_EDGE('',*,*,#2023,.T.);
#2624=ORIENTED_EDGE('',*,*,#2022,.F.);
#2625=ORIENTED_EDGE('',*,*,#2024,.F.);
#2626=ORIENTED_EDGE('',*,*,#2025,.T.);
#2627=ORIENTED_EDGE('',*,*,#2026,.T.);
#2628=ORIENTED_EDGE('',*,*,#2025,.F.);
#2629=ORIENTED_EDGE('',*,*,#2024,.T.);
#2630=ORIENTED_EDGE('',*,*,#2021,.T.);
#2631=ORIENTED_EDGE('',*,*,#2026,.F.);
#2632=ORIENTED_EDGE('',*,*,#2023,.F.);
#2633=ORIENTED_EDGE('',*,*,#2027,.F.);
#2634=ORIENTED_EDGE('',*,*,#2028,.T.);
#2635=ORIENTED_EDGE('',*,*,#2029,.T.);
#2636=ORIENTED_EDGE('',*,*,#2028,.F.);
#2637=ORIENTED_EDGE('',*,*,#2030,.F.);
#2638=ORIENTED_EDGE('',*,*,#2031,.T.);
#2639=ORIENTED_EDGE('',*,*,#2032,.T.);
#2640=ORIENTED_EDGE('',*,*,#2031,.F.);
#2641=ORIENTED_EDGE('',*,*,#2030,.T.);
#2642=ORIENTED_EDGE('',*,*,#2027,.T.);
#2643=ORIENTED_EDGE('',*,*,#2032,.F.);
#2644=ORIENTED_EDGE('',*,*,#2029,.F.);
#2645=ORIENTED_EDGE('',*,*,#2033,.F.);
#2646=ORIENTED_EDGE('',*,*,#2034,.T.);
#2647=ORIENTED_EDGE('',*,*,#2035,.T.);
#2648=ORIENTED_EDGE('',*,*,#2034,.F.);
#2649=ORIENTED_EDGE('',*,*,#2036,.F.);
#2650=ORIENTED_EDGE('',*,*,#2037,.T.);
#2651=ORIENTED_EDGE('',*,*,#2038,.T.);
#2652=ORIENTED_EDGE('',*,*,#2037,.F.);
#2653=ORIENTED_EDGE('',*,*,#2036,.T.);
#2654=ORIENTED_EDGE('',*,*,#2033,.T.);
#2655=ORIENTED_EDGE('',*,*,#2038,.F.);
#2656=ORIENTED_EDGE('',*,*,#2035,.F.);
#2657=ORIENTED_EDGE('',*,*,#2039,.F.);
#2658=ORIENTED_EDGE('',*,*,#2040,.T.);
#2659=ORIENTED_EDGE('',*,*,#2041,.T.);
#2660=ORIENTED_EDGE('',*,*,#2040,.F.);
#2661=ORIENTED_EDGE('',*,*,#2042,.F.);
#2662=ORIENTED_EDGE('',*,*,#2043,.T.);
#2663=ORIENTED_EDGE('',*,*,#2044,.T.);
#2664=ORIENTED_EDGE('',*,*,#2043,.F.);
#2665=ORIENTED_EDGE('',*,*,#2042,.T.);
#2666=ORIENTED_EDGE('',*,*,#2039,.T.);
#2667=ORIENTED_EDGE('',*,*,#2044,.F.);
#2668=ORIENTED_EDGE('',*,*,#2041,.F.);
#2669=ORIENTED_EDGE('',*,*,#2045,.F.);
#2670=ORIENTED_EDGE('',*,*,#2046,.T.);
#2671=ORIENTED_EDGE('',*,*,#2047,.T.);
#2672=ORIENTED_EDGE('',*,*,#2046,.F.);
#2673=ORIENTED_EDGE('',*,*,#2048,.F.);
#2674=ORIENTED_EDGE('',*,*,#2049,.T.);
#2675=ORIENTED_EDGE('',*,*,#2050,.T.);
#2676=ORIENTED_EDGE('',*,*,#2049,.F.);
#2677=ORIENTED_EDGE('',*,*,#2048,.T.);
#2678=ORIENTED_EDGE('',*,*,#2045,.T.);
#2679=ORIENTED_EDGE('',*,*,#2050,.F.);
#2680=ORIENTED_EDGE('',*,*,#2047,.F.);
#2681=ORIENTED_EDGE('',*,*,#2051,.F.);
#2682=ORIENTED_EDGE('',*,*,#2052,.T.);
#2683=ORIENTED_EDGE('',*,*,#2053,.T.);
#2684=ORIENTED_EDGE('',*,*,#2052,.F.);
#2685=ORIENTED_EDGE('',*,*,#2054,.F.);
#2686=ORIENTED_EDGE('',*,*,#2055,.T.);
#2687=ORIENTED_EDGE('',*,*,#2056,.T.);
#2688=ORIENTED_EDGE('',*,*,#2055,.F.);
#2689=ORIENTED_EDGE('',*,*,#2054,.T.);
#2690=ORIENTED_EDGE('',*,*,#2051,.T.);
#2691=ORIENTED_EDGE('',*,*,#2056,.F.);
#2692=ORIENTED_EDGE('',*,*,#2053,.F.);
#2693=ORIENTED_EDGE('',*,*,#2057,.F.);
#2694=ORIENTED_EDGE('',*,*,#2058,.T.);
#2695=ORIENTED_EDGE('',*,*,#2059,.T.);
#2696=ORIENTED_EDGE('',*,*,#2058,.F.);
#2697=ORIENTED_EDGE('',*,*,#2060,.F.);
#2698=ORIENTED_EDGE('',*,*,#2061,.T.);
#2699=ORIENTED_EDGE('',*,*,#2062,.T.);
#2700=ORIENTED_EDGE('',*,*,#2061,.F.);
#2701=ORIENTED_EDGE('',*,*,#2060,.T.);
#2702=ORIENTED_EDGE('',*,*,#2057,.T.);
#2703=ORIENTED_EDGE('',*,*,#2062,.F.);
#2704=ORIENTED_EDGE('',*,*,#2059,.F.);
#2705=ORIENTED_EDGE('',*,*,#2063,.F.);
#2706=ORIENTED_EDGE('',*,*,#2064,.T.);
#2707=ORIENTED_EDGE('',*,*,#2065,.T.);
#2708=ORIENTED_EDGE('',*,*,#2064,.F.);
#2709=ORIENTED_EDGE('',*,*,#2066,.F.);
#2710=ORIENTED_EDGE('',*,*,#2067,.T.);
#2711=ORIENTED_EDGE('',*,*,#2068,.T.);
#2712=ORIENTED_EDGE('',*,*,#2067,.F.);
#2713=ORIENTED_EDGE('',*,*,#2066,.T.);
#2714=ORIENTED_EDGE('',*,*,#2063,.T.);
#2715=ORIENTED_EDGE('',*,*,#2068,.F.);
#2716=ORIENTED_EDGE('',*,*,#2065,.F.);
#2717=ORIENTED_EDGE('',*,*,#2069,.F.);
#2718=ORIENTED_EDGE('',*,*,#2070,.T.);
#2719=ORIENTED_EDGE('',*,*,#2071,.T.);
#2720=ORIENTED_EDGE('',*,*,#2070,.F.);
#2721=ORIENTED_EDGE('',*,*,#2072,.F.);
#2722=ORIENTED_EDGE('',*,*,#2073,.T.);
#2723=ORIENTED_EDGE('',*,*,#2074,.T.);
#2724=ORIENTED_EDGE('',*,*,#2073,.F.);
#2725=ORIENTED_EDGE('',*,*,#2072,.T.);
#2726=ORIENTED_EDGE('',*,*,#2069,.T.);
#2727=ORIENTED_EDGE('',*,*,#2074,.F.);
#2728=ORIENTED_EDGE('',*,*,#2071,.F.);
#2729=ORIENTED_EDGE('',*,*,#2075,.F.);
#2730=ORIENTED_EDGE('',*,*,#2076,.T.);
#2731=ORIENTED_EDGE('',*,*,#2077,.T.);
#2732=ORIENTED_EDGE('',*,*,#2076,.F.);
#2733=ORIENTED_EDGE('',*,*,#2078,.F.);
#2734=ORIENTED_EDGE('',*,*,#2079,.T.);
#2735=ORIENTED_EDGE('',*,*,#2080,.T.);
#2736=ORIENTED_EDGE('',*,*,#2079,.F.);
#2737=ORIENTED_EDGE('',*,*,#2078,.T.);
#2738=ORIENTED_EDGE('',*,*,#2075,.T.);
#2739=ORIENTED_EDGE('',*,*,#2080,.F.);
#2740=ORIENTED_EDGE('',*,*,#2077,.F.);
#2741=ORIENTED_EDGE('',*,*,#2081,.F.);
#2742=ORIENTED_EDGE('',*,*,#2082,.T.);
#2743=ORIENTED_EDGE('',*,*,#2083,.T.);
#2744=ORIENTED_EDGE('',*,*,#2082,.F.);
#2745=ORIENTED_EDGE('',*,*,#2084,.F.);
#2746=ORIENTED_EDGE('',*,*,#2085,.T.);
#2747=ORIENTED_EDGE('',*,*,#2086,.T.);
#2748=ORIENTED_EDGE('',*,*,#2085,.F.);
#2749=ORIENTED_EDGE('',*,*,#2084,.T.);
#2750=ORIENTED_EDGE('',*,*,#2081,.T.);
#2751=ORIENTED_EDGE('',*,*,#2086,.F.);
#2752=ORIENTED_EDGE('',*,*,#2083,.F.);
#2753=ORIENTED_EDGE('',*,*,#2087,.F.);
#2754=ORIENTED_EDGE('',*,*,#2088,.T.);
#2755=ORIENTED_EDGE('',*,*,#2089,.T.);
#2756=ORIENTED_EDGE('',*,*,#2088,.F.);
#2757=ORIENTED_EDGE('',*,*,#2090,.F.);
#2758=ORIENTED_EDGE('',*,*,#2091,.T.);
#2759=ORIENTED_EDGE('',*,*,#2092,.T.);
#2760=ORIENTED_EDGE('',*,*,#2091,.F.);
#2761=ORIENTED_EDGE('',*,*,#2090,.T.);
#2762=ORIENTED_EDGE('',*,*,#2087,.T.);
#2763=ORIENTED_EDGE('',*,*,#2092,.F.);
#2764=ORIENTED_EDGE('',*,*,#2089,.F.);
#2765=ORIENTED_EDGE('',*,*,#2093,.F.);
#2766=ORIENTED_EDGE('',*,*,#2094,.T.);
#2767=ORIENTED_EDGE('',*,*,#2095,.T.);
#2768=ORIENTED_EDGE('',*,*,#2094,.F.);
#2769=ORIENTED_EDGE('',*,*,#2096,.F.);
#2770=ORIENTED_EDGE('',*,*,#2097,.T.);
#2771=ORIENTED_EDGE('',*,*,#2098,.T.);
#2772=ORIENTED_EDGE('',*,*,#2097,.F.);
#2773=ORIENTED_EDGE('',*,*,#2096,.T.);
#2774=ORIENTED_EDGE('',*,*,#2093,.T.);
#2775=ORIENTED_EDGE('',*,*,#2098,.F.);
#2776=ORIENTED_EDGE('',*,*,#2095,.F.);
#2777=ORIENTED_EDGE('',*,*,#2099,.F.);
#2778=ORIENTED_EDGE('',*,*,#2100,.T.);
#2779=ORIENTED_EDGE('',*,*,#2101,.T.);
#2780=ORIENTED_EDGE('',*,*,#2100,.F.);
#2781=ORIENTED_EDGE('',*,*,#2102,.F.);
#2782=ORIENTED_EDGE('',*,*,#2103,.T.);
#2783=ORIENTED_EDGE('',*,*,#2104,.T.);
#2784=ORIENTED_EDGE('',*,*,#2103,.F.);
#2785=ORIENTED_EDGE('',*,*,#2102,.T.);
#2786=ORIENTED_EDGE('',*,*,#2099,.T.);
#2787=ORIENTED_EDGE('',*,*,#2104,.F.);
#2788=ORIENTED_EDGE('',*,*,#2101,.F.);
#2789=ORIENTED_EDGE('',*,*,#2105,.F.);
#2790=ORIENTED_EDGE('',*,*,#2106,.T.);
#2791=ORIENTED_EDGE('',*,*,#2107,.T.);
#2792=ORIENTED_EDGE('',*,*,#2106,.F.);
#2793=ORIENTED_EDGE('',*,*,#2108,.F.);
#2794=ORIENTED_EDGE('',*,*,#2109,.T.);
#2795=ORIENTED_EDGE('',*,*,#2110,.T.);
#2796=ORIENTED_EDGE('',*,*,#2109,.F.);
#2797=ORIENTED_EDGE('',*,*,#2108,.T.);
#2798=ORIENTED_EDGE('',*,*,#2105,.T.);
#2799=ORIENTED_EDGE('',*,*,#2110,.F.);
#2800=ORIENTED_EDGE('',*,*,#2107,.F.);
#2801=ORIENTED_EDGE('',*,*,#2111,.F.);
#2802=ORIENTED_EDGE('',*,*,#2112,.T.);
#2803=ORIENTED_EDGE('',*,*,#2113,.T.);
#2804=ORIENTED_EDGE('',*,*,#2112,.F.);
#2805=ORIENTED_EDGE('',*,*,#2114,.F.);
#2806=ORIENTED_EDGE('',*,*,#2115,.T.);
#2807=ORIENTED_EDGE('',*,*,#2116,.T.);
#2808=ORIENTED_EDGE('',*,*,#2115,.F.);
#2809=ORIENTED_EDGE('',*,*,#2114,.T.);
#2810=ORIENTED_EDGE('',*,*,#2111,.T.);
#2811=ORIENTED_EDGE('',*,*,#2116,.F.);
#2812=ORIENTED_EDGE('',*,*,#2113,.F.);
#2813=ORIENTED_EDGE('',*,*,#2117,.F.);
#2814=ORIENTED_EDGE('',*,*,#2118,.T.);
#2815=ORIENTED_EDGE('',*,*,#2119,.T.);
#2816=ORIENTED_EDGE('',*,*,#2118,.F.);
#2817=ORIENTED_EDGE('',*,*,#2120,.F.);
#2818=ORIENTED_EDGE('',*,*,#2121,.T.);
#2819=ORIENTED_EDGE('',*,*,#2122,.T.);
#2820=ORIENTED_EDGE('',*,*,#2121,.F.);
#2821=ORIENTED_EDGE('',*,*,#2120,.T.);
#2822=ORIENTED_EDGE('',*,*,#2117,.T.);
#2823=ORIENTED_EDGE('',*,*,#2122,.F.);
#2824=ORIENTED_EDGE('',*,*,#2119,.F.);
#2825=ORIENTED_EDGE('',*,*,#2123,.F.);
#2826=ORIENTED_EDGE('',*,*,#2124,.T.);
#2827=ORIENTED_EDGE('',*,*,#2125,.T.);
#2828=ORIENTED_EDGE('',*,*,#2124,.F.);
#2829=ORIENTED_EDGE('',*,*,#2126,.F.);
#2830=ORIENTED_EDGE('',*,*,#2127,.T.);
#2831=ORIENTED_EDGE('',*,*,#2128,.T.);
#2832=ORIENTED_EDGE('',*,*,#2127,.F.);
#2833=ORIENTED_EDGE('',*,*,#2126,.T.);
#2834=ORIENTED_EDGE('',*,*,#2123,.T.);
#2835=ORIENTED_EDGE('',*,*,#2128,.F.);
#2836=ORIENTED_EDGE('',*,*,#2125,.F.);
#2837=ORIENTED_EDGE('',*,*,#2129,.F.);
#2838=ORIENTED_EDGE('',*,*,#2130,.T.);
#2839=ORIENTED_EDGE('',*,*,#2131,.T.);
#2840=ORIENTED_EDGE('',*,*,#2130,.F.);
#2841=ORIENTED_EDGE('',*,*,#2132,.F.);
#2842=ORIENTED_EDGE('',*,*,#2133,.T.);
#2843=ORIENTED_EDGE('',*,*,#2134,.T.);
#2844=ORIENTED_EDGE('',*,*,#2133,.F.);
#2845=ORIENTED_EDGE('',*,*,#2132,.T.);
#2846=ORIENTED_EDGE('',*,*,#2129,.T.);
#2847=ORIENTED_EDGE('',*,*,#2134,.F.);
#2848=ORIENTED_EDGE('',*,*,#2131,.F.);
#2849=ORIENTED_EDGE('',*,*,#2135,.F.);
#2850=ORIENTED_EDGE('',*,*,#2136,.T.);
#2851=ORIENTED_EDGE('',*,*,#2137,.T.);
#2852=ORIENTED_EDGE('',*,*,#2136,.F.);
#2853=ORIENTED_EDGE('',*,*,#2138,.F.);
#2854=ORIENTED_EDGE('',*,*,#2139,.T.);
#2855=ORIENTED_EDGE('',*,*,#2140,.T.);
#2856=ORIENTED_EDGE('',*,*,#2139,.F.);
#2857=ORIENTED_EDGE('',*,*,#2138,.T.);
#2858=ORIENTED_EDGE('',*,*,#2135,.T.);
#2859=ORIENTED_EDGE('',*,*,#2140,.F.);
#2860=ORIENTED_EDGE('',*,*,#2137,.F.);
#2861=ORIENTED_EDGE('',*,*,#2141,.F.);
#2862=ORIENTED_EDGE('',*,*,#2142,.T.);
#2863=ORIENTED_EDGE('',*,*,#2143,.T.);
#2864=ORIENTED_EDGE('',*,*,#2142,.F.);
#2865=ORIENTED_EDGE('',*,*,#2144,.F.);
#2866=ORIENTED_EDGE('',*,*,#2145,.T.);
#2867=ORIENTED_EDGE('',*,*,#2146,.T.);
#2868=ORIENTED_EDGE('',*,*,#2145,.F.);
#2869=ORIENTED_EDGE('',*,*,#2144,.T.);
#2870=ORIENTED_EDGE('',*,*,#2141,.T.);
#2871=ORIENTED_EDGE('',*,*,#2146,.F.);
#2872=ORIENTED_EDGE('',*,*,#2143,.F.);
#2873=ORIENTED_EDGE('',*,*,#2147,.F.);
#2874=ORIENTED_EDGE('',*,*,#2148,.T.);
#2875=ORIENTED_EDGE('',*,*,#2149,.T.);
#2876=ORIENTED_EDGE('',*,*,#2148,.F.);
#2877=ORIENTED_EDGE('',*,*,#2150,.F.);
#2878=ORIENTED_EDGE('',*,*,#2151,.T.);
#2879=ORIENTED_EDGE('',*,*,#2152,.T.);
#2880=ORIENTED_EDGE('',*,*,#2151,.F.);
#2881=ORIENTED_EDGE('',*,*,#2150,.T.);
#2882=ORIENTED_EDGE('',*,*,#2147,.T.);
#2883=ORIENTED_EDGE('',*,*,#2152,.F.);
#2884=ORIENTED_EDGE('',*,*,#2149,.F.);
#2885=ORIENTED_EDGE('',*,*,#2153,.F.);
#2886=ORIENTED_EDGE('',*,*,#2154,.T.);
#2887=ORIENTED_EDGE('',*,*,#2155,.T.);
#2888=ORIENTED_EDGE('',*,*,#2154,.F.);
#2889=ORIENTED_EDGE('',*,*,#2156,.F.);
#2890=ORIENTED_EDGE('',*,*,#2157,.T.);
#2891=ORIENTED_EDGE('',*,*,#2158,.T.);
#2892=ORIENTED_EDGE('',*,*,#2157,.F.);
#2893=ORIENTED_EDGE('',*,*,#2156,.T.);
#2894=ORIENTED_EDGE('',*,*,#2153,.T.);
#2895=ORIENTED_EDGE('',*,*,#2158,.F.);
#2896=ORIENTED_EDGE('',*,*,#2155,.F.);
#2897=ORIENTED_EDGE('',*,*,#2159,.F.);
#2898=ORIENTED_EDGE('',*,*,#2160,.T.);
#2899=ORIENTED_EDGE('',*,*,#2161,.T.);
#2900=ORIENTED_EDGE('',*,*,#2160,.F.);
#2901=ORIENTED_EDGE('',*,*,#2162,.F.);
#2902=ORIENTED_EDGE('',*,*,#2163,.T.);
#2903=ORIENTED_EDGE('',*,*,#2164,.T.);
#2904=ORIENTED_EDGE('',*,*,#2163,.F.);
#2905=ORIENTED_EDGE('',*,*,#2162,.T.);
#2906=ORIENTED_EDGE('',*,*,#2159,.T.);
#2907=ORIENTED_EDGE('',*,*,#2164,.F.);
#2908=ORIENTED_EDGE('',*,*,#2161,.F.);
#2909=ORIENTED_EDGE('',*,*,#2165,.F.);
#2910=ORIENTED_EDGE('',*,*,#2166,.T.);
#2911=ORIENTED_EDGE('',*,*,#2167,.T.);
#2912=ORIENTED_EDGE('',*,*,#2166,.F.);
#2913=ORIENTED_EDGE('',*,*,#2168,.F.);
#2914=ORIENTED_EDGE('',*,*,#2169,.T.);
#2915=ORIENTED_EDGE('',*,*,#2170,.T.);
#2916=ORIENTED_EDGE('',*,*,#2169,.F.);
#2917=ORIENTED_EDGE('',*,*,#2168,.T.);
#2918=ORIENTED_EDGE('',*,*,#2165,.T.);
#2919=ORIENTED_EDGE('',*,*,#2170,.F.);
#2920=ORIENTED_EDGE('',*,*,#2167,.F.);
#2921=ORIENTED_EDGE('',*,*,#2171,.F.);
#2922=ORIENTED_EDGE('',*,*,#2172,.T.);
#2923=ORIENTED_EDGE('',*,*,#2173,.T.);
#2924=ORIENTED_EDGE('',*,*,#2172,.F.);
#2925=ORIENTED_EDGE('',*,*,#2174,.F.);
#2926=ORIENTED_EDGE('',*,*,#2175,.T.);
#2927=ORIENTED_EDGE('',*,*,#2176,.T.);
#2928=ORIENTED_EDGE('',*,*,#2175,.F.);
#2929=ORIENTED_EDGE('',*,*,#2174,.T.);
#2930=ORIENTED_EDGE('',*,*,#2171,.T.);
#2931=ORIENTED_EDGE('',*,*,#2176,.F.);
#2932=ORIENTED_EDGE('',*,*,#2173,.F.);
#2933=ORIENTED_EDGE('',*,*,#2177,.F.);
#2934=ORIENTED_EDGE('',*,*,#2178,.T.);
#2935=ORIENTED_EDGE('',*,*,#2179,.T.);
#2936=ORIENTED_EDGE('',*,*,#2178,.F.);
#2937=ORIENTED_EDGE('',*,*,#2180,.F.);
#2938=ORIENTED_EDGE('',*,*,#2181,.T.);
#2939=ORIENTED_EDGE('',*,*,#2182,.T.);
#2940=ORIENTED_EDGE('',*,*,#2181,.F.);
#2941=ORIENTED_EDGE('',*,*,#2180,.T.);
#2942=ORIENTED_EDGE('',*,*,#2177,.T.);
#2943=ORIENTED_EDGE('',*,*,#2182,.F.);
#2944=ORIENTED_EDGE('',*,*,#2179,.F.);
#2945=ORIENTED_EDGE('',*,*,#2183,.F.);
#2946=ORIENTED_EDGE('',*,*,#2184,.T.);
#2947=ORIENTED_EDGE('',*,*,#2185,.T.);
#2948=ORIENTED_EDGE('',*,*,#2184,.F.);
#2949=ORIENTED_EDGE('',*,*,#2186,.F.);
#2950=ORIENTED_EDGE('',*,*,#2187,.T.);
#2951=ORIENTED_EDGE('',*,*,#2188,.T.);
#2952=ORIENTED_EDGE('',*,*,#2187,.F.);
#2953=ORIENTED_EDGE('',*,*,#2186,.T.);
#2954=ORIENTED_EDGE('',*,*,#2183,.T.);
#2955=ORIENTED_EDGE('',*,*,#2188,.F.);
#2956=ORIENTED_EDGE('',*,*,#2185,.F.);
#2957=CYLINDRICAL_SURFACE('',#3418,1.6);
#2958=CYLINDRICAL_SURFACE('',#3421,3.2);
#2959=CYLINDRICAL_SURFACE('',#3426,1.6);
#2960=CYLINDRICAL_SURFACE('',#3429,3.2);
#2961=CYLINDRICAL_SURFACE('',#3434,1.6);
#2962=CYLINDRICAL_SURFACE('',#3437,3.2);
#2963=CYLINDRICAL_SURFACE('',#3442,1.6);
#2964=CYLINDRICAL_SURFACE('',#3445,3.2);
#2965=CYLINDRICAL_SURFACE('',#3450,1.6);
#2966=CYLINDRICAL_SURFACE('',#3453,3.2);
#2967=CYLINDRICAL_SURFACE('',#3458,1.6);
#2968=CYLINDRICAL_SURFACE('',#3461,3.2);
#2969=CYLINDRICAL_SURFACE('',#3466,1.6);
#2970=CYLINDRICAL_SURFACE('',#3469,3.2);
#2971=CYLINDRICAL_SURFACE('',#3474,1.6);
#2972=CYLINDRICAL_SURFACE('',#3477,3.2);
#2973=CYLINDRICAL_SURFACE('',#3482,1.6);
#2974=CYLINDRICAL_SURFACE('',#3485,3.2);
#2975=CYLINDRICAL_SURFACE('',#3490,1.6);
#2976=CYLINDRICAL_SURFACE('',#3493,3.2);
#2977=CYLINDRICAL_SURFACE('',#3498,1.6);
#2978=CYLINDRICAL_SURFACE('',#3501,3.2);
#2979=CYLINDRICAL_SURFACE('',#3506,1.6);
#2980=CYLINDRICAL_SURFACE('',#3509,3.2);
#2981=CYLINDRICAL_SURFACE('',#3514,1.6);
#2982=CYLINDRICAL_SURFACE('',#3517,3.2);
#2983=CYLINDRICAL_SURFACE('',#3522,1.6);
#2984=CYLINDRICAL_SURFACE('',#3525,3.2);
#2985=CYLINDRICAL_SURFACE('',#3530,1.6);
#2986=CYLINDRICAL_SURFACE('',#3533,3.2);
#2987=CYLINDRICAL_SURFACE('',#3538,1.6);
#2988=CYLINDRICAL_SURFACE('',#3541,3.2);
#2989=CYLINDRICAL_SURFACE('',#3546,1.6);
#2990=CYLINDRICAL_SURFACE('',#3549,3.2);
#2991=CYLINDRICAL_SURFACE('',#3554,1.6);
#2992=CYLINDRICAL_SURFACE('',#3557,3.2);
#2993=CYLINDRICAL_SURFACE('',#3562,1.6);
#2994=CYLINDRICAL_SURFACE('',#3565,3.2);
#2995=CYLINDRICAL_SURFACE('',#3570,1.6);
#2996=CYLINDRICAL_SURFACE('',#3573,3.2);
#2997=CYLINDRICAL_SURFACE('',#3578,1.6);
#2998=CYLINDRICAL_SURFACE('',#3581,3.2);
#2999=CYLINDRICAL_SURFACE('',#3586,1.6);
#3000=CYLINDRICAL_SURFACE('',#3589,3.2);
#3001=CYLINDRICAL_SURFACE('',#3594,1.6);
#3002=CYLINDRICAL_SURFACE('',#3597,3.2);
#3003=CYLINDRICAL_SURFACE('',#3602,1.6);
#3004=CYLINDRICAL_SURFACE('',#3605,3.2);
#3005=CYLINDRICAL_SURFACE('',#3610,1.6);
#3006=CYLINDRICAL_SURFACE('',#3613,3.2);
#3007=CYLINDRICAL_SURFACE('',#3618,1.6);
#3008=CYLINDRICAL_SURFACE('',#3621,3.2);
#3009=CYLINDRICAL_SURFACE('',#3626,1.6);
#3010=CYLINDRICAL_SURFACE('',#3629,3.2);
#3011=CYLINDRICAL_SURFACE('',#3634,1.6);
#3012=CYLINDRICAL_SURFACE('',#3637,3.2);
#3013=CYLINDRICAL_SURFACE('',#3642,1.6);
#3014=CYLINDRICAL_SURFACE('',#3645,3.2);
#3015=CYLINDRICAL_SURFACE('',#3650,1.6);
#3016=CYLINDRICAL_SURFACE('',#3653,3.2);
#3017=CYLINDRICAL_SURFACE('',#3658,1.6);
#3018=CYLINDRICAL_SURFACE('',#3661,3.2);
#3019=CYLINDRICAL_SURFACE('',#3666,1.6);
#3020=CYLINDRICAL_SURFACE('',#3669,3.2);
#3021=CYLINDRICAL_SURFACE('',#3674,1.6);
#3022=CYLINDRICAL_SURFACE('',#3677,3.2);
#3023=CYLINDRICAL_SURFACE('',#3682,1.6);
#3024=CYLINDRICAL_SURFACE('',#3685,3.2);
#3025=CYLINDRICAL_SURFACE('',#3690,1.6);
#3026=CYLINDRICAL_SURFACE('',#3693,3.2);
#3027=CYLINDRICAL_SURFACE('',#3698,1.6);
#3028=CYLINDRICAL_SURFACE('',#3701,3.2);
#3029=CYLINDRICAL_SURFACE('',#3706,1.6);
#3030=CYLINDRICAL_SURFACE('',#3709,3.2);
#3031=CYLINDRICAL_SURFACE('',#3714,1.6);
#3032=CYLINDRICAL_SURFACE('',#3717,3.2);
#3033=CYLINDRICAL_SURFACE('',#3722,1.6);
#3034=CYLINDRICAL_SURFACE('',#3725,3.2);
#3035=CYLINDRICAL_SURFACE('',#3730,1.6);
#3036=CYLINDRICAL_SURFACE('',#3733,3.2);
#3037=CYLINDRICAL_SURFACE('',#3738,1.6);
#3038=CYLINDRICAL_SURFACE('',#3741,3.2);
#3039=CYLINDRICAL_SURFACE('',#3746,1.6);
#3040=CYLINDRICAL_SURFACE('',#3749,3.2);
#3041=CYLINDRICAL_SURFACE('',#3754,1.6);
#3042=CYLINDRICAL_SURFACE('',#3757,3.2);
#3043=CYLINDRICAL_SURFACE('',#3762,1.6);
#3044=CYLINDRICAL_SURFACE('',#3765,3.2);
#3045=CYLINDRICAL_SURFACE('',#3770,1.6);
#3046=CYLINDRICAL_SURFACE('',#3773,3.2);
#3047=CYLINDRICAL_SURFACE('',#3778,1.6);
#3048=CYLINDRICAL_SURFACE('',#3781,3.2);
#3049=CYLINDRICAL_SURFACE('',#3786,1.6);
#3050=CYLINDRICAL_SURFACE('',#3789,3.2);
#3051=CYLINDRICAL_SURFACE('',#3794,1.6);
#3052=CYLINDRICAL_SURFACE('',#3797,3.2);
#3053=CYLINDRICAL_SURFACE('',#3802,1.6);
#3054=CYLINDRICAL_SURFACE('',#3805,3.2);
#3055=CYLINDRICAL_SURFACE('',#3810,1.6);
#3056=CYLINDRICAL_SURFACE('',#3813,3.2);
#3057=CYLINDRICAL_SURFACE('',#3818,1.6);
#3058=CYLINDRICAL_SURFACE('',#3821,3.2);
#3059=CYLINDRICAL_SURFACE('',#3826,1.6);
#3060=CYLINDRICAL_SURFACE('',#3829,3.2);
#3061=CYLINDRICAL_SURFACE('',#3834,1.6);
#3062=CYLINDRICAL_SURFACE('',#3837,3.2);
#3063=CYLINDRICAL_SURFACE('',#3842,1.6);
#3064=CYLINDRICAL_SURFACE('',#3845,3.2);
#3065=CYLINDRICAL_SURFACE('',#3850,1.6);
#3066=CYLINDRICAL_SURFACE('',#3853,3.2);
#3067=CYLINDRICAL_SURFACE('',#3858,1.6);
#3068=CYLINDRICAL_SURFACE('',#3861,3.2);
#3069=CYLINDRICAL_SURFACE('',#3866,1.6);
#3070=CYLINDRICAL_SURFACE('',#3869,3.2);
#3071=CYLINDRICAL_SURFACE('',#3874,1.6);
#3072=CYLINDRICAL_SURFACE('',#3877,3.2);
#3073=CYLINDRICAL_SURFACE('',#3882,1.6);
#3074=CYLINDRICAL_SURFACE('',#3885,3.2);
#3075=CYLINDRICAL_SURFACE('',#3890,1.6);
#3076=CYLINDRICAL_SURFACE('',#3893,3.2);
#3077=CYLINDRICAL_SURFACE('',#3898,1.6);
#3078=CYLINDRICAL_SURFACE('',#3901,3.2);
#3079=CYLINDRICAL_SURFACE('',#3906,1.6);
#3080=CYLINDRICAL_SURFACE('',#3909,3.2);
#3081=CYLINDRICAL_SURFACE('',#3914,1.6);
#3082=CYLINDRICAL_SURFACE('',#3917,3.2);
#3083=CYLINDRICAL_SURFACE('',#3922,1.6);
#3084=CYLINDRICAL_SURFACE('',#3925,3.2);
#3085=ADVANCED_FACE('',(#397),#2957,.F.);
#3086=ADVANCED_FACE('',(#398),#2958,.T.);
#3087=ADVANCED_FACE('',(#399,#141),#269,.T.);
#3088=ADVANCED_FACE('',(#400,#142),#270,.F.);
#3089=ADVANCED_FACE('',(#401),#2959,.F.);
#3090=ADVANCED_FACE('',(#402),#2960,.T.);
#3091=ADVANCED_FACE('',(#403,#143),#271,.T.);
#3092=ADVANCED_FACE('',(#404,#144),#272,.F.);
#3093=ADVANCED_FACE('',(#405),#2961,.F.);
#3094=ADVANCED_FACE('',(#406),#2962,.T.);
#3095=ADVANCED_FACE('',(#407,#145),#273,.T.);
#3096=ADVANCED_FACE('',(#408,#146),#274,.F.);
#3097=ADVANCED_FACE('',(#409),#2963,.F.);
#3098=ADVANCED_FACE('',(#410),#2964,.T.);
#3099=ADVANCED_FACE('',(#411,#147),#275,.T.);
#3100=ADVANCED_FACE('',(#412,#148),#276,.F.);
#3101=ADVANCED_FACE('',(#413),#2965,.F.);
#3102=ADVANCED_FACE('',(#414),#2966,.T.);
#3103=ADVANCED_FACE('',(#415,#149),#277,.T.);
#3104=ADVANCED_FACE('',(#416,#150),#278,.F.);
#3105=ADVANCED_FACE('',(#417),#2967,.F.);
#3106=ADVANCED_FACE('',(#418),#2968,.T.);
#3107=ADVANCED_FACE('',(#419,#151),#279,.T.);
#3108=ADVANCED_FACE('',(#420,#152),#280,.F.);
#3109=ADVANCED_FACE('',(#421),#2969,.F.);
#3110=ADVANCED_FACE('',(#422),#2970,.T.);
#3111=ADVANCED_FACE('',(#423,#153),#281,.T.);
#3112=ADVANCED_FACE('',(#424,#154),#282,.F.);
#3113=ADVANCED_FACE('',(#425),#2971,.F.);
#3114=ADVANCED_FACE('',(#426),#2972,.T.);
#3115=ADVANCED_FACE('',(#427,#155),#283,.T.);
#3116=ADVANCED_FACE('',(#428,#156),#284,.F.);
#3117=ADVANCED_FACE('',(#429),#2973,.F.);
#3118=ADVANCED_FACE('',(#430),#2974,.T.);
#3119=ADVANCED_FACE('',(#431,#157),#285,.T.);
#3120=ADVANCED_FACE('',(#432,#158),#286,.F.);
#3121=ADVANCED_FACE('',(#433),#2975,.F.);
#3122=ADVANCED_FACE('',(#434),#2976,.T.);
#3123=ADVANCED_FACE('',(#435,#159),#287,.T.);
#3124=ADVANCED_FACE('',(#436,#160),#288,.F.);
#3125=ADVANCED_FACE('',(#437),#2977,.F.);
#3126=ADVANCED_FACE('',(#438),#2978,.T.);
#3127=ADVANCED_FACE('',(#439,#161),#289,.T.);
#3128=ADVANCED_FACE('',(#440,#162),#290,.F.);
#3129=ADVANCED_FACE('',(#441),#2979,.F.);
#3130=ADVANCED_FACE('',(#442),#2980,.T.);
#3131=ADVANCED_FACE('',(#443,#163),#291,.T.);
#3132=ADVANCED_FACE('',(#444,#164),#292,.F.);
#3133=ADVANCED_FACE('',(#445),#2981,.F.);
#3134=ADVANCED_FACE('',(#446),#2982,.T.);
#3135=ADVANCED_FACE('',(#447,#165),#293,.T.);
#3136=ADVANCED_FACE('',(#448,#166),#294,.F.);
#3137=ADVANCED_FACE('',(#449),#2983,.F.);
#3138=ADVANCED_FACE('',(#450),#2984,.T.);
#3139=ADVANCED_FACE('',(#451,#167),#295,.T.);
#3140=ADVANCED_FACE('',(#452,#168),#296,.F.);
#3141=ADVANCED_FACE('',(#453),#2985,.F.);
#3142=ADVANCED_FACE('',(#454),#2986,.T.);
#3143=ADVANCED_FACE('',(#455,#169),#297,.T.);
#3144=ADVANCED_FACE('',(#456,#170),#298,.F.);
#3145=ADVANCED_FACE('',(#457),#2987,.F.);
#3146=ADVANCED_FACE('',(#458),#2988,.T.);
#3147=ADVANCED_FACE('',(#459,#171),#299,.T.);
#3148=ADVANCED_FACE('',(#460,#172),#300,.F.);
#3149=ADVANCED_FACE('',(#461),#2989,.F.);
#3150=ADVANCED_FACE('',(#462),#2990,.T.);
#3151=ADVANCED_FACE('',(#463,#173),#301,.T.);
#3152=ADVANCED_FACE('',(#464,#174),#302,.F.);
#3153=ADVANCED_FACE('',(#465),#2991,.F.);
#3154=ADVANCED_FACE('',(#466),#2992,.T.);
#3155=ADVANCED_FACE('',(#467,#175),#303,.T.);
#3156=ADVANCED_FACE('',(#468,#176),#304,.F.);
#3157=ADVANCED_FACE('',(#469),#2993,.F.);
#3158=ADVANCED_FACE('',(#470),#2994,.T.);
#3159=ADVANCED_FACE('',(#471,#177),#305,.T.);
#3160=ADVANCED_FACE('',(#472,#178),#306,.F.);
#3161=ADVANCED_FACE('',(#473),#2995,.F.);
#3162=ADVANCED_FACE('',(#474),#2996,.T.);
#3163=ADVANCED_FACE('',(#475,#179),#307,.T.);
#3164=ADVANCED_FACE('',(#476,#180),#308,.F.);
#3165=ADVANCED_FACE('',(#477),#2997,.F.);
#3166=ADVANCED_FACE('',(#478),#2998,.T.);
#3167=ADVANCED_FACE('',(#479,#181),#309,.T.);
#3168=ADVANCED_FACE('',(#480,#182),#310,.F.);
#3169=ADVANCED_FACE('',(#481),#2999,.F.);
#3170=ADVANCED_FACE('',(#482),#3000,.T.);
#3171=ADVANCED_FACE('',(#483,#183),#311,.T.);
#3172=ADVANCED_FACE('',(#484,#184),#312,.F.);
#3173=ADVANCED_FACE('',(#485),#3001,.F.);
#3174=ADVANCED_FACE('',(#486),#3002,.T.);
#3175=ADVANCED_FACE('',(#487,#185),#313,.T.);
#3176=ADVANCED_FACE('',(#488,#186),#314,.F.);
#3177=ADVANCED_FACE('',(#489),#3003,.F.);
#3178=ADVANCED_FACE('',(#490),#3004,.T.);
#3179=ADVANCED_FACE('',(#491,#187),#315,.T.);
#3180=ADVANCED_FACE('',(#492,#188),#316,.F.);
#3181=ADVANCED_FACE('',(#493),#3005,.F.);
#3182=ADVANCED_FACE('',(#494),#3006,.T.);
#3183=ADVANCED_FACE('',(#495,#189),#317,.T.);
#3184=ADVANCED_FACE('',(#496,#190),#318,.F.);
#3185=ADVANCED_FACE('',(#497),#3007,.F.);
#3186=ADVANCED_FACE('',(#498),#3008,.T.);
#3187=ADVANCED_FACE('',(#499,#191),#319,.T.);
#3188=ADVANCED_FACE('',(#500,#192),#320,.F.);
#3189=ADVANCED_FACE('',(#501),#3009,.F.);
#3190=ADVANCED_FACE('',(#502),#3010,.T.);
#3191=ADVANCED_FACE('',(#503,#193),#321,.T.);
#3192=ADVANCED_FACE('',(#504,#194),#322,.F.);
#3193=ADVANCED_FACE('',(#505),#3011,.F.);
#3194=ADVANCED_FACE('',(#506),#3012,.T.);
#3195=ADVANCED_FACE('',(#507,#195),#323,.T.);
#3196=ADVANCED_FACE('',(#508,#196),#324,.F.);
#3197=ADVANCED_FACE('',(#509),#3013,.F.);
#3198=ADVANCED_FACE('',(#510),#3014,.T.);
#3199=ADVANCED_FACE('',(#511,#197),#325,.T.);
#3200=ADVANCED_FACE('',(#512,#198),#326,.F.);
#3201=ADVANCED_FACE('',(#513),#3015,.F.);
#3202=ADVANCED_FACE('',(#514),#3016,.T.);
#3203=ADVANCED_FACE('',(#515,#199),#327,.T.);
#3204=ADVANCED_FACE('',(#516,#200),#328,.F.);
#3205=ADVANCED_FACE('',(#517),#3017,.F.);
#3206=ADVANCED_FACE('',(#518),#3018,.T.);
#3207=ADVANCED_FACE('',(#519,#201),#329,.T.);
#3208=ADVANCED_FACE('',(#520,#202),#330,.F.);
#3209=ADVANCED_FACE('',(#521),#3019,.F.);
#3210=ADVANCED_FACE('',(#522),#3020,.T.);
#3211=ADVANCED_FACE('',(#523,#203),#331,.T.);
#3212=ADVANCED_FACE('',(#524,#204),#332,.F.);
#3213=ADVANCED_FACE('',(#525),#3021,.F.);
#3214=ADVANCED_FACE('',(#526),#3022,.T.);
#3215=ADVANCED_FACE('',(#527,#205),#333,.T.);
#3216=ADVANCED_FACE('',(#528,#206),#334,.F.);
#3217=ADVANCED_FACE('',(#529),#3023,.F.);
#3218=ADVANCED_FACE('',(#530),#3024,.T.);
#3219=ADVANCED_FACE('',(#531,#207),#335,.T.);
#3220=ADVANCED_FACE('',(#532,#208),#336,.F.);
#3221=ADVANCED_FACE('',(#533),#3025,.F.);
#3222=ADVANCED_FACE('',(#534),#3026,.T.);
#3223=ADVANCED_FACE('',(#535,#209),#337,.T.);
#3224=ADVANCED_FACE('',(#536,#210),#338,.F.);
#3225=ADVANCED_FACE('',(#537),#3027,.F.);
#3226=ADVANCED_FACE('',(#538),#3028,.T.);
#3227=ADVANCED_FACE('',(#539,#211),#339,.T.);
#3228=ADVANCED_FACE('',(#540,#212),#340,.F.);
#3229=ADVANCED_FACE('',(#541),#3029,.F.);
#3230=ADVANCED_FACE('',(#542),#3030,.T.);
#3231=ADVANCED_FACE('',(#543,#213),#341,.T.);
#3232=ADVANCED_FACE('',(#544,#214),#342,.F.);
#3233=ADVANCED_FACE('',(#545),#3031,.F.);
#3234=ADVANCED_FACE('',(#546),#3032,.T.);
#3235=ADVANCED_FACE('',(#547,#215),#343,.T.);
#3236=ADVANCED_FACE('',(#548,#216),#344,.F.);
#3237=ADVANCED_FACE('',(#549),#3033,.F.);
#3238=ADVANCED_FACE('',(#550),#3034,.T.);
#3239=ADVANCED_FACE('',(#551,#217),#345,.T.);
#3240=ADVANCED_FACE('',(#552,#218),#346,.F.);
#3241=ADVANCED_FACE('',(#553),#3035,.F.);
#3242=ADVANCED_FACE('',(#554),#3036,.T.);
#3243=ADVANCED_FACE('',(#555,#219),#347,.T.);
#3244=ADVANCED_FACE('',(#556,#220),#348,.F.);
#3245=ADVANCED_FACE('',(#557),#3037,.F.);
#3246=ADVANCED_FACE('',(#558),#3038,.T.);
#3247=ADVANCED_FACE('',(#559,#221),#349,.T.);
#3248=ADVANCED_FACE('',(#560,#222),#350,.F.);
#3249=ADVANCED_FACE('',(#561),#3039,.F.);
#3250=ADVANCED_FACE('',(#562),#3040,.T.);
#3251=ADVANCED_FACE('',(#563,#223),#351,.T.);
#3252=ADVANCED_FACE('',(#564,#224),#352,.F.);
#3253=ADVANCED_FACE('',(#565),#3041,.F.);
#3254=ADVANCED_FACE('',(#566),#3042,.T.);
#3255=ADVANCED_FACE('',(#567,#225),#353,.T.);
#3256=ADVANCED_FACE('',(#568,#226),#354,.F.);
#3257=ADVANCED_FACE('',(#569),#3043,.F.);
#3258=ADVANCED_FACE('',(#570),#3044,.T.);
#3259=ADVANCED_FACE('',(#571,#227),#355,.T.);
#3260=ADVANCED_FACE('',(#572,#228),#356,.F.);
#3261=ADVANCED_FACE('',(#573),#3045,.F.);
#3262=ADVANCED_FACE('',(#574),#3046,.T.);
#3263=ADVANCED_FACE('',(#575,#229),#357,.T.);
#3264=ADVANCED_FACE('',(#576,#230),#358,.F.);
#3265=ADVANCED_FACE('',(#577),#3047,.F.);
#3266=ADVANCED_FACE('',(#578),#3048,.T.);
#3267=ADVANCED_FACE('',(#579,#231),#359,.T.);
#3268=ADVANCED_FACE('',(#580,#232),#360,.F.);
#3269=ADVANCED_FACE('',(#581),#3049,.F.);
#3270=ADVANCED_FACE('',(#582),#3050,.T.);
#3271=ADVANCED_FACE('',(#583,#233),#361,.T.);
#3272=ADVANCED_FACE('',(#584,#234),#362,.F.);
#3273=ADVANCED_FACE('',(#585),#3051,.F.);
#3274=ADVANCED_FACE('',(#586),#3052,.T.);
#3275=ADVANCED_FACE('',(#587,#235),#363,.T.);
#3276=ADVANCED_FACE('',(#588,#236),#364,.F.);
#3277=ADVANCED_FACE('',(#589),#3053,.F.);
#3278=ADVANCED_FACE('',(#590),#3054,.T.);
#3279=ADVANCED_FACE('',(#591,#237),#365,.T.);
#3280=ADVANCED_FACE('',(#592,#238),#366,.F.);
#3281=ADVANCED_FACE('',(#593),#3055,.F.);
#3282=ADVANCED_FACE('',(#594),#3056,.T.);
#3283=ADVANCED_FACE('',(#595,#239),#367,.T.);
#3284=ADVANCED_FACE('',(#596,#240),#368,.F.);
#3285=ADVANCED_FACE('',(#597),#3057,.F.);
#3286=ADVANCED_FACE('',(#598),#3058,.T.);
#3287=ADVANCED_FACE('',(#599,#241),#369,.T.);
#3288=ADVANCED_FACE('',(#600,#242),#370,.F.);
#3289=ADVANCED_FACE('',(#601),#3059,.F.);
#3290=ADVANCED_FACE('',(#602),#3060,.T.);
#3291=ADVANCED_FACE('',(#603,#243),#371,.T.);
#3292=ADVANCED_FACE('',(#604,#244),#372,.F.);
#3293=ADVANCED_FACE('',(#605),#3061,.F.);
#3294=ADVANCED_FACE('',(#606),#3062,.T.);
#3295=ADVANCED_FACE('',(#607,#245),#373,.T.);
#3296=ADVANCED_FACE('',(#608,#246),#374,.F.);
#3297=ADVANCED_FACE('',(#609),#3063,.F.);
#3298=ADVANCED_FACE('',(#610),#3064,.T.);
#3299=ADVANCED_FACE('',(#611,#247),#375,.T.);
#3300=ADVANCED_FACE('',(#612,#248),#376,.F.);
#3301=ADVANCED_FACE('',(#613),#3065,.F.);
#3302=ADVANCED_FACE('',(#614),#3066,.T.);
#3303=ADVANCED_FACE('',(#615,#249),#377,.T.);
#3304=ADVANCED_FACE('',(#616,#250),#378,.F.);
#3305=ADVANCED_FACE('',(#617),#3067,.F.);
#3306=ADVANCED_FACE('',(#618),#3068,.T.);
#3307=ADVANCED_FACE('',(#619,#251),#379,.T.);
#3308=ADVANCED_FACE('',(#620,#252),#380,.F.);
#3309=ADVANCED_FACE('',(#621),#3069,.F.);
#3310=ADVANCED_FACE('',(#622),#3070,.T.);
#3311=ADVANCED_FACE('',(#623,#253),#381,.T.);
#3312=ADVANCED_FACE('',(#624,#254),#382,.F.);
#3313=ADVANCED_FACE('',(#625),#3071,.F.);
#3314=ADVANCED_FACE('',(#626),#3072,.T.);
#3315=ADVANCED_FACE('',(#627,#255),#383,.T.);
#3316=ADVANCED_FACE('',(#628,#256),#384,.F.);
#3317=ADVANCED_FACE('',(#629),#3073,.F.);
#3318=ADVANCED_FACE('',(#630),#3074,.T.);
#3319=ADVANCED_FACE('',(#631,#257),#385,.T.);
#3320=ADVANCED_FACE('',(#632,#258),#386,.F.);
#3321=ADVANCED_FACE('',(#633),#3075,.F.);
#3322=ADVANCED_FACE('',(#634),#3076,.T.);
#3323=ADVANCED_FACE('',(#635,#259),#387,.T.);
#3324=ADVANCED_FACE('',(#636,#260),#388,.F.);
#3325=ADVANCED_FACE('',(#637),#3077,.F.);
#3326=ADVANCED_FACE('',(#638),#3078,.T.);
#3327=ADVANCED_FACE('',(#639,#261),#389,.T.);
#3328=ADVANCED_FACE('',(#640,#262),#390,.F.);
#3329=ADVANCED_FACE('',(#641),#3079,.F.);
#3330=ADVANCED_FACE('',(#642),#3080,.T.);
#3331=ADVANCED_FACE('',(#643,#263),#391,.T.);
#3332=ADVANCED_FACE('',(#644,#264),#392,.F.);
#3333=ADVANCED_FACE('',(#645),#3081,.F.);
#3334=ADVANCED_FACE('',(#646),#3082,.T.);
#3335=ADVANCED_FACE('',(#647,#265),#393,.T.);
#3336=ADVANCED_FACE('',(#648,#266),#394,.F.);
#3337=ADVANCED_FACE('',(#649),#3083,.F.);
#3338=ADVANCED_FACE('',(#650),#3084,.T.);
#3339=ADVANCED_FACE('',(#651,#267),#395,.T.);
#3340=ADVANCED_FACE('',(#652,#268),#396,.F.);
#3341=CLOSED_SHELL('',(#3085,#3086,#3087,#3088));
#3342=CLOSED_SHELL('',(#3089,#3090,#3091,#3092));
#3343=CLOSED_SHELL('',(#3093,#3094,#3095,#3096));
#3344=CLOSED_SHELL('',(#3097,#3098,#3099,#3100));
#3345=CLOSED_SHELL('',(#3101,#3102,#3103,#3104));
#3346=CLOSED_SHELL('',(#3105,#3106,#3107,#3108));
#3347=CLOSED_SHELL('',(#3109,#3110,#3111,#3112));
#3348=CLOSED_SHELL('',(#3113,#3114,#3115,#3116));
#3349=CLOSED_SHELL('',(#3117,#3118,#3119,#3120));
#3350=CLOSED_SHELL('',(#3121,#3122,#3123,#3124));
#3351=CLOSED_SHELL('',(#3125,#3126,#3127,#3128));
#3352=CLOSED_SHELL('',(#3129,#3130,#3131,#3132));
#3353=CLOSED_SHELL('',(#3133,#3134,#3135,#3136));
#3354=CLOSED_SHELL('',(#3137,#3138,#3139,#3140));
#3355=CLOSED_SHELL('',(#3141,#3142,#3143,#3144));
#3356=CLOSED_SHELL('',(#3145,#3146,#3147,#3148));
#3357=CLOSED_SHELL('',(#3149,#3150,#3151,#3152));
#3358=CLOSED_SHELL('',(#3153,#3154,#3155,#3156));
#3359=CLOSED_SHELL('',(#3157,#3158,#3159,#3160));
#3360=CLOSED_SHELL('',(#3161,#3162,#3163,#3164));
#3361=CLOSED_SHELL('',(#3165,#3166,#3167,#3168));
#3362=CLOSED_SHELL('',(#3169,#3170,#3171,#3172));
#3363=CLOSED_SHELL('',(#3173,#3174,#3175,#3176));
#3364=CLOSED_SHELL('',(#3177,#3178,#3179,#3180));
#3365=CLOSED_SHELL('',(#3181,#3182,#3183,#3184));
#3366=CLOSED_SHELL('',(#3185,#3186,#3187,#3188));
#3367=CLOSED_SHELL('',(#3189,#3190,#3191,#3192));
#3368=CLOSED_SHELL('',(#3193,#3194,#3195,#3196));
#3369=CLOSED_SHELL('',(#3197,#3198,#3199,#3200));
#3370=CLOSED_SHELL('',(#3201,#3202,#3203,#3204));
#3371=CLOSED_SHELL('',(#3205,#3206,#3207,#3208));
#3372=CLOSED_SHELL('',(#3209,#3210,#3211,#3212));
#3373=CLOSED_SHELL('',(#3213,#3214,#3215,#3216));
#3374=CLOSED_SHELL('',(#3217,#3218,#3219,#3220));
#3375=CLOSED_SHELL('',(#3221,#3222,#3223,#3224));
#3376=CLOSED_SHELL('',(#3225,#3226,#3227,#3228));
#3377=CLOSED_SHELL('',(#3229,#3230,#3231,#3232));
#3378=CLOSED_SHELL('',(#3233,#3234,#3235,#3236));
#3379=CLOSED_SHELL('',(#3237,#3238,#3239,#3240));
#3380=CLOSED_SHELL('',(#3241,#3242,#3243,#3244));
#3381=CLOSED_SHELL('',(#3245,#3246,#3247,#3248));
#3382=CLOSED_SHELL('',(#3249,#3250,#3251,#3252));
#3383=CLOSED_SHELL('',(#3253,#3254,#3255,#3256));
#3384=CLOSED_SHELL('',(#3257,#3258,#3259,#3260));
#3385=CLOSED_SHELL('',(#3261,#3262,#3263,#3264));
#3386=CLOSED_SHELL('',(#3265,#3266,#3267,#3268));
#3387=CLOSED_SHELL('',(#3269,#3270,#3271,#3272));
#3388=CLOSED_SHELL('',(#3273,#3274,#3275,#3276));
#3389=CLOSED_SHELL('',(#3277,#3278,#3279,#3280));
#3390=CLOSED_SHELL('',(#3281,#3282,#3283,#3284));
#3391=CLOSED_SHELL('',(#3285,#3286,#3287,#3288));
#3392=CLOSED_SHELL('',(#3289,#3290,#3291,#3292));
#3393=CLOSED_SHELL('',(#3293,#3294,#3295,#3296));
#3394=CLOSED_SHELL('',(#3297,#3298,#3299,#3300));
#3395=CLOSED_SHELL('',(#3301,#3302,#3303,#3304));
#3396=CLOSED_SHELL('',(#3305,#3306,#3307,#3308));
#3397=CLOSED_SHELL('',(#3309,#3310,#3311,#3312));
#3398=CLOSED_SHELL('',(#3313,#3314,#3315,#3316));
#3399=CLOSED_SHELL('',(#3317,#3318,#3319,#3320));
#3400=CLOSED_SHELL('',(#3321,#3322,#3323,#3324));
#3401=CLOSED_SHELL('',(#3325,#3326,#3327,#3328));
#3402=CLOSED_SHELL('',(#3329,#3330,#3331,#3332));
#3403=CLOSED_SHELL('',(#3333,#3334,#3335,#3336));
#3404=CLOSED_SHELL('',(#3337,#3338,#3339,#3340));
#3405=DERIVED_UNIT_ELEMENT(#3407,1.);
#3406=DERIVED_UNIT_ELEMENT(#5986,-3.);
#3407=(
MASS_UNIT()
NAMED_UNIT(*)
SI_UNIT(.KILO.,.GRAM.)
);
#3408=DERIVED_UNIT((#3405,#3406));
#3409=MEASURE_REPRESENTATION_ITEM('density measure',
POSITIVE_RATIO_MEASURE(7850.),#3408);
#3410=PROPERTY_DEFINITION_REPRESENTATION(#3415,#3412);
#3411=PROPERTY_DEFINITION_REPRESENTATION(#3416,#3413);
#3412=REPRESENTATION('material name',(#3414),#5983);
#3413=REPRESENTATION('density',(#3409),#5983);
#3414=DESCRIPTIVE_REPRESENTATION_ITEM('Steel','Steel');
#3415=PROPERTY_DEFINITION('material property','material name',#5993);
#3416=PROPERTY_DEFINITION('material property','density of part',#5993);
#3417=AXIS2_PLACEMENT_3D('',#5084,#3930,#3931);
#3418=AXIS2_PLACEMENT_3D('',#5085,#3932,#3933);
#3419=AXIS2_PLACEMENT_3D('',#5087,#3934,#3935);
#3420=AXIS2_PLACEMENT_3D('',#5090,#3937,#3938);
#3421=AXIS2_PLACEMENT_3D('',#5091,#3939,#3940);
#3422=AXIS2_PLACEMENT_3D('',#5093,#3941,#3942);
#3423=AXIS2_PLACEMENT_3D('',#5096,#3944,#3945);
#3424=AXIS2_PLACEMENT_3D('',#5097,#3946,#3947);
#3425=AXIS2_PLACEMENT_3D('',#5098,#3948,#3949);
#3426=AXIS2_PLACEMENT_3D('',#5099,#3950,#3951);
#3427=AXIS2_PLACEMENT_3D('',#5101,#3952,#3953);
#3428=AXIS2_PLACEMENT_3D('',#5104,#3955,#3956);
#3429=AXIS2_PLACEMENT_3D('',#5105,#3957,#3958);
#3430=AXIS2_PLACEMENT_3D('',#5107,#3959,#3960);
#3431=AXIS2_PLACEMENT_3D('',#5110,#3962,#3963);
#3432=AXIS2_PLACEMENT_3D('',#5111,#3964,#3965);
#3433=AXIS2_PLACEMENT_3D('',#5112,#3966,#3967);
#3434=AXIS2_PLACEMENT_3D('',#5113,#3968,#3969);
#3435=AXIS2_PLACEMENT_3D('',#5115,#3970,#3971);
#3436=AXIS2_PLACEMENT_3D('',#5118,#3973,#3974);
#3437=AXIS2_PLACEMENT_3D('',#5119,#3975,#3976);
#3438=AXIS2_PLACEMENT_3D('',#5121,#3977,#3978);
#3439=AXIS2_PLACEMENT_3D('',#5124,#3980,#3981);
#3440=AXIS2_PLACEMENT_3D('',#5125,#3982,#3983);
#3441=AXIS2_PLACEMENT_3D('',#5126,#3984,#3985);
#3442=AXIS2_PLACEMENT_3D('',#5127,#3986,#3987);
#3443=AXIS2_PLACEMENT_3D('',#5129,#3988,#3989);
#3444=AXIS2_PLACEMENT_3D('',#5132,#3991,#3992);
#3445=AXIS2_PLACEMENT_3D('',#5133,#3993,#3994);
#3446=AXIS2_PLACEMENT_3D('',#5135,#3995,#3996);
#3447=AXIS2_PLACEMENT_3D('',#5138,#3998,#3999);
#3448=AXIS2_PLACEMENT_3D('',#5139,#4000,#4001);
#3449=AXIS2_PLACEMENT_3D('',#5140,#4002,#4003);
#3450=AXIS2_PLACEMENT_3D('',#5141,#4004,#4005);
#3451=AXIS2_PLACEMENT_3D('',#5143,#4006,#4007);
#3452=AXIS2_PLACEMENT_3D('',#5146,#4009,#4010);
#3453=AXIS2_PLACEMENT_3D('',#5147,#4011,#4012);
#3454=AXIS2_PLACEMENT_3D('',#5149,#4013,#4014);
#3455=AXIS2_PLACEMENT_3D('',#5152,#4016,#4017);
#3456=AXIS2_PLACEMENT_3D('',#5153,#4018,#4019);
#3457=AXIS2_PLACEMENT_3D('',#5154,#4020,#4021);
#3458=AXIS2_PLACEMENT_3D('',#5155,#4022,#4023);
#3459=AXIS2_PLACEMENT_3D('',#5157,#4024,#4025);
#3460=AXIS2_PLACEMENT_3D('',#5160,#4027,#4028);
#3461=AXIS2_PLACEMENT_3D('',#5161,#4029,#4030);
#3462=AXIS2_PLACEMENT_3D('',#5163,#4031,#4032);
#3463=AXIS2_PLACEMENT_3D('',#5166,#4034,#4035);
#3464=AXIS2_PLACEMENT_3D('',#5167,#4036,#4037);
#3465=AXIS2_PLACEMENT_3D('',#5168,#4038,#4039);
#3466=AXIS2_PLACEMENT_3D('',#5169,#4040,#4041);
#3467=AXIS2_PLACEMENT_3D('',#5171,#4042,#4043);
#3468=AXIS2_PLACEMENT_3D('',#5174,#4045,#4046);
#3469=AXIS2_PLACEMENT_3D('',#5175,#4047,#4048);
#3470=AXIS2_PLACEMENT_3D('',#5177,#4049,#4050);
#3471=AXIS2_PLACEMENT_3D('',#5180,#4052,#4053);
#3472=AXIS2_PLACEMENT_3D('',#5181,#4054,#4055);
#3473=AXIS2_PLACEMENT_3D('',#5182,#4056,#4057);
#3474=AXIS2_PLACEMENT_3D('',#5183,#4058,#4059);
#3475=AXIS2_PLACEMENT_3D('',#5185,#4060,#4061);
#3476=AXIS2_PLACEMENT_3D('',#5188,#4063,#4064);
#3477=AXIS2_PLACEMENT_3D('',#5189,#4065,#4066);
#3478=AXIS2_PLACEMENT_3D('',#5191,#4067,#4068);
#3479=AXIS2_PLACEMENT_3D('',#5194,#4070,#4071);
#3480=AXIS2_PLACEMENT_3D('',#5195,#4072,#4073);
#3481=AXIS2_PLACEMENT_3D('',#5196,#4074,#4075);
#3482=AXIS2_PLACEMENT_3D('',#5197,#4076,#4077);
#3483=AXIS2_PLACEMENT_3D('',#5199,#4078,#4079);
#3484=AXIS2_PLACEMENT_3D('',#5202,#4081,#4082);
#3485=AXIS2_PLACEMENT_3D('',#5203,#4083,#4084);
#3486=AXIS2_PLACEMENT_3D('',#5205,#4085,#4086);
#3487=AXIS2_PLACEMENT_3D('',#5208,#4088,#4089);
#3488=AXIS2_PLACEMENT_3D('',#5209,#4090,#4091);
#3489=AXIS2_PLACEMENT_3D('',#5210,#4092,#4093);
#3490=AXIS2_PLACEMENT_3D('',#5211,#4094,#4095);
#3491=AXIS2_PLACEMENT_3D('',#5213,#4096,#4097);
#3492=AXIS2_PLACEMENT_3D('',#5216,#4099,#4100);
#3493=AXIS2_PLACEMENT_3D('',#5217,#4101,#4102);
#3494=AXIS2_PLACEMENT_3D('',#5219,#4103,#4104);
#3495=AXIS2_PLACEMENT_3D('',#5222,#4106,#4107);
#3496=AXIS2_PLACEMENT_3D('',#5223,#4108,#4109);
#3497=AXIS2_PLACEMENT_3D('',#5224,#4110,#4111);
#3498=AXIS2_PLACEMENT_3D('',#5225,#4112,#4113);
#3499=AXIS2_PLACEMENT_3D('',#5227,#4114,#4115);
#3500=AXIS2_PLACEMENT_3D('',#5230,#4117,#4118);
#3501=AXIS2_PLACEMENT_3D('',#5231,#4119,#4120);
#3502=AXIS2_PLACEMENT_3D('',#5233,#4121,#4122);
#3503=AXIS2_PLACEMENT_3D('',#5236,#4124,#4125);
#3504=AXIS2_PLACEMENT_3D('',#5237,#4126,#4127);
#3505=AXIS2_PLACEMENT_3D('',#5238,#4128,#4129);
#3506=AXIS2_PLACEMENT_3D('',#5239,#4130,#4131);
#3507=AXIS2_PLACEMENT_3D('',#5241,#4132,#4133);
#3508=AXIS2_PLACEMENT_3D('',#5244,#4135,#4136);
#3509=AXIS2_PLACEMENT_3D('',#5245,#4137,#4138);
#3510=AXIS2_PLACEMENT_3D('',#5247,#4139,#4140);
#3511=AXIS2_PLACEMENT_3D('',#5250,#4142,#4143);
#3512=AXIS2_PLACEMENT_3D('',#5251,#4144,#4145);
#3513=AXIS2_PLACEMENT_3D('',#5252,#4146,#4147);
#3514=AXIS2_PLACEMENT_3D('',#5253,#4148,#4149);
#3515=AXIS2_PLACEMENT_3D('',#5255,#4150,#4151);
#3516=AXIS2_PLACEMENT_3D('',#5258,#4153,#4154);
#3517=AXIS2_PLACEMENT_3D('',#5259,#4155,#4156);
#3518=AXIS2_PLACEMENT_3D('',#5261,#4157,#4158);
#3519=AXIS2_PLACEMENT_3D('',#5264,#4160,#4161);
#3520=AXIS2_PLACEMENT_3D('',#5265,#4162,#4163);
#3521=AXIS2_PLACEMENT_3D('',#5266,#4164,#4165);
#3522=AXIS2_PLACEMENT_3D('',#5267,#4166,#4167);
#3523=AXIS2_PLACEMENT_3D('',#5269,#4168,#4169);
#3524=AXIS2_PLACEMENT_3D('',#5272,#4171,#4172);
#3525=AXIS2_PLACEMENT_3D('',#5273,#4173,#4174);
#3526=AXIS2_PLACEMENT_3D('',#5275,#4175,#4176);
#3527=AXIS2_PLACEMENT_3D('',#5278,#4178,#4179);
#3528=AXIS2_PLACEMENT_3D('',#5279,#4180,#4181);
#3529=AXIS2_PLACEMENT_3D('',#5280,#4182,#4183);
#3530=AXIS2_PLACEMENT_3D('',#5281,#4184,#4185);
#3531=AXIS2_PLACEMENT_3D('',#5283,#4186,#4187);
#3532=AXIS2_PLACEMENT_3D('',#5286,#4189,#4190);
#3533=AXIS2_PLACEMENT_3D('',#5287,#4191,#4192);
#3534=AXIS2_PLACEMENT_3D('',#5289,#4193,#4194);
#3535=AXIS2_PLACEMENT_3D('',#5292,#4196,#4197);
#3536=AXIS2_PLACEMENT_3D('',#5293,#4198,#4199);
#3537=AXIS2_PLACEMENT_3D('',#5294,#4200,#4201);
#3538=AXIS2_PLACEMENT_3D('',#5295,#4202,#4203);
#3539=AXIS2_PLACEMENT_3D('',#5297,#4204,#4205);
#3540=AXIS2_PLACEMENT_3D('',#5300,#4207,#4208);
#3541=AXIS2_PLACEMENT_3D('',#5301,#4209,#4210);
#3542=AXIS2_PLACEMENT_3D('',#5303,#4211,#4212);
#3543=AXIS2_PLACEMENT_3D('',#5306,#4214,#4215);
#3544=AXIS2_PLACEMENT_3D('',#5307,#4216,#4217);
#3545=AXIS2_PLACEMENT_3D('',#5308,#4218,#4219);
#3546=AXIS2_PLACEMENT_3D('',#5309,#4220,#4221);
#3547=AXIS2_PLACEMENT_3D('',#5311,#4222,#4223);
#3548=AXIS2_PLACEMENT_3D('',#5314,#4225,#4226);
#3549=AXIS2_PLACEMENT_3D('',#5315,#4227,#4228);
#3550=AXIS2_PLACEMENT_3D('',#5317,#4229,#4230);
#3551=AXIS2_PLACEMENT_3D('',#5320,#4232,#4233);
#3552=AXIS2_PLACEMENT_3D('',#5321,#4234,#4235);
#3553=AXIS2_PLACEMENT_3D('',#5322,#4236,#4237);
#3554=AXIS2_PLACEMENT_3D('',#5323,#4238,#4239);
#3555=AXIS2_PLACEMENT_3D('',#5325,#4240,#4241);
#3556=AXIS2_PLACEMENT_3D('',#5328,#4243,#4244);
#3557=AXIS2_PLACEMENT_3D('',#5329,#4245,#4246);
#3558=AXIS2_PLACEMENT_3D('',#5331,#4247,#4248);
#3559=AXIS2_PLACEMENT_3D('',#5334,#4250,#4251);
#3560=AXIS2_PLACEMENT_3D('',#5335,#4252,#4253);
#3561=AXIS2_PLACEMENT_3D('',#5336,#4254,#4255);
#3562=AXIS2_PLACEMENT_3D('',#5337,#4256,#4257);
#3563=AXIS2_PLACEMENT_3D('',#5339,#4258,#4259);
#3564=AXIS2_PLACEMENT_3D('',#5342,#4261,#4262);
#3565=AXIS2_PLACEMENT_3D('',#5343,#4263,#4264);
#3566=AXIS2_PLACEMENT_3D('',#5345,#4265,#4266);
#3567=AXIS2_PLACEMENT_3D('',#5348,#4268,#4269);
#3568=AXIS2_PLACEMENT_3D('',#5349,#4270,#4271);
#3569=AXIS2_PLACEMENT_3D('',#5350,#4272,#4273);
#3570=AXIS2_PLACEMENT_3D('',#5351,#4274,#4275);
#3571=AXIS2_PLACEMENT_3D('',#5353,#4276,#4277);
#3572=AXIS2_PLACEMENT_3D('',#5356,#4279,#4280);
#3573=AXIS2_PLACEMENT_3D('',#5357,#4281,#4282);
#3574=AXIS2_PLACEMENT_3D('',#5359,#4283,#4284);
#3575=AXIS2_PLACEMENT_3D('',#5362,#4286,#4287);
#3576=AXIS2_PLACEMENT_3D('',#5363,#4288,#4289);
#3577=AXIS2_PLACEMENT_3D('',#5364,#4290,#4291);
#3578=AXIS2_PLACEMENT_3D('',#5365,#4292,#4293);
#3579=AXIS2_PLACEMENT_3D('',#5367,#4294,#4295);
#3580=AXIS2_PLACEMENT_3D('',#5370,#4297,#4298);
#3581=AXIS2_PLACEMENT_3D('',#5371,#4299,#4300);
#3582=AXIS2_PLACEMENT_3D('',#5373,#4301,#4302);
#3583=AXIS2_PLACEMENT_3D('',#5376,#4304,#4305);
#3584=AXIS2_PLACEMENT_3D('',#5377,#4306,#4307);
#3585=AXIS2_PLACEMENT_3D('',#5378,#4308,#4309);
#3586=AXIS2_PLACEMENT_3D('',#5379,#4310,#4311);
#3587=AXIS2_PLACEMENT_3D('',#5381,#4312,#4313);
#3588=AXIS2_PLACEMENT_3D('',#5384,#4315,#4316);
#3589=AXIS2_PLACEMENT_3D('',#5385,#4317,#4318);
#3590=AXIS2_PLACEMENT_3D('',#5387,#4319,#4320);
#3591=AXIS2_PLACEMENT_3D('',#5390,#4322,#4323);
#3592=AXIS2_PLACEMENT_3D('',#5391,#4324,#4325);
#3593=AXIS2_PLACEMENT_3D('',#5392,#4326,#4327);
#3594=AXIS2_PLACEMENT_3D('',#5393,#4328,#4329);
#3595=AXIS2_PLACEMENT_3D('',#5395,#4330,#4331);
#3596=AXIS2_PLACEMENT_3D('',#5398,#4333,#4334);
#3597=AXIS2_PLACEMENT_3D('',#5399,#4335,#4336);
#3598=AXIS2_PLACEMENT_3D('',#5401,#4337,#4338);
#3599=AXIS2_PLACEMENT_3D('',#5404,#4340,#4341);
#3600=AXIS2_PLACEMENT_3D('',#5405,#4342,#4343);
#3601=AXIS2_PLACEMENT_3D('',#5406,#4344,#4345);
#3602=AXIS2_PLACEMENT_3D('',#5407,#4346,#4347);
#3603=AXIS2_PLACEMENT_3D('',#5409,#4348,#4349);
#3604=AXIS2_PLACEMENT_3D('',#5412,#4351,#4352);
#3605=AXIS2_PLACEMENT_3D('',#5413,#4353,#4354);
#3606=AXIS2_PLACEMENT_3D('',#5415,#4355,#4356);
#3607=AXIS2_PLACEMENT_3D('',#5418,#4358,#4359);
#3608=AXIS2_PLACEMENT_3D('',#5419,#4360,#4361);
#3609=AXIS2_PLACEMENT_3D('',#5420,#4362,#4363);
#3610=AXIS2_PLACEMENT_3D('',#5421,#4364,#4365);
#3611=AXIS2_PLACEMENT_3D('',#5423,#4366,#4367);
#3612=AXIS2_PLACEMENT_3D('',#5426,#4369,#4370);
#3613=AXIS2_PLACEMENT_3D('',#5427,#4371,#4372);
#3614=AXIS2_PLACEMENT_3D('',#5429,#4373,#4374);
#3615=AXIS2_PLACEMENT_3D('',#5432,#4376,#4377);
#3616=AXIS2_PLACEMENT_3D('',#5433,#4378,#4379);
#3617=AXIS2_PLACEMENT_3D('',#5434,#4380,#4381);
#3618=AXIS2_PLACEMENT_3D('',#5435,#4382,#4383);
#3619=AXIS2_PLACEMENT_3D('',#5437,#4384,#4385);
#3620=AXIS2_PLACEMENT_3D('',#5440,#4387,#4388);
#3621=AXIS2_PLACEMENT_3D('',#5441,#4389,#4390);
#3622=AXIS2_PLACEMENT_3D('',#5443,#4391,#4392);
#3623=AXIS2_PLACEMENT_3D('',#5446,#4394,#4395);
#3624=AXIS2_PLACEMENT_3D('',#5447,#4396,#4397);
#3625=AXIS2_PLACEMENT_3D('',#5448,#4398,#4399);
#3626=AXIS2_PLACEMENT_3D('',#5449,#4400,#4401);
#3627=AXIS2_PLACEMENT_3D('',#5451,#4402,#4403);
#3628=AXIS2_PLACEMENT_3D('',#5454,#4405,#4406);
#3629=AXIS2_PLACEMENT_3D('',#5455,#4407,#4408);
#3630=AXIS2_PLACEMENT_3D('',#5457,#4409,#4410);
#3631=AXIS2_PLACEMENT_3D('',#5460,#4412,#4413);
#3632=AXIS2_PLACEMENT_3D('',#5461,#4414,#4415);
#3633=AXIS2_PLACEMENT_3D('',#5462,#4416,#4417);
#3634=AXIS2_PLACEMENT_3D('',#5463,#4418,#4419);
#3635=AXIS2_PLACEMENT_3D('',#5465,#4420,#4421);
#3636=AXIS2_PLACEMENT_3D('',#5468,#4423,#4424);
#3637=AXIS2_PLACEMENT_3D('',#5469,#4425,#4426);
#3638=AXIS2_PLACEMENT_3D('',#5471,#4427,#4428);
#3639=AXIS2_PLACEMENT_3D('',#5474,#4430,#4431);
#3640=AXIS2_PLACEMENT_3D('',#5475,#4432,#4433);
#3641=AXIS2_PLACEMENT_3D('',#5476,#4434,#4435);
#3642=AXIS2_PLACEMENT_3D('',#5477,#4436,#4437);
#3643=AXIS2_PLACEMENT_3D('',#5479,#4438,#4439);
#3644=AXIS2_PLACEMENT_3D('',#5482,#4441,#4442);
#3645=AXIS2_PLACEMENT_3D('',#5483,#4443,#4444);
#3646=AXIS2_PLACEMENT_3D('',#5485,#4445,#4446);
#3647=AXIS2_PLACEMENT_3D('',#5488,#4448,#4449);
#3648=AXIS2_PLACEMENT_3D('',#5489,#4450,#4451);
#3649=AXIS2_PLACEMENT_3D('',#5490,#4452,#4453);
#3650=AXIS2_PLACEMENT_3D('',#5491,#4454,#4455);
#3651=AXIS2_PLACEMENT_3D('',#5493,#4456,#4457);
#3652=AXIS2_PLACEMENT_3D('',#5496,#4459,#4460);
#3653=AXIS2_PLACEMENT_3D('',#5497,#4461,#4462);
#3654=AXIS2_PLACEMENT_3D('',#5499,#4463,#4464);
#3655=AXIS2_PLACEMENT_3D('',#5502,#4466,#4467);
#3656=AXIS2_PLACEMENT_3D('',#5503,#4468,#4469);
#3657=AXIS2_PLACEMENT_3D('',#5504,#4470,#4471);
#3658=AXIS2_PLACEMENT_3D('',#5505,#4472,#4473);
#3659=AXIS2_PLACEMENT_3D('',#5507,#4474,#4475);
#3660=AXIS2_PLACEMENT_3D('',#5510,#4477,#4478);
#3661=AXIS2_PLACEMENT_3D('',#5511,#4479,#4480);
#3662=AXIS2_PLACEMENT_3D('',#5513,#4481,#4482);
#3663=AXIS2_PLACEMENT_3D('',#5516,#4484,#4485);
#3664=AXIS2_PLACEMENT_3D('',#5517,#4486,#4487);
#3665=AXIS2_PLACEMENT_3D('',#5518,#4488,#4489);
#3666=AXIS2_PLACEMENT_3D('',#5519,#4490,#4491);
#3667=AXIS2_PLACEMENT_3D('',#5521,#4492,#4493);
#3668=AXIS2_PLACEMENT_3D('',#5524,#4495,#4496);
#3669=AXIS2_PLACEMENT_3D('',#5525,#4497,#4498);
#3670=AXIS2_PLACEMENT_3D('',#5527,#4499,#4500);
#3671=AXIS2_PLACEMENT_3D('',#5530,#4502,#4503);
#3672=AXIS2_PLACEMENT_3D('',#5531,#4504,#4505);
#3673=AXIS2_PLACEMENT_3D('',#5532,#4506,#4507);
#3674=AXIS2_PLACEMENT_3D('',#5533,#4508,#4509);
#3675=AXIS2_PLACEMENT_3D('',#5535,#4510,#4511);
#3676=AXIS2_PLACEMENT_3D('',#5538,#4513,#4514);
#3677=AXIS2_PLACEMENT_3D('',#5539,#4515,#4516);
#3678=AXIS2_PLACEMENT_3D('',#5541,#4517,#4518);
#3679=AXIS2_PLACEMENT_3D('',#5544,#4520,#4521);
#3680=AXIS2_PLACEMENT_3D('',#5545,#4522,#4523);
#3681=AXIS2_PLACEMENT_3D('',#5546,#4524,#4525);
#3682=AXIS2_PLACEMENT_3D('',#5547,#4526,#4527);
#3683=AXIS2_PLACEMENT_3D('',#5549,#4528,#4529);
#3684=AXIS2_PLACEMENT_3D('',#5552,#4531,#4532);
#3685=AXIS2_PLACEMENT_3D('',#5553,#4533,#4534);
#3686=AXIS2_PLACEMENT_3D('',#5555,#4535,#4536);
#3687=AXIS2_PLACEMENT_3D('',#5558,#4538,#4539);
#3688=AXIS2_PLACEMENT_3D('',#5559,#4540,#4541);
#3689=AXIS2_PLACEMENT_3D('',#5560,#4542,#4543);
#3690=AXIS2_PLACEMENT_3D('',#5561,#4544,#4545);
#3691=AXIS2_PLACEMENT_3D('',#5563,#4546,#4547);
#3692=AXIS2_PLACEMENT_3D('',#5566,#4549,#4550);
#3693=AXIS2_PLACEMENT_3D('',#5567,#4551,#4552);
#3694=AXIS2_PLACEMENT_3D('',#5569,#4553,#4554);
#3695=AXIS2_PLACEMENT_3D('',#5572,#4556,#4557);
#3696=AXIS2_PLACEMENT_3D('',#5573,#4558,#4559);
#3697=AXIS2_PLACEMENT_3D('',#5574,#4560,#4561);
#3698=AXIS2_PLACEMENT_3D('',#5575,#4562,#4563);
#3699=AXIS2_PLACEMENT_3D('',#5577,#4564,#4565);
#3700=AXIS2_PLACEMENT_3D('',#5580,#4567,#4568);
#3701=AXIS2_PLACEMENT_3D('',#5581,#4569,#4570);
#3702=AXIS2_PLACEMENT_3D('',#5583,#4571,#4572);
#3703=AXIS2_PLACEMENT_3D('',#5586,#4574,#4575);
#3704=AXIS2_PLACEMENT_3D('',#5587,#4576,#4577);
#3705=AXIS2_PLACEMENT_3D('',#5588,#4578,#4579);
#3706=AXIS2_PLACEMENT_3D('',#5589,#4580,#4581);
#3707=AXIS2_PLACEMENT_3D('',#5591,#4582,#4583);
#3708=AXIS2_PLACEMENT_3D('',#5594,#4585,#4586);
#3709=AXIS2_PLACEMENT_3D('',#5595,#4587,#4588);
#3710=AXIS2_PLACEMENT_3D('',#5597,#4589,#4590);
#3711=AXIS2_PLACEMENT_3D('',#5600,#4592,#4593);
#3712=AXIS2_PLACEMENT_3D('',#5601,#4594,#4595);
#3713=AXIS2_PLACEMENT_3D('',#5602,#4596,#4597);
#3714=AXIS2_PLACEMENT_3D('',#5603,#4598,#4599);
#3715=AXIS2_PLACEMENT_3D('',#5605,#4600,#4601);
#3716=AXIS2_PLACEMENT_3D('',#5608,#4603,#4604);
#3717=AXIS2_PLACEMENT_3D('',#5609,#4605,#4606);
#3718=AXIS2_PLACEMENT_3D('',#5611,#4607,#4608);
#3719=AXIS2_PLACEMENT_3D('',#5614,#4610,#4611);
#3720=AXIS2_PLACEMENT_3D('',#5615,#4612,#4613);
#3721=AXIS2_PLACEMENT_3D('',#5616,#4614,#4615);
#3722=AXIS2_PLACEMENT_3D('',#5617,#4616,#4617);
#3723=AXIS2_PLACEMENT_3D('',#5619,#4618,#4619);
#3724=AXIS2_PLACEMENT_3D('',#5622,#4621,#4622);
#3725=AXIS2_PLACEMENT_3D('',#5623,#4623,#4624);
#3726=AXIS2_PLACEMENT_3D('',#5625,#4625,#4626);
#3727=AXIS2_PLACEMENT_3D('',#5628,#4628,#4629);
#3728=AXIS2_PLACEMENT_3D('',#5629,#4630,#4631);
#3729=AXIS2_PLACEMENT_3D('',#5630,#4632,#4633);
#3730=AXIS2_PLACEMENT_3D('',#5631,#4634,#4635);
#3731=AXIS2_PLACEMENT_3D('',#5633,#4636,#4637);
#3732=AXIS2_PLACEMENT_3D('',#5636,#4639,#4640);
#3733=AXIS2_PLACEMENT_3D('',#5637,#4641,#4642);
#3734=AXIS2_PLACEMENT_3D('',#5639,#4643,#4644);
#3735=AXIS2_PLACEMENT_3D('',#5642,#4646,#4647);
#3736=AXIS2_PLACEMENT_3D('',#5643,#4648,#4649);
#3737=AXIS2_PLACEMENT_3D('',#5644,#4650,#4651);
#3738=AXIS2_PLACEMENT_3D('',#5645,#4652,#4653);
#3739=AXIS2_PLACEMENT_3D('',#5647,#4654,#4655);
#3740=AXIS2_PLACEMENT_3D('',#5650,#4657,#4658);
#3741=AXIS2_PLACEMENT_3D('',#5651,#4659,#4660);
#3742=AXIS2_PLACEMENT_3D('',#5653,#4661,#4662);
#3743=AXIS2_PLACEMENT_3D('',#5656,#4664,#4665);
#3744=AXIS2_PLACEMENT_3D('',#5657,#4666,#4667);
#3745=AXIS2_PLACEMENT_3D('',#5658,#4668,#4669);
#3746=AXIS2_PLACEMENT_3D('',#5659,#4670,#4671);
#3747=AXIS2_PLACEMENT_3D('',#5661,#4672,#4673);
#3748=AXIS2_PLACEMENT_3D('',#5664,#4675,#4676);
#3749=AXIS2_PLACEMENT_3D('',#5665,#4677,#4678);
#3750=AXIS2_PLACEMENT_3D('',#5667,#4679,#4680);
#3751=AXIS2_PLACEMENT_3D('',#5670,#4682,#4683);
#3752=AXIS2_PLACEMENT_3D('',#5671,#4684,#4685);
#3753=AXIS2_PLACEMENT_3D('',#5672,#4686,#4687);
#3754=AXIS2_PLACEMENT_3D('',#5673,#4688,#4689);
#3755=AXIS2_PLACEMENT_3D('',#5675,#4690,#4691);
#3756=AXIS2_PLACEMENT_3D('',#5678,#4693,#4694);
#3757=AXIS2_PLACEMENT_3D('',#5679,#4695,#4696);
#3758=AXIS2_PLACEMENT_3D('',#5681,#4697,#4698);
#3759=AXIS2_PLACEMENT_3D('',#5684,#4700,#4701);
#3760=AXIS2_PLACEMENT_3D('',#5685,#4702,#4703);
#3761=AXIS2_PLACEMENT_3D('',#5686,#4704,#4705);
#3762=AXIS2_PLACEMENT_3D('',#5687,#4706,#4707);
#3763=AXIS2_PLACEMENT_3D('',#5689,#4708,#4709);
#3764=AXIS2_PLACEMENT_3D('',#5692,#4711,#4712);
#3765=AXIS2_PLACEMENT_3D('',#5693,#4713,#4714);
#3766=AXIS2_PLACEMENT_3D('',#5695,#4715,#4716);
#3767=AXIS2_PLACEMENT_3D('',#5698,#4718,#4719);
#3768=AXIS2_PLACEMENT_3D('',#5699,#4720,#4721);
#3769=AXIS2_PLACEMENT_3D('',#5700,#4722,#4723);
#3770=AXIS2_PLACEMENT_3D('',#5701,#4724,#4725);
#3771=AXIS2_PLACEMENT_3D('',#5703,#4726,#4727);
#3772=AXIS2_PLACEMENT_3D('',#5706,#4729,#4730);
#3773=AXIS2_PLACEMENT_3D('',#5707,#4731,#4732);
#3774=AXIS2_PLACEMENT_3D('',#5709,#4733,#4734);
#3775=AXIS2_PLACEMENT_3D('',#5712,#4736,#4737);
#3776=AXIS2_PLACEMENT_3D('',#5713,#4738,#4739);
#3777=AXIS2_PLACEMENT_3D('',#5714,#4740,#4741);
#3778=AXIS2_PLACEMENT_3D('',#5715,#4742,#4743);
#3779=AXIS2_PLACEMENT_3D('',#5717,#4744,#4745);
#3780=AXIS2_PLACEMENT_3D('',#5720,#4747,#4748);
#3781=AXIS2_PLACEMENT_3D('',#5721,#4749,#4750);
#3782=AXIS2_PLACEMENT_3D('',#5723,#4751,#4752);
#3783=AXIS2_PLACEMENT_3D('',#5726,#4754,#4755);
#3784=AXIS2_PLACEMENT_3D('',#5727,#4756,#4757);
#3785=AXIS2_PLACEMENT_3D('',#5728,#4758,#4759);
#3786=AXIS2_PLACEMENT_3D('',#5729,#4760,#4761);
#3787=AXIS2_PLACEMENT_3D('',#5731,#4762,#4763);
#3788=AXIS2_PLACEMENT_3D('',#5734,#4765,#4766);
#3789=AXIS2_PLACEMENT_3D('',#5735,#4767,#4768);
#3790=AXIS2_PLACEMENT_3D('',#5737,#4769,#4770);
#3791=AXIS2_PLACEMENT_3D('',#5740,#4772,#4773);
#3792=AXIS2_PLACEMENT_3D('',#5741,#4774,#4775);
#3793=AXIS2_PLACEMENT_3D('',#5742,#4776,#4777);
#3794=AXIS2_PLACEMENT_3D('',#5743,#4778,#4779);
#3795=AXIS2_PLACEMENT_3D('',#5745,#4780,#4781);
#3796=AXIS2_PLACEMENT_3D('',#5748,#4783,#4784);
#3797=AXIS2_PLACEMENT_3D('',#5749,#4785,#4786);
#3798=AXIS2_PLACEMENT_3D('',#5751,#4787,#4788);
#3799=AXIS2_PLACEMENT_3D('',#5754,#4790,#4791);
#3800=AXIS2_PLACEMENT_3D('',#5755,#4792,#4793);
#3801=AXIS2_PLACEMENT_3D('',#5756,#4794,#4795);
#3802=AXIS2_PLACEMENT_3D('',#5757,#4796,#4797);
#3803=AXIS2_PLACEMENT_3D('',#5759,#4798,#4799);
#3804=AXIS2_PLACEMENT_3D('',#5762,#4801,#4802);
#3805=AXIS2_PLACEMENT_3D('',#5763,#4803,#4804);
#3806=AXIS2_PLACEMENT_3D('',#5765,#4805,#4806);
#3807=AXIS2_PLACEMENT_3D('',#5768,#4808,#4809);
#3808=AXIS2_PLACEMENT_3D('',#5769,#4810,#4811);
#3809=AXIS2_PLACEMENT_3D('',#5770,#4812,#4813);
#3810=AXIS2_PLACEMENT_3D('',#5771,#4814,#4815);
#3811=AXIS2_PLACEMENT_3D('',#5773,#4816,#4817);
#3812=AXIS2_PLACEMENT_3D('',#5776,#4819,#4820);
#3813=AXIS2_PLACEMENT_3D('',#5777,#4821,#4822);
#3814=AXIS2_PLACEMENT_3D('',#5779,#4823,#4824);
#3815=AXIS2_PLACEMENT_3D('',#5782,#4826,#4827);
#3816=AXIS2_PLACEMENT_3D('',#5783,#4828,#4829);
#3817=AXIS2_PLACEMENT_3D('',#5784,#4830,#4831);
#3818=AXIS2_PLACEMENT_3D('',#5785,#4832,#4833);
#3819=AXIS2_PLACEMENT_3D('',#5787,#4834,#4835);
#3820=AXIS2_PLACEMENT_3D('',#5790,#4837,#4838);
#3821=AXIS2_PLACEMENT_3D('',#5791,#4839,#4840);
#3822=AXIS2_PLACEMENT_3D('',#5793,#4841,#4842);
#3823=AXIS2_PLACEMENT_3D('',#5796,#4844,#4845);
#3824=AXIS2_PLACEMENT_3D('',#5797,#4846,#4847);
#3825=AXIS2_PLACEMENT_3D('',#5798,#4848,#4849);
#3826=AXIS2_PLACEMENT_3D('',#5799,#4850,#4851);
#3827=AXIS2_PLACEMENT_3D('',#5801,#4852,#4853);
#3828=AXIS2_PLACEMENT_3D('',#5804,#4855,#4856);
#3829=AXIS2_PLACEMENT_3D('',#5805,#4857,#4858);
#3830=AXIS2_PLACEMENT_3D('',#5807,#4859,#4860);
#3831=AXIS2_PLACEMENT_3D('',#5810,#4862,#4863);
#3832=AXIS2_PLACEMENT_3D('',#5811,#4864,#4865);
#3833=AXIS2_PLACEMENT_3D('',#5812,#4866,#4867);
#3834=AXIS2_PLACEMENT_3D('',#5813,#4868,#4869);
#3835=AXIS2_PLACEMENT_3D('',#5815,#4870,#4871);
#3836=AXIS2_PLACEMENT_3D('',#5818,#4873,#4874);
#3837=AXIS2_PLACEMENT_3D('',#5819,#4875,#4876);
#3838=AXIS2_PLACEMENT_3D('',#5821,#4877,#4878);
#3839=AXIS2_PLACEMENT_3D('',#5824,#4880,#4881);
#3840=AXIS2_PLACEMENT_3D('',#5825,#4882,#4883);
#3841=AXIS2_PLACEMENT_3D('',#5826,#4884,#4885);
#3842=AXIS2_PLACEMENT_3D('',#5827,#4886,#4887);
#3843=AXIS2_PLACEMENT_3D('',#5829,#4888,#4889);
#3844=AXIS2_PLACEMENT_3D('',#5832,#4891,#4892);
#3845=AXIS2_PLACEMENT_3D('',#5833,#4893,#4894);
#3846=AXIS2_PLACEMENT_3D('',#5835,#4895,#4896);
#3847=AXIS2_PLACEMENT_3D('',#5838,#4898,#4899);
#3848=AXIS2_PLACEMENT_3D('',#5839,#4900,#4901);
#3849=AXIS2_PLACEMENT_3D('',#5840,#4902,#4903);
#3850=AXIS2_PLACEMENT_3D('',#5841,#4904,#4905);
#3851=AXIS2_PLACEMENT_3D('',#5843,#4906,#4907);
#3852=AXIS2_PLACEMENT_3D('',#5846,#4909,#4910);
#3853=AXIS2_PLACEMENT_3D('',#5847,#4911,#4912);
#3854=AXIS2_PLACEMENT_3D('',#5849,#4913,#4914);
#3855=AXIS2_PLACEMENT_3D('',#5852,#4916,#4917);
#3856=AXIS2_PLACEMENT_3D('',#5853,#4918,#4919);
#3857=AXIS2_PLACEMENT_3D('',#5854,#4920,#4921);
#3858=AXIS2_PLACEMENT_3D('',#5855,#4922,#4923);
#3859=AXIS2_PLACEMENT_3D('',#5857,#4924,#4925);
#3860=AXIS2_PLACEMENT_3D('',#5860,#4927,#4928);
#3861=AXIS2_PLACEMENT_3D('',#5861,#4929,#4930);
#3862=AXIS2_PLACEMENT_3D('',#5863,#4931,#4932);
#3863=AXIS2_PLACEMENT_3D('',#5866,#4934,#4935);
#3864=AXIS2_PLACEMENT_3D('',#5867,#4936,#4937);
#3865=AXIS2_PLACEMENT_3D('',#5868,#4938,#4939);
#3866=AXIS2_PLACEMENT_3D('',#5869,#4940,#4941);
#3867=AXIS2_PLACEMENT_3D('',#5871,#4942,#4943);
#3868=AXIS2_PLACEMENT_3D('',#5874,#4945,#4946);
#3869=AXIS2_PLACEMENT_3D('',#5875,#4947,#4948);
#3870=AXIS2_PLACEMENT_3D('',#5877,#4949,#4950);
#3871=AXIS2_PLACEMENT_3D('',#5880,#4952,#4953);
#3872=AXIS2_PLACEMENT_3D('',#5881,#4954,#4955);
#3873=AXIS2_PLACEMENT_3D('',#5882,#4956,#4957);
#3874=AXIS2_PLACEMENT_3D('',#5883,#4958,#4959);
#3875=AXIS2_PLACEMENT_3D('',#5885,#4960,#4961);
#3876=AXIS2_PLACEMENT_3D('',#5888,#4963,#4964);
#3877=AXIS2_PLACEMENT_3D('',#5889,#4965,#4966);
#3878=AXIS2_PLACEMENT_3D('',#5891,#4967,#4968);
#3879=AXIS2_PLACEMENT_3D('',#5894,#4970,#4971);
#3880=AXIS2_PLACEMENT_3D('',#5895,#4972,#4973);
#3881=AXIS2_PLACEMENT_3D('',#5896,#4974,#4975);
#3882=AXIS2_PLACEMENT_3D('',#5897,#4976,#4977);
#3883=AXIS2_PLACEMENT_3D('',#5899,#4978,#4979);
#3884=AXIS2_PLACEMENT_3D('',#5902,#4981,#4982);
#3885=AXIS2_PLACEMENT_3D('',#5903,#4983,#4984);
#3886=AXIS2_PLACEMENT_3D('',#5905,#4985,#4986);
#3887=AXIS2_PLACEMENT_3D('',#5908,#4988,#4989);
#3888=AXIS2_PLACEMENT_3D('',#5909,#4990,#4991);
#3889=AXIS2_PLACEMENT_3D('',#5910,#4992,#4993);
#3890=AXIS2_PLACEMENT_3D('',#5911,#4994,#4995);
#3891=AXIS2_PLACEMENT_3D('',#5913,#4996,#4997);
#3892=AXIS2_PLACEMENT_3D('',#5916,#4999,#5000);
#3893=AXIS2_PLACEMENT_3D('',#5917,#5001,#5002);
#3894=AXIS2_PLACEMENT_3D('',#5919,#5003,#5004);
#3895=AXIS2_PLACEMENT_3D('',#5922,#5006,#5007);
#3896=AXIS2_PLACEMENT_3D('',#5923,#5008,#5009);
#3897=AXIS2_PLACEMENT_3D('',#5924,#5010,#5011);
#3898=AXIS2_PLACEMENT_3D('',#5925,#5012,#5013);
#3899=AXIS2_PLACEMENT_3D('',#5927,#5014,#5015);
#3900=AXIS2_PLACEMENT_3D('',#5930,#5017,#5018);
#3901=AXIS2_PLACEMENT_3D('',#5931,#5019,#5020);
#3902=AXIS2_PLACEMENT_3D('',#5933,#5021,#5022);
#3903=AXIS2_PLACEMENT_3D('',#5936,#5024,#5025);
#3904=AXIS2_PLACEMENT_3D('',#5937,#5026,#5027);
#3905=AXIS2_PLACEMENT_3D('',#5938,#5028,#5029);
#3906=AXIS2_PLACEMENT_3D('',#5939,#5030,#5031);
#3907=AXIS2_PLACEMENT_3D('',#5941,#5032,#5033);
#3908=AXIS2_PLACEMENT_3D('',#5944,#5035,#5036);
#3909=AXIS2_PLACEMENT_3D('',#5945,#5037,#5038);
#3910=AXIS2_PLACEMENT_3D('',#5947,#5039,#5040);
#3911=AXIS2_PLACEMENT_3D('',#5950,#5042,#5043);
#3912=AXIS2_PLACEMENT_3D('',#5951,#5044,#5045);
#3913=AXIS2_PLACEMENT_3D('',#5952,#5046,#5047);
#3914=AXIS2_PLACEMENT_3D('',#5953,#5048,#5049);
#3915=AXIS2_PLACEMENT_3D('',#5955,#5050,#5051);
#3916=AXIS2_PLACEMENT_3D('',#5958,#5053,#5054);
#3917=AXIS2_PLACEMENT_3D('',#5959,#5055,#5056);
#3918=AXIS2_PLACEMENT_3D('',#5961,#5057,#5058);
#3919=AXIS2_PLACEMENT_3D('',#5964,#5060,#5061);
#3920=AXIS2_PLACEMENT_3D('',#5965,#5062,#5063);
#3921=AXIS2_PLACEMENT_3D('',#5966,#5064,#5065);
#3922=AXIS2_PLACEMENT_3D('',#5967,#5066,#5067);
#3923=AXIS2_PLACEMENT_3D('',#5969,#5068,#5069);
#3924=AXIS2_PLACEMENT_3D('',#5972,#5071,#5072);
#3925=AXIS2_PLACEMENT_3D('',#5973,#5073,#5074);
#3926=AXIS2_PLACEMENT_3D('',#5975,#5075,#5076);
#3927=AXIS2_PLACEMENT_3D('',#5978,#5078,#5079);
#3928=AXIS2_PLACEMENT_3D('',#5979,#5080,#5081);
#3929=AXIS2_PLACEMENT_3D('',#5980,#5082,#5083);
#3930=DIRECTION('axis',(0.,0.,1.));
#3931=DIRECTION('refdir',(1.,0.,0.));
#3932=DIRECTION('center_axis',(0.,0.,1.));
#3933=DIRECTION('ref_axis',(1.,0.,0.));
#3934=DIRECTION('center_axis',(0.,0.,-1.));
#3935=DIRECTION('ref_axis',(1.,0.,0.));
#3936=DIRECTION('',(0.,0.,-1.));
#3937=DIRECTION('center_axis',(0.,0.,-1.));
#3938=DIRECTION('ref_axis',(1.,0.,0.));
#3939=DIRECTION('center_axis',(0.,0.,1.));
#3940=DIRECTION('ref_axis',(1.,0.,0.));
#3941=DIRECTION('center_axis',(0.,0.,1.));
#3942=DIRECTION('ref_axis',(1.,0.,0.));
#3943=DIRECTION('',(0.,0.,-1.));
#3944=DIRECTION('center_axis',(0.,0.,1.));
#3945=DIRECTION('ref_axis',(1.,0.,0.));
#3946=DIRECTION('center_axis',(0.,0.,1.));
#3947=DIRECTION('ref_axis',(1.,0.,0.));
#3948=DIRECTION('center_axis',(0.,0.,1.));
#3949=DIRECTION('ref_axis',(1.,0.,0.));
#3950=DIRECTION('center_axis',(0.,0.,1.));
#3951=DIRECTION('ref_axis',(1.,0.,0.));
#3952=DIRECTION('center_axis',(0.,0.,-1.));
#3953=DIRECTION('ref_axis',(1.,0.,0.));
#3954=DIRECTION('',(0.,0.,-1.));
#3955=DIRECTION('center_axis',(0.,0.,-1.));
#3956=DIRECTION('ref_axis',(1.,0.,0.));
#3957=DIRECTION('center_axis',(0.,0.,1.));
#3958=DIRECTION('ref_axis',(1.,0.,0.));
#3959=DIRECTION('center_axis',(0.,0.,1.));
#3960=DIRECTION('ref_axis',(1.,0.,0.));
#3961=DIRECTION('',(0.,0.,-1.));
#3962=DIRECTION('center_axis',(0.,0.,1.));
#3963=DIRECTION('ref_axis',(1.,0.,0.));
#3964=DIRECTION('center_axis',(0.,0.,1.));
#3965=DIRECTION('ref_axis',(1.,0.,0.));
#3966=DIRECTION('center_axis',(0.,0.,1.));
#3967=DIRECTION('ref_axis',(1.,0.,0.));
#3968=DIRECTION('center_axis',(0.,0.,1.));
#3969=DIRECTION('ref_axis',(1.,0.,0.));
#3970=DIRECTION('center_axis',(0.,0.,-1.));
#3971=DIRECTION('ref_axis',(1.,0.,0.));
#3972=DIRECTION('',(0.,0.,-1.));
#3973=DIRECTION('center_axis',(0.,0.,-1.));
#3974=DIRECTION('ref_axis',(1.,0.,0.));
#3975=DIRECTION('center_axis',(0.,0.,1.));
#3976=DIRECTION('ref_axis',(1.,0.,0.));
#3977=DIRECTION('center_axis',(0.,0.,1.));
#3978=DIRECTION('ref_axis',(1.,0.,0.));
#3979=DIRECTION('',(0.,0.,-1.));
#3980=DIRECTION('center_axis',(0.,0.,1.));
#3981=DIRECTION('ref_axis',(1.,0.,0.));
#3982=DIRECTION('center_axis',(0.,0.,1.));
#3983=DIRECTION('ref_axis',(1.,0.,0.));
#3984=DIRECTION('center_axis',(0.,0.,1.));
#3985=DIRECTION('ref_axis',(1.,0.,0.));
#3986=DIRECTION('center_axis',(0.,0.,1.));
#3987=DIRECTION('ref_axis',(1.,0.,0.));
#3988=DIRECTION('center_axis',(0.,0.,-1.));
#3989=DIRECTION('ref_axis',(1.,0.,0.));
#3990=DIRECTION('',(0.,0.,-1.));
#3991=DIRECTION('center_axis',(0.,0.,-1.));
#3992=DIRECTION('ref_axis',(1.,0.,0.));
#3993=DIRECTION('center_axis',(0.,0.,1.));
#3994=DIRECTION('ref_axis',(1.,0.,0.));
#3995=DIRECTION('center_axis',(0.,0.,1.));
#3996=DIRECTION('ref_axis',(1.,0.,0.));
#3997=DIRECTION('',(0.,0.,-1.));
#3998=DIRECTION('center_axis',(0.,0.,1.));
#3999=DIRECTION('ref_axis',(1.,0.,0.));
#4000=DIRECTION('center_axis',(0.,0.,1.));
#4001=DIRECTION('ref_axis',(1.,0.,0.));
#4002=DIRECTION('center_axis',(0.,0.,1.));
#4003=DIRECTION('ref_axis',(1.,0.,0.));
#4004=DIRECTION('center_axis',(0.,0.,1.));
#4005=DIRECTION('ref_axis',(1.,0.,0.));
#4006=DIRECTION('center_axis',(0.,0.,-1.));
#4007=DIRECTION('ref_axis',(1.,0.,0.));
#4008=DIRECTION('',(0.,0.,-1.));
#4009=DIRECTION('center_axis',(0.,0.,-1.));
#4010=DIRECTION('ref_axis',(1.,0.,0.));
#4011=DIRECTION('center_axis',(0.,0.,1.));
#4012=DIRECTION('ref_axis',(1.,0.,0.));
#4013=DIRECTION('center_axis',(0.,0.,1.));
#4014=DIRECTION('ref_axis',(1.,0.,0.));
#4015=DIRECTION('',(0.,0.,-1.));
#4016=DIRECTION('center_axis',(0.,0.,1.));
#4017=DIRECTION('ref_axis',(1.,0.,0.));
#4018=DIRECTION('center_axis',(0.,0.,1.));
#4019=DIRECTION('ref_axis',(1.,0.,0.));
#4020=DIRECTION('center_axis',(0.,0.,1.));
#4021=DIRECTION('ref_axis',(1.,0.,0.));
#4022=DIRECTION('center_axis',(0.,0.,1.));
#4023=DIRECTION('ref_axis',(1.,0.,0.));
#4024=DIRECTION('center_axis',(0.,0.,-1.));
#4025=DIRECTION('ref_axis',(1.,0.,0.));
#4026=DIRECTION('',(0.,0.,-1.));
#4027=DIRECTION('center_axis',(0.,0.,-1.));
#4028=DIRECTION('ref_axis',(1.,0.,0.));
#4029=DIRECTION('center_axis',(0.,0.,1.));
#4030=DIRECTION('ref_axis',(1.,0.,0.));
#4031=DIRECTION('center_axis',(0.,0.,1.));
#4032=DIRECTION('ref_axis',(1.,0.,0.));
#4033=DIRECTION('',(0.,0.,-1.));
#4034=DIRECTION('center_axis',(0.,0.,1.));
#4035=DIRECTION('ref_axis',(1.,0.,0.));
#4036=DIRECTION('center_axis',(0.,0.,1.));
#4037=DIRECTION('ref_axis',(1.,0.,0.));
#4038=DIRECTION('center_axis',(0.,0.,1.));
#4039=DIRECTION('ref_axis',(1.,0.,0.));
#4040=DIRECTION('center_axis',(0.,0.,1.));
#4041=DIRECTION('ref_axis',(1.,0.,0.));
#4042=DIRECTION('center_axis',(0.,0.,-1.));
#4043=DIRECTION('ref_axis',(1.,0.,0.));
#4044=DIRECTION('',(0.,0.,-1.));
#4045=DIRECTION('center_axis',(0.,0.,-1.));
#4046=DIRECTION('ref_axis',(1.,0.,0.));
#4047=DIRECTION('center_axis',(0.,0.,1.));
#4048=DIRECTION('ref_axis',(1.,0.,0.));
#4049=DIRECTION('center_axis',(0.,0.,1.));
#4050=DIRECTION('ref_axis',(1.,0.,0.));
#4051=DIRECTION('',(0.,0.,-1.));
#4052=DIRECTION('center_axis',(0.,0.,1.));
#4053=DIRECTION('ref_axis',(1.,0.,0.));
#4054=DIRECTION('center_axis',(0.,0.,1.));
#4055=DIRECTION('ref_axis',(1.,0.,0.));
#4056=DIRECTION('center_axis',(0.,0.,1.));
#4057=DIRECTION('ref_axis',(1.,0.,0.));
#4058=DIRECTION('center_axis',(0.,0.,1.));
#4059=DIRECTION('ref_axis',(1.,0.,0.));
#4060=DIRECTION('center_axis',(0.,0.,-1.));
#4061=DIRECTION('ref_axis',(1.,0.,0.));
#4062=DIRECTION('',(0.,0.,-1.));
#4063=DIRECTION('center_axis',(0.,0.,-1.));
#4064=DIRECTION('ref_axis',(1.,0.,0.));
#4065=DIRECTION('center_axis',(0.,0.,1.));
#4066=DIRECTION('ref_axis',(1.,0.,0.));
#4067=DIRECTION('center_axis',(0.,0.,1.));
#4068=DIRECTION('ref_axis',(1.,0.,0.));
#4069=DIRECTION('',(0.,0.,-1.));
#4070=DIRECTION('center_axis',(0.,0.,1.));
#4071=DIRECTION('ref_axis',(1.,0.,0.));
#4072=DIRECTION('center_axis',(0.,0.,1.));
#4073=DIRECTION('ref_axis',(1.,0.,0.));
#4074=DIRECTION('center_axis',(0.,0.,1.));
#4075=DIRECTION('ref_axis',(1.,0.,0.));
#4076=DIRECTION('center_axis',(0.,0.,1.));
#4077=DIRECTION('ref_axis',(1.,0.,0.));
#4078=DIRECTION('center_axis',(0.,0.,-1.));
#4079=DIRECTION('ref_axis',(1.,0.,0.));
#4080=DIRECTION('',(0.,0.,-1.));
#4081=DIRECTION('center_axis',(0.,0.,-1.));
#4082=DIRECTION('ref_axis',(1.,0.,0.));
#4083=DIRECTION('center_axis',(0.,0.,1.));
#4084=DIRECTION('ref_axis',(1.,0.,0.));
#4085=DIRECTION('center_axis',(0.,0.,1.));
#4086=DIRECTION('ref_axis',(1.,0.,0.));
#4087=DIRECTION('',(0.,0.,-1.));
#4088=DIRECTION('center_axis',(0.,0.,1.));
#4089=DIRECTION('ref_axis',(1.,0.,0.));
#4090=DIRECTION('center_axis',(0.,0.,1.));
#4091=DIRECTION('ref_axis',(1.,0.,0.));
#4092=DIRECTION('center_axis',(0.,0.,1.));
#4093=DIRECTION('ref_axis',(1.,0.,0.));
#4094=DIRECTION('center_axis',(0.,0.,1.));
#4095=DIRECTION('ref_axis',(1.,0.,0.));
#4096=DIRECTION('center_axis',(0.,0.,-1.));
#4097=DIRECTION('ref_axis',(1.,0.,0.));
#4098=DIRECTION('',(0.,0.,-1.));
#4099=DIRECTION('center_axis',(0.,0.,-1.));
#4100=DIRECTION('ref_axis',(1.,0.,0.));
#4101=DIRECTION('center_axis',(0.,0.,1.));
#4102=DIRECTION('ref_axis',(1.,0.,0.));
#4103=DIRECTION('center_axis',(0.,0.,1.));
#4104=DIRECTION('ref_axis',(1.,0.,0.));
#4105=DIRECTION('',(0.,0.,-1.));
#4106=DIRECTION('center_axis',(0.,0.,1.));
#4107=DIRECTION('ref_axis',(1.,0.,0.));
#4108=DIRECTION('center_axis',(0.,0.,1.));
#4109=DIRECTION('ref_axis',(1.,0.,0.));
#4110=DIRECTION('center_axis',(0.,0.,1.));
#4111=DIRECTION('ref_axis',(1.,0.,0.));
#4112=DIRECTION('center_axis',(0.,0.,1.));
#4113=DIRECTION('ref_axis',(1.,0.,0.));
#4114=DIRECTION('center_axis',(0.,0.,-1.));
#4115=DIRECTION('ref_axis',(1.,0.,0.));
#4116=DIRECTION('',(0.,0.,-1.));
#4117=DIRECTION('center_axis',(0.,0.,-1.));
#4118=DIRECTION('ref_axis',(1.,0.,0.));
#4119=DIRECTION('center_axis',(0.,0.,1.));
#4120=DIRECTION('ref_axis',(1.,0.,0.));
#4121=DIRECTION('center_axis',(0.,0.,1.));
#4122=DIRECTION('ref_axis',(1.,0.,0.));
#4123=DIRECTION('',(0.,0.,-1.));
#4124=DIRECTION('center_axis',(0.,0.,1.));
#4125=DIRECTION('ref_axis',(1.,0.,0.));
#4126=DIRECTION('center_axis',(0.,0.,1.));
#4127=DIRECTION('ref_axis',(1.,0.,0.));
#4128=DIRECTION('center_axis',(0.,0.,1.));
#4129=DIRECTION('ref_axis',(1.,0.,0.));
#4130=DIRECTION('center_axis',(0.,0.,1.));
#4131=DIRECTION('ref_axis',(1.,0.,0.));
#4132=DIRECTION('center_axis',(0.,0.,-1.));
#4133=DIRECTION('ref_axis',(1.,0.,0.));
#4134=DIRECTION('',(0.,0.,-1.));
#4135=DIRECTION('center_axis',(0.,0.,-1.));
#4136=DIRECTION('ref_axis',(1.,0.,0.));
#4137=DIRECTION('center_axis',(0.,0.,1.));
#4138=DIRECTION('ref_axis',(1.,0.,0.));
#4139=DIRECTION('center_axis',(0.,0.,1.));
#4140=DIRECTION('ref_axis',(1.,0.,0.));
#4141=DIRECTION('',(0.,0.,-1.));
#4142=DIRECTION('center_axis',(0.,0.,1.));
#4143=DIRECTION('ref_axis',(1.,0.,0.));
#4144=DIRECTION('center_axis',(0.,0.,1.));
#4145=DIRECTION('ref_axis',(1.,0.,0.));
#4146=DIRECTION('center_axis',(0.,0.,1.));
#4147=DIRECTION('ref_axis',(1.,0.,0.));
#4148=DIRECTION('center_axis',(0.,0.,1.));
#4149=DIRECTION('ref_axis',(1.,0.,0.));
#4150=DIRECTION('center_axis',(0.,0.,-1.));
#4151=DIRECTION('ref_axis',(1.,0.,0.));
#4152=DIRECTION('',(0.,0.,-1.));
#4153=DIRECTION('center_axis',(0.,0.,-1.));
#4154=DIRECTION('ref_axis',(1.,0.,0.));
#4155=DIRECTION('center_axis',(0.,0.,1.));
#4156=DIRECTION('ref_axis',(1.,0.,0.));
#4157=DIRECTION('center_axis',(0.,0.,1.));
#4158=DIRECTION('ref_axis',(1.,0.,0.));
#4159=DIRECTION('',(0.,0.,-1.));
#4160=DIRECTION('center_axis',(0.,0.,1.));
#4161=DIRECTION('ref_axis',(1.,0.,0.));
#4162=DIRECTION('center_axis',(0.,0.,1.));
#4163=DIRECTION('ref_axis',(1.,0.,0.));
#4164=DIRECTION('center_axis',(0.,0.,1.));
#4165=DIRECTION('ref_axis',(1.,0.,0.));
#4166=DIRECTION('center_axis',(0.,0.,1.));
#4167=DIRECTION('ref_axis',(1.,0.,0.));
#4168=DIRECTION('center_axis',(0.,0.,-1.));
#4169=DIRECTION('ref_axis',(1.,0.,0.));
#4170=DIRECTION('',(0.,0.,-1.));
#4171=DIRECTION('center_axis',(0.,0.,-1.));
#4172=DIRECTION('ref_axis',(1.,0.,0.));
#4173=DIRECTION('center_axis',(0.,0.,1.));
#4174=DIRECTION('ref_axis',(1.,0.,0.));
#4175=DIRECTION('center_axis',(0.,0.,1.));
#4176=DIRECTION('ref_axis',(1.,0.,0.));
#4177=DIRECTION('',(0.,0.,-1.));
#4178=DIRECTION('center_axis',(0.,0.,1.));
#4179=DIRECTION('ref_axis',(1.,0.,0.));
#4180=DIRECTION('center_axis',(0.,0.,1.));
#4181=DIRECTION('ref_axis',(1.,0.,0.));
#4182=DIRECTION('center_axis',(0.,0.,1.));
#4183=DIRECTION('ref_axis',(1.,0.,0.));
#4184=DIRECTION('center_axis',(0.,0.,1.));
#4185=DIRECTION('ref_axis',(1.,0.,0.));
#4186=DIRECTION('center_axis',(0.,0.,-1.));
#4187=DIRECTION('ref_axis',(1.,0.,0.));
#4188=DIRECTION('',(0.,0.,-1.));
#4189=DIRECTION('center_axis',(0.,0.,-1.));
#4190=DIRECTION('ref_axis',(1.,0.,0.));
#4191=DIRECTION('center_axis',(0.,0.,1.));
#4192=DIRECTION('ref_axis',(1.,0.,0.));
#4193=DIRECTION('center_axis',(0.,0.,1.));
#4194=DIRECTION('ref_axis',(1.,0.,0.));
#4195=DIRECTION('',(0.,0.,-1.));
#4196=DIRECTION('center_axis',(0.,0.,1.));
#4197=DIRECTION('ref_axis',(1.,0.,0.));
#4198=DIRECTION('center_axis',(0.,0.,1.));
#4199=DIRECTION('ref_axis',(1.,0.,0.));
#4200=DIRECTION('center_axis',(0.,0.,1.));
#4201=DIRECTION('ref_axis',(1.,0.,0.));
#4202=DIRECTION('center_axis',(0.,0.,1.));
#4203=DIRECTION('ref_axis',(1.,0.,0.));
#4204=DIRECTION('center_axis',(0.,0.,-1.));
#4205=DIRECTION('ref_axis',(1.,0.,0.));
#4206=DIRECTION('',(0.,0.,-1.));
#4207=DIRECTION('center_axis',(0.,0.,-1.));
#4208=DIRECTION('ref_axis',(1.,0.,0.));
#4209=DIRECTION('center_axis',(0.,0.,1.));
#4210=DIRECTION('ref_axis',(1.,0.,0.));
#4211=DIRECTION('center_axis',(0.,0.,1.));
#4212=DIRECTION('ref_axis',(1.,0.,0.));
#4213=DIRECTION('',(0.,0.,-1.));
#4214=DIRECTION('center_axis',(0.,0.,1.));
#4215=DIRECTION('ref_axis',(1.,0.,0.));
#4216=DIRECTION('center_axis',(0.,0.,1.));
#4217=DIRECTION('ref_axis',(1.,0.,0.));
#4218=DIRECTION('center_axis',(0.,0.,1.));
#4219=DIRECTION('ref_axis',(1.,0.,0.));
#4220=DIRECTION('center_axis',(0.,0.,1.));
#4221=DIRECTION('ref_axis',(1.,0.,0.));
#4222=DIRECTION('center_axis',(0.,0.,-1.));
#4223=DIRECTION('ref_axis',(1.,0.,0.));
#4224=DIRECTION('',(0.,0.,-1.));
#4225=DIRECTION('center_axis',(0.,0.,-1.));
#4226=DIRECTION('ref_axis',(1.,0.,0.));
#4227=DIRECTION('center_axis',(0.,0.,1.));
#4228=DIRECTION('ref_axis',(1.,0.,0.));
#4229=DIRECTION('center_axis',(0.,0.,1.));
#4230=DIRECTION('ref_axis',(1.,0.,0.));
#4231=DIRECTION('',(0.,0.,-1.));
#4232=DIRECTION('center_axis',(0.,0.,1.));
#4233=DIRECTION('ref_axis',(1.,0.,0.));
#4234=DIRECTION('center_axis',(0.,0.,1.));
#4235=DIRECTION('ref_axis',(1.,0.,0.));
#4236=DIRECTION('center_axis',(0.,0.,1.));
#4237=DIRECTION('ref_axis',(1.,0.,0.));
#4238=DIRECTION('center_axis',(0.,0.,1.));
#4239=DIRECTION('ref_axis',(1.,0.,0.));
#4240=DIRECTION('center_axis',(0.,0.,-1.));
#4241=DIRECTION('ref_axis',(1.,0.,0.));
#4242=DIRECTION('',(0.,0.,-1.));
#4243=DIRECTION('center_axis',(0.,0.,-1.));
#4244=DIRECTION('ref_axis',(1.,0.,0.));
#4245=DIRECTION('center_axis',(0.,0.,1.));
#4246=DIRECTION('ref_axis',(1.,0.,0.));
#4247=DIRECTION('center_axis',(0.,0.,1.));
#4248=DIRECTION('ref_axis',(1.,0.,0.));
#4249=DIRECTION('',(0.,0.,-1.));
#4250=DIRECTION('center_axis',(0.,0.,1.));
#4251=DIRECTION('ref_axis',(1.,0.,0.));
#4252=DIRECTION('center_axis',(0.,0.,1.));
#4253=DIRECTION('ref_axis',(1.,0.,0.));
#4254=DIRECTION('center_axis',(0.,0.,1.));
#4255=DIRECTION('ref_axis',(1.,0.,0.));
#4256=DIRECTION('center_axis',(0.,0.,1.));
#4257=DIRECTION('ref_axis',(1.,0.,0.));
#4258=DIRECTION('center_axis',(0.,0.,-1.));
#4259=DIRECTION('ref_axis',(1.,0.,0.));
#4260=DIRECTION('',(0.,0.,-1.));
#4261=DIRECTION('center_axis',(0.,0.,-1.));
#4262=DIRECTION('ref_axis',(1.,0.,0.));
#4263=DIRECTION('center_axis',(0.,0.,1.));
#4264=DIRECTION('ref_axis',(1.,0.,0.));
#4265=DIRECTION('center_axis',(0.,0.,1.));
#4266=DIRECTION('ref_axis',(1.,0.,0.));
#4267=DIRECTION('',(0.,0.,-1.));
#4268=DIRECTION('center_axis',(0.,0.,1.));
#4269=DIRECTION('ref_axis',(1.,0.,0.));
#4270=DIRECTION('center_axis',(0.,0.,1.));
#4271=DIRECTION('ref_axis',(1.,0.,0.));
#4272=DIRECTION('center_axis',(0.,0.,1.));
#4273=DIRECTION('ref_axis',(1.,0.,0.));
#4274=DIRECTION('center_axis',(0.,0.,1.));
#4275=DIRECTION('ref_axis',(1.,0.,0.));
#4276=DIRECTION('center_axis',(0.,0.,-1.));
#4277=DIRECTION('ref_axis',(1.,0.,0.));
#4278=DIRECTION('',(0.,0.,-1.));
#4279=DIRECTION('center_axis',(0.,0.,-1.));
#4280=DIRECTION('ref_axis',(1.,0.,0.));
#4281=DIRECTION('center_axis',(0.,0.,1.));
#4282=DIRECTION('ref_axis',(1.,0.,0.));
#4283=DIRECTION('center_axis',(0.,0.,1.));
#4284=DIRECTION('ref_axis',(1.,0.,0.));
#4285=DIRECTION('',(0.,0.,-1.));
#4286=DIRECTION('center_axis',(0.,0.,1.));
#4287=DIRECTION('ref_axis',(1.,0.,0.));
#4288=DIRECTION('center_axis',(0.,0.,1.));
#4289=DIRECTION('ref_axis',(1.,0.,0.));
#4290=DIRECTION('center_axis',(0.,0.,1.));
#4291=DIRECTION('ref_axis',(1.,0.,0.));
#4292=DIRECTION('center_axis',(0.,0.,1.));
#4293=DIRECTION('ref_axis',(1.,0.,0.));
#4294=DIRECTION('center_axis',(0.,0.,-1.));
#4295=DIRECTION('ref_axis',(1.,0.,0.));
#4296=DIRECTION('',(0.,0.,-1.));
#4297=DIRECTION('center_axis',(0.,0.,-1.));
#4298=DIRECTION('ref_axis',(1.,0.,0.));
#4299=DIRECTION('center_axis',(0.,0.,1.));
#4300=DIRECTION('ref_axis',(1.,0.,0.));
#4301=DIRECTION('center_axis',(0.,0.,1.));
#4302=DIRECTION('ref_axis',(1.,0.,0.));
#4303=DIRECTION('',(0.,0.,-1.));
#4304=DIRECTION('center_axis',(0.,0.,1.));
#4305=DIRECTION('ref_axis',(1.,0.,0.));
#4306=DIRECTION('center_axis',(0.,0.,1.));
#4307=DIRECTION('ref_axis',(1.,0.,0.));
#4308=DIRECTION('center_axis',(0.,0.,1.));
#4309=DIRECTION('ref_axis',(1.,0.,0.));
#4310=DIRECTION('center_axis',(0.,0.,1.));
#4311=DIRECTION('ref_axis',(1.,0.,0.));
#4312=DIRECTION('center_axis',(0.,0.,-1.));
#4313=DIRECTION('ref_axis',(1.,0.,0.));
#4314=DIRECTION('',(0.,0.,-1.));
#4315=DIRECTION('center_axis',(0.,0.,-1.));
#4316=DIRECTION('ref_axis',(1.,0.,0.));
#4317=DIRECTION('center_axis',(0.,0.,1.));
#4318=DIRECTION('ref_axis',(1.,0.,0.));
#4319=DIRECTION('center_axis',(0.,0.,1.));
#4320=DIRECTION('ref_axis',(1.,0.,0.));
#4321=DIRECTION('',(0.,0.,-1.));
#4322=DIRECTION('center_axis',(0.,0.,1.));
#4323=DIRECTION('ref_axis',(1.,0.,0.));
#4324=DIRECTION('center_axis',(0.,0.,1.));
#4325=DIRECTION('ref_axis',(1.,0.,0.));
#4326=DIRECTION('center_axis',(0.,0.,1.));
#4327=DIRECTION('ref_axis',(1.,0.,0.));
#4328=DIRECTION('center_axis',(0.,0.,1.));
#4329=DIRECTION('ref_axis',(1.,0.,0.));
#4330=DIRECTION('center_axis',(0.,0.,-1.));
#4331=DIRECTION('ref_axis',(1.,0.,0.));
#4332=DIRECTION('',(0.,0.,-1.));
#4333=DIRECTION('center_axis',(0.,0.,-1.));
#4334=DIRECTION('ref_axis',(1.,0.,0.));
#4335=DIRECTION('center_axis',(0.,0.,1.));
#4336=DIRECTION('ref_axis',(1.,0.,0.));
#4337=DIRECTION('center_axis',(0.,0.,1.));
#4338=DIRECTION('ref_axis',(1.,0.,0.));
#4339=DIRECTION('',(0.,0.,-1.));
#4340=DIRECTION('center_axis',(0.,0.,1.));
#4341=DIRECTION('ref_axis',(1.,0.,0.));
#4342=DIRECTION('center_axis',(0.,0.,1.));
#4343=DIRECTION('ref_axis',(1.,0.,0.));
#4344=DIRECTION('center_axis',(0.,0.,1.));
#4345=DIRECTION('ref_axis',(1.,0.,0.));
#4346=DIRECTION('center_axis',(0.,0.,1.));
#4347=DIRECTION('ref_axis',(1.,0.,0.));
#4348=DIRECTION('center_axis',(0.,0.,-1.));
#4349=DIRECTION('ref_axis',(1.,0.,0.));
#4350=DIRECTION('',(0.,0.,-1.));
#4351=DIRECTION('center_axis',(0.,0.,-1.));
#4352=DIRECTION('ref_axis',(1.,0.,0.));
#4353=DIRECTION('center_axis',(0.,0.,1.));
#4354=DIRECTION('ref_axis',(1.,0.,0.));
#4355=DIRECTION('center_axis',(0.,0.,1.));
#4356=DIRECTION('ref_axis',(1.,0.,0.));
#4357=DIRECTION('',(0.,0.,-1.));
#4358=DIRECTION('center_axis',(0.,0.,1.));
#4359=DIRECTION('ref_axis',(1.,0.,0.));
#4360=DIRECTION('center_axis',(0.,0.,1.));
#4361=DIRECTION('ref_axis',(1.,0.,0.));
#4362=DIRECTION('center_axis',(0.,0.,1.));
#4363=DIRECTION('ref_axis',(1.,0.,0.));
#4364=DIRECTION('center_axis',(0.,0.,1.));
#4365=DIRECTION('ref_axis',(1.,0.,0.));
#4366=DIRECTION('center_axis',(0.,0.,-1.));
#4367=DIRECTION('ref_axis',(1.,0.,0.));
#4368=DIRECTION('',(0.,0.,-1.));
#4369=DIRECTION('center_axis',(0.,0.,-1.));
#4370=DIRECTION('ref_axis',(1.,0.,0.));
#4371=DIRECTION('center_axis',(0.,0.,1.));
#4372=DIRECTION('ref_axis',(1.,0.,0.));
#4373=DIRECTION('center_axis',(0.,0.,1.));
#4374=DIRECTION('ref_axis',(1.,0.,0.));
#4375=DIRECTION('',(0.,0.,-1.));
#4376=DIRECTION('center_axis',(0.,0.,1.));
#4377=DIRECTION('ref_axis',(1.,0.,0.));
#4378=DIRECTION('center_axis',(0.,0.,1.));
#4379=DIRECTION('ref_axis',(1.,0.,0.));
#4380=DIRECTION('center_axis',(0.,0.,1.));
#4381=DIRECTION('ref_axis',(1.,0.,0.));
#4382=DIRECTION('center_axis',(0.,0.,1.));
#4383=DIRECTION('ref_axis',(1.,0.,0.));
#4384=DIRECTION('center_axis',(0.,0.,-1.));
#4385=DIRECTION('ref_axis',(1.,0.,0.));
#4386=DIRECTION('',(0.,0.,-1.));
#4387=DIRECTION('center_axis',(0.,0.,-1.));
#4388=DIRECTION('ref_axis',(1.,0.,0.));
#4389=DIRECTION('center_axis',(0.,0.,1.));
#4390=DIRECTION('ref_axis',(1.,0.,0.));
#4391=DIRECTION('center_axis',(0.,0.,1.));
#4392=DIRECTION('ref_axis',(1.,0.,0.));
#4393=DIRECTION('',(0.,0.,-1.));
#4394=DIRECTION('center_axis',(0.,0.,1.));
#4395=DIRECTION('ref_axis',(1.,0.,0.));
#4396=DIRECTION('center_axis',(0.,0.,1.));
#4397=DIRECTION('ref_axis',(1.,0.,0.));
#4398=DIRECTION('center_axis',(0.,0.,1.));
#4399=DIRECTION('ref_axis',(1.,0.,0.));
#4400=DIRECTION('center_axis',(0.,0.,1.));
#4401=DIRECTION('ref_axis',(1.,0.,0.));
#4402=DIRECTION('center_axis',(0.,0.,-1.));
#4403=DIRECTION('ref_axis',(1.,0.,0.));
#4404=DIRECTION('',(0.,0.,-1.));
#4405=DIRECTION('center_axis',(0.,0.,-1.));
#4406=DIRECTION('ref_axis',(1.,0.,0.));
#4407=DIRECTION('center_axis',(0.,0.,1.));
#4408=DIRECTION('ref_axis',(1.,0.,0.));
#4409=DIRECTION('center_axis',(0.,0.,1.));
#4410=DIRECTION('ref_axis',(1.,0.,0.));
#4411=DIRECTION('',(0.,0.,-1.));
#4412=DIRECTION('center_axis',(0.,0.,1.));
#4413=DIRECTION('ref_axis',(1.,0.,0.));
#4414=DIRECTION('center_axis',(0.,0.,1.));
#4415=DIRECTION('ref_axis',(1.,0.,0.));
#4416=DIRECTION('center_axis',(0.,0.,1.));
#4417=DIRECTION('ref_axis',(1.,0.,0.));
#4418=DIRECTION('center_axis',(0.,0.,1.));
#4419=DIRECTION('ref_axis',(1.,0.,0.));
#4420=DIRECTION('center_axis',(0.,0.,-1.));
#4421=DIRECTION('ref_axis',(1.,0.,0.));
#4422=DIRECTION('',(0.,0.,-1.));
#4423=DIRECTION('center_axis',(0.,0.,-1.));
#4424=DIRECTION('ref_axis',(1.,0.,0.));
#4425=DIRECTION('center_axis',(0.,0.,1.));
#4426=DIRECTION('ref_axis',(1.,0.,0.));
#4427=DIRECTION('center_axis',(0.,0.,1.));
#4428=DIRECTION('ref_axis',(1.,0.,0.));
#4429=DIRECTION('',(0.,0.,-1.));
#4430=DIRECTION('center_axis',(0.,0.,1.));
#4431=DIRECTION('ref_axis',(1.,0.,0.));
#4432=DIRECTION('center_axis',(0.,0.,1.));
#4433=DIRECTION('ref_axis',(1.,0.,0.));
#4434=DIRECTION('center_axis',(0.,0.,1.));
#4435=DIRECTION('ref_axis',(1.,0.,0.));
#4436=DIRECTION('center_axis',(0.,0.,1.));
#4437=DIRECTION('ref_axis',(1.,0.,0.));
#4438=DIRECTION('center_axis',(0.,0.,-1.));
#4439=DIRECTION('ref_axis',(1.,0.,0.));
#4440=DIRECTION('',(0.,0.,-1.));
#4441=DIRECTION('center_axis',(0.,0.,-1.));
#4442=DIRECTION('ref_axis',(1.,0.,0.));
#4443=DIRECTION('center_axis',(0.,0.,1.));
#4444=DIRECTION('ref_axis',(1.,0.,0.));
#4445=DIRECTION('center_axis',(0.,0.,1.));
#4446=DIRECTION('ref_axis',(1.,0.,0.));
#4447=DIRECTION('',(0.,0.,-1.));
#4448=DIRECTION('center_axis',(0.,0.,1.));
#4449=DIRECTION('ref_axis',(1.,0.,0.));
#4450=DIRECTION('center_axis',(0.,0.,1.));
#4451=DIRECTION('ref_axis',(1.,0.,0.));
#4452=DIRECTION('center_axis',(0.,0.,1.));
#4453=DIRECTION('ref_axis',(1.,0.,0.));
#4454=DIRECTION('center_axis',(0.,0.,1.));
#4455=DIRECTION('ref_axis',(1.,0.,0.));
#4456=DIRECTION('center_axis',(0.,0.,-1.));
#4457=DIRECTION('ref_axis',(1.,0.,0.));
#4458=DIRECTION('',(0.,0.,-1.));
#4459=DIRECTION('center_axis',(0.,0.,-1.));
#4460=DIRECTION('ref_axis',(1.,0.,0.));
#4461=DIRECTION('center_axis',(0.,0.,1.));
#4462=DIRECTION('ref_axis',(1.,0.,0.));
#4463=DIRECTION('center_axis',(0.,0.,1.));
#4464=DIRECTION('ref_axis',(1.,0.,0.));
#4465=DIRECTION('',(0.,0.,-1.));
#4466=DIRECTION('center_axis',(0.,0.,1.));
#4467=DIRECTION('ref_axis',(1.,0.,0.));
#4468=DIRECTION('center_axis',(0.,0.,1.));
#4469=DIRECTION('ref_axis',(1.,0.,0.));
#4470=DIRECTION('center_axis',(0.,0.,1.));
#4471=DIRECTION('ref_axis',(1.,0.,0.));
#4472=DIRECTION('center_axis',(0.,0.,1.));
#4473=DIRECTION('ref_axis',(1.,0.,0.));
#4474=DIRECTION('center_axis',(0.,0.,-1.));
#4475=DIRECTION('ref_axis',(1.,0.,0.));
#4476=DIRECTION('',(0.,0.,-1.));
#4477=DIRECTION('center_axis',(0.,0.,-1.));
#4478=DIRECTION('ref_axis',(1.,0.,0.));
#4479=DIRECTION('center_axis',(0.,0.,1.));
#4480=DIRECTION('ref_axis',(1.,0.,0.));
#4481=DIRECTION('center_axis',(0.,0.,1.));
#4482=DIRECTION('ref_axis',(1.,0.,0.));
#4483=DIRECTION('',(0.,0.,-1.));
#4484=DIRECTION('center_axis',(0.,0.,1.));
#4485=DIRECTION('ref_axis',(1.,0.,0.));
#4486=DIRECTION('center_axis',(0.,0.,1.));
#4487=DIRECTION('ref_axis',(1.,0.,0.));
#4488=DIRECTION('center_axis',(0.,0.,1.));
#4489=DIRECTION('ref_axis',(1.,0.,0.));
#4490=DIRECTION('center_axis',(0.,0.,1.));
#4491=DIRECTION('ref_axis',(1.,0.,0.));
#4492=DIRECTION('center_axis',(0.,0.,-1.));
#4493=DIRECTION('ref_axis',(1.,0.,0.));
#4494=DIRECTION('',(0.,0.,-1.));
#4495=DIRECTION('center_axis',(0.,0.,-1.));
#4496=DIRECTION('ref_axis',(1.,0.,0.));
#4497=DIRECTION('center_axis',(0.,0.,1.));
#4498=DIRECTION('ref_axis',(1.,0.,0.));
#4499=DIRECTION('center_axis',(0.,0.,1.));
#4500=DIRECTION('ref_axis',(1.,0.,0.));
#4501=DIRECTION('',(0.,0.,-1.));
#4502=DIRECTION('center_axis',(0.,0.,1.));
#4503=DIRECTION('ref_axis',(1.,0.,0.));
#4504=DIRECTION('center_axis',(0.,0.,1.));
#4505=DIRECTION('ref_axis',(1.,0.,0.));
#4506=DIRECTION('center_axis',(0.,0.,1.));
#4507=DIRECTION('ref_axis',(1.,0.,0.));
#4508=DIRECTION('center_axis',(0.,0.,1.));
#4509=DIRECTION('ref_axis',(1.,0.,0.));
#4510=DIRECTION('center_axis',(0.,0.,-1.));
#4511=DIRECTION('ref_axis',(1.,0.,0.));
#4512=DIRECTION('',(0.,0.,-1.));
#4513=DIRECTION('center_axis',(0.,0.,-1.));
#4514=DIRECTION('ref_axis',(1.,0.,0.));
#4515=DIRECTION('center_axis',(0.,0.,1.));
#4516=DIRECTION('ref_axis',(1.,0.,0.));
#4517=DIRECTION('center_axis',(0.,0.,1.));
#4518=DIRECTION('ref_axis',(1.,0.,0.));
#4519=DIRECTION('',(0.,0.,-1.));
#4520=DIRECTION('center_axis',(0.,0.,1.));
#4521=DIRECTION('ref_axis',(1.,0.,0.));
#4522=DIRECTION('center_axis',(0.,0.,1.));
#4523=DIRECTION('ref_axis',(1.,0.,0.));
#4524=DIRECTION('center_axis',(0.,0.,1.));
#4525=DIRECTION('ref_axis',(1.,0.,0.));
#4526=DIRECTION('center_axis',(0.,0.,1.));
#4527=DIRECTION('ref_axis',(1.,0.,0.));
#4528=DIRECTION('center_axis',(0.,0.,-1.));
#4529=DIRECTION('ref_axis',(1.,0.,0.));
#4530=DIRECTION('',(0.,0.,-1.));
#4531=DIRECTION('center_axis',(0.,0.,-1.));
#4532=DIRECTION('ref_axis',(1.,0.,0.));
#4533=DIRECTION('center_axis',(0.,0.,1.));
#4534=DIRECTION('ref_axis',(1.,0.,0.));
#4535=DIRECTION('center_axis',(0.,0.,1.));
#4536=DIRECTION('ref_axis',(1.,0.,0.));
#4537=DIRECTION('',(0.,0.,-1.));
#4538=DIRECTION('center_axis',(0.,0.,1.));
#4539=DIRECTION('ref_axis',(1.,0.,0.));
#4540=DIRECTION('center_axis',(0.,0.,1.));
#4541=DIRECTION('ref_axis',(1.,0.,0.));
#4542=DIRECTION('center_axis',(0.,0.,1.));
#4543=DIRECTION('ref_axis',(1.,0.,0.));
#4544=DIRECTION('center_axis',(0.,0.,1.));
#4545=DIRECTION('ref_axis',(1.,0.,0.));
#4546=DIRECTION('center_axis',(0.,0.,-1.));
#4547=DIRECTION('ref_axis',(1.,0.,0.));
#4548=DIRECTION('',(0.,0.,-1.));
#4549=DIRECTION('center_axis',(0.,0.,-1.));
#4550=DIRECTION('ref_axis',(1.,0.,0.));
#4551=DIRECTION('center_axis',(0.,0.,1.));
#4552=DIRECTION('ref_axis',(1.,0.,0.));
#4553=DIRECTION('center_axis',(0.,0.,1.));
#4554=DIRECTION('ref_axis',(1.,0.,0.));
#4555=DIRECTION('',(0.,0.,-1.));
#4556=DIRECTION('center_axis',(0.,0.,1.));
#4557=DIRECTION('ref_axis',(1.,0.,0.));
#4558=DIRECTION('center_axis',(0.,0.,1.));
#4559=DIRECTION('ref_axis',(1.,0.,0.));
#4560=DIRECTION('center_axis',(0.,0.,1.));
#4561=DIRECTION('ref_axis',(1.,0.,0.));
#4562=DIRECTION('center_axis',(0.,0.,1.));
#4563=DIRECTION('ref_axis',(1.,0.,0.));
#4564=DIRECTION('center_axis',(0.,0.,-1.));
#4565=DIRECTION('ref_axis',(1.,0.,0.));
#4566=DIRECTION('',(0.,0.,-1.));
#4567=DIRECTION('center_axis',(0.,0.,-1.));
#4568=DIRECTION('ref_axis',(1.,0.,0.));
#4569=DIRECTION('center_axis',(0.,0.,1.));
#4570=DIRECTION('ref_axis',(1.,0.,0.));
#4571=DIRECTION('center_axis',(0.,0.,1.));
#4572=DIRECTION('ref_axis',(1.,0.,0.));
#4573=DIRECTION('',(0.,0.,-1.));
#4574=DIRECTION('center_axis',(0.,0.,1.));
#4575=DIRECTION('ref_axis',(1.,0.,0.));
#4576=DIRECTION('center_axis',(0.,0.,1.));
#4577=DIRECTION('ref_axis',(1.,0.,0.));
#4578=DIRECTION('center_axis',(0.,0.,1.));
#4579=DIRECTION('ref_axis',(1.,0.,0.));
#4580=DIRECTION('center_axis',(0.,0.,1.));
#4581=DIRECTION('ref_axis',(1.,0.,0.));
#4582=DIRECTION('center_axis',(0.,0.,-1.));
#4583=DIRECTION('ref_axis',(1.,0.,0.));
#4584=DIRECTION('',(0.,0.,-1.));
#4585=DIRECTION('center_axis',(0.,0.,-1.));
#4586=DIRECTION('ref_axis',(1.,0.,0.));
#4587=DIRECTION('center_axis',(0.,0.,1.));
#4588=DIRECTION('ref_axis',(1.,0.,0.));
#4589=DIRECTION('center_axis',(0.,0.,1.));
#4590=DIRECTION('ref_axis',(1.,0.,0.));
#4591=DIRECTION('',(0.,0.,-1.));
#4592=DIRECTION('center_axis',(0.,0.,1.));
#4593=DIRECTION('ref_axis',(1.,0.,0.));
#4594=DIRECTION('center_axis',(0.,0.,1.));
#4595=DIRECTION('ref_axis',(1.,0.,0.));
#4596=DIRECTION('center_axis',(0.,0.,1.));
#4597=DIRECTION('ref_axis',(1.,0.,0.));
#4598=DIRECTION('center_axis',(0.,0.,1.));
#4599=DIRECTION('ref_axis',(1.,0.,0.));
#4600=DIRECTION('center_axis',(0.,0.,-1.));
#4601=DIRECTION('ref_axis',(1.,0.,0.));
#4602=DIRECTION('',(0.,0.,-1.));
#4603=DIRECTION('center_axis',(0.,0.,-1.));
#4604=DIRECTION('ref_axis',(1.,0.,0.));
#4605=DIRECTION('center_axis',(0.,0.,1.));
#4606=DIRECTION('ref_axis',(1.,0.,0.));
#4607=DIRECTION('center_axis',(0.,0.,1.));
#4608=DIRECTION('ref_axis',(1.,0.,0.));
#4609=DIRECTION('',(0.,0.,-1.));
#4610=DIRECTION('center_axis',(0.,0.,1.));
#4611=DIRECTION('ref_axis',(1.,0.,0.));
#4612=DIRECTION('center_axis',(0.,0.,1.));
#4613=DIRECTION('ref_axis',(1.,0.,0.));
#4614=DIRECTION('center_axis',(0.,0.,1.));
#4615=DIRECTION('ref_axis',(1.,0.,0.));
#4616=DIRECTION('center_axis',(0.,0.,1.));
#4617=DIRECTION('ref_axis',(1.,0.,0.));
#4618=DIRECTION('center_axis',(0.,0.,-1.));
#4619=DIRECTION('ref_axis',(1.,0.,0.));
#4620=DIRECTION('',(0.,0.,-1.));
#4621=DIRECTION('center_axis',(0.,0.,-1.));
#4622=DIRECTION('ref_axis',(1.,0.,0.));
#4623=DIRECTION('center_axis',(0.,0.,1.));
#4624=DIRECTION('ref_axis',(1.,0.,0.));
#4625=DIRECTION('center_axis',(0.,0.,1.));
#4626=DIRECTION('ref_axis',(1.,0.,0.));
#4627=DIRECTION('',(0.,0.,-1.));
#4628=DIRECTION('center_axis',(0.,0.,1.));
#4629=DIRECTION('ref_axis',(1.,0.,0.));
#4630=DIRECTION('center_axis',(0.,0.,1.));
#4631=DIRECTION('ref_axis',(1.,0.,0.));
#4632=DIRECTION('center_axis',(0.,0.,1.));
#4633=DIRECTION('ref_axis',(1.,0.,0.));
#4634=DIRECTION('center_axis',(0.,0.,1.));
#4635=DIRECTION('ref_axis',(1.,0.,0.));
#4636=DIRECTION('center_axis',(0.,0.,-1.));
#4637=DIRECTION('ref_axis',(1.,0.,0.));
#4638=DIRECTION('',(0.,0.,-1.));
#4639=DIRECTION('center_axis',(0.,0.,-1.));
#4640=DIRECTION('ref_axis',(1.,0.,0.));
#4641=DIRECTION('center_axis',(0.,0.,1.));
#4642=DIRECTION('ref_axis',(1.,0.,0.));
#4643=DIRECTION('center_axis',(0.,0.,1.));
#4644=DIRECTION('ref_axis',(1.,0.,0.));
#4645=DIRECTION('',(0.,0.,-1.));
#4646=DIRECTION('center_axis',(0.,0.,1.));
#4647=DIRECTION('ref_axis',(1.,0.,0.));
#4648=DIRECTION('center_axis',(0.,0.,1.));
#4649=DIRECTION('ref_axis',(1.,0.,0.));
#4650=DIRECTION('center_axis',(0.,0.,1.));
#4651=DIRECTION('ref_axis',(1.,0.,0.));
#4652=DIRECTION('center_axis',(0.,0.,1.));
#4653=DIRECTION('ref_axis',(1.,0.,0.));
#4654=DIRECTION('center_axis',(0.,0.,-1.));
#4655=DIRECTION('ref_axis',(1.,0.,0.));
#4656=DIRECTION('',(0.,0.,-1.));
#4657=DIRECTION('center_axis',(0.,0.,-1.));
#4658=DIRECTION('ref_axis',(1.,0.,0.));
#4659=DIRECTION('center_axis',(0.,0.,1.));
#4660=DIRECTION('ref_axis',(1.,0.,0.));
#4661=DIRECTION('center_axis',(0.,0.,1.));
#4662=DIRECTION('ref_axis',(1.,0.,0.));
#4663=DIRECTION('',(0.,0.,-1.));
#4664=DIRECTION('center_axis',(0.,0.,1.));
#4665=DIRECTION('ref_axis',(1.,0.,0.));
#4666=DIRECTION('center_axis',(0.,0.,1.));
#4667=DIRECTION('ref_axis',(1.,0.,0.));
#4668=DIRECTION('center_axis',(0.,0.,1.));
#4669=DIRECTION('ref_axis',(1.,0.,0.));
#4670=DIRECTION('center_axis',(0.,0.,1.));
#4671=DIRECTION('ref_axis',(1.,0.,0.));
#4672=DIRECTION('center_axis',(0.,0.,-1.));
#4673=DIRECTION('ref_axis',(1.,0.,0.));
#4674=DIRECTION('',(0.,0.,-1.));
#4675=DIRECTION('center_axis',(0.,0.,-1.));
#4676=DIRECTION('ref_axis',(1.,0.,0.));
#4677=DIRECTION('center_axis',(0.,0.,1.));
#4678=DIRECTION('ref_axis',(1.,0.,0.));
#4679=DIRECTION('center_axis',(0.,0.,1.));
#4680=DIRECTION('ref_axis',(1.,0.,0.));
#4681=DIRECTION('',(0.,0.,-1.));
#4682=DIRECTION('center_axis',(0.,0.,1.));
#4683=DIRECTION('ref_axis',(1.,0.,0.));
#4684=DIRECTION('center_axis',(0.,0.,1.));
#4685=DIRECTION('ref_axis',(1.,0.,0.));
#4686=DIRECTION('center_axis',(0.,0.,1.));
#4687=DIRECTION('ref_axis',(1.,0.,0.));
#4688=DIRECTION('center_axis',(0.,0.,1.));
#4689=DIRECTION('ref_axis',(1.,0.,0.));
#4690=DIRECTION('center_axis',(0.,0.,-1.));
#4691=DIRECTION('ref_axis',(1.,0.,0.));
#4692=DIRECTION('',(0.,0.,-1.));
#4693=DIRECTION('center_axis',(0.,0.,-1.));
#4694=DIRECTION('ref_axis',(1.,0.,0.));
#4695=DIRECTION('center_axis',(0.,0.,1.));
#4696=DIRECTION('ref_axis',(1.,0.,0.));
#4697=DIRECTION('center_axis',(0.,0.,1.));
#4698=DIRECTION('ref_axis',(1.,0.,0.));
#4699=DIRECTION('',(0.,0.,-1.));
#4700=DIRECTION('center_axis',(0.,0.,1.));
#4701=DIRECTION('ref_axis',(1.,0.,0.));
#4702=DIRECTION('center_axis',(0.,0.,1.));
#4703=DIRECTION('ref_axis',(1.,0.,0.));
#4704=DIRECTION('center_axis',(0.,0.,1.));
#4705=DIRECTION('ref_axis',(1.,0.,0.));
#4706=DIRECTION('center_axis',(0.,0.,1.));
#4707=DIRECTION('ref_axis',(1.,0.,0.));
#4708=DIRECTION('center_axis',(0.,0.,-1.));
#4709=DIRECTION('ref_axis',(1.,0.,0.));
#4710=DIRECTION('',(0.,0.,-1.));
#4711=DIRECTION('center_axis',(0.,0.,-1.));
#4712=DIRECTION('ref_axis',(1.,0.,0.));
#4713=DIRECTION('center_axis',(0.,0.,1.));
#4714=DIRECTION('ref_axis',(1.,0.,0.));
#4715=DIRECTION('center_axis',(0.,0.,1.));
#4716=DIRECTION('ref_axis',(1.,0.,0.));
#4717=DIRECTION('',(0.,0.,-1.));
#4718=DIRECTION('center_axis',(0.,0.,1.));
#4719=DIRECTION('ref_axis',(1.,0.,0.));
#4720=DIRECTION('center_axis',(0.,0.,1.));
#4721=DIRECTION('ref_axis',(1.,0.,0.));
#4722=DIRECTION('center_axis',(0.,0.,1.));
#4723=DIRECTION('ref_axis',(1.,0.,0.));
#4724=DIRECTION('center_axis',(0.,0.,1.));
#4725=DIRECTION('ref_axis',(1.,0.,0.));
#4726=DIRECTION('center_axis',(0.,0.,-1.));
#4727=DIRECTION('ref_axis',(1.,0.,0.));
#4728=DIRECTION('',(0.,0.,-1.));
#4729=DIRECTION('center_axis',(0.,0.,-1.));
#4730=DIRECTION('ref_axis',(1.,0.,0.));
#4731=DIRECTION('center_axis',(0.,0.,1.));
#4732=DIRECTION('ref_axis',(1.,0.,0.));
#4733=DIRECTION('center_axis',(0.,0.,1.));
#4734=DIRECTION('ref_axis',(1.,0.,0.));
#4735=DIRECTION('',(0.,0.,-1.));
#4736=DIRECTION('center_axis',(0.,0.,1.));
#4737=DIRECTION('ref_axis',(1.,0.,0.));
#4738=DIRECTION('center_axis',(0.,0.,1.));
#4739=DIRECTION('ref_axis',(1.,0.,0.));
#4740=DIRECTION('center_axis',(0.,0.,1.));
#4741=DIRECTION('ref_axis',(1.,0.,0.));
#4742=DIRECTION('center_axis',(0.,0.,1.));
#4743=DIRECTION('ref_axis',(1.,0.,0.));
#4744=DIRECTION('center_axis',(0.,0.,-1.));
#4745=DIRECTION('ref_axis',(1.,0.,0.));
#4746=DIRECTION('',(0.,0.,-1.));
#4747=DIRECTION('center_axis',(0.,0.,-1.));
#4748=DIRECTION('ref_axis',(1.,0.,0.));
#4749=DIRECTION('center_axis',(0.,0.,1.));
#4750=DIRECTION('ref_axis',(1.,0.,0.));
#4751=DIRECTION('center_axis',(0.,0.,1.));
#4752=DIRECTION('ref_axis',(1.,0.,0.));
#4753=DIRECTION('',(0.,0.,-1.));
#4754=DIRECTION('center_axis',(0.,0.,1.));
#4755=DIRECTION('ref_axis',(1.,0.,0.));
#4756=DIRECTION('center_axis',(0.,0.,1.));
#4757=DIRECTION('ref_axis',(1.,0.,0.));
#4758=DIRECTION('center_axis',(0.,0.,1.));
#4759=DIRECTION('ref_axis',(1.,0.,0.));
#4760=DIRECTION('center_axis',(0.,0.,1.));
#4761=DIRECTION('ref_axis',(1.,0.,0.));
#4762=DIRECTION('center_axis',(0.,0.,-1.));
#4763=DIRECTION('ref_axis',(1.,0.,0.));
#4764=DIRECTION('',(0.,0.,-1.));
#4765=DIRECTION('center_axis',(0.,0.,-1.));
#4766=DIRECTION('ref_axis',(1.,0.,0.));
#4767=DIRECTION('center_axis',(0.,0.,1.));
#4768=DIRECTION('ref_axis',(1.,0.,0.));
#4769=DIRECTION('center_axis',(0.,0.,1.));
#4770=DIRECTION('ref_axis',(1.,0.,0.));
#4771=DIRECTION('',(0.,0.,-1.));
#4772=DIRECTION('center_axis',(0.,0.,1.));
#4773=DIRECTION('ref_axis',(1.,0.,0.));
#4774=DIRECTION('center_axis',(0.,0.,1.));
#4775=DIRECTION('ref_axis',(1.,0.,0.));
#4776=DIRECTION('center_axis',(0.,0.,1.));
#4777=DIRECTION('ref_axis',(1.,0.,0.));
#4778=DIRECTION('center_axis',(0.,0.,1.));
#4779=DIRECTION('ref_axis',(1.,0.,0.));
#4780=DIRECTION('center_axis',(0.,0.,-1.));
#4781=DIRECTION('ref_axis',(1.,0.,0.));
#4782=DIRECTION('',(0.,0.,-1.));
#4783=DIRECTION('center_axis',(0.,0.,-1.));
#4784=DIRECTION('ref_axis',(1.,0.,0.));
#4785=DIRECTION('center_axis',(0.,0.,1.));
#4786=DIRECTION('ref_axis',(1.,0.,0.));
#4787=DIRECTION('center_axis',(0.,0.,1.));
#4788=DIRECTION('ref_axis',(1.,0.,0.));
#4789=DIRECTION('',(0.,0.,-1.));
#4790=DIRECTION('center_axis',(0.,0.,1.));
#4791=DIRECTION('ref_axis',(1.,0.,0.));
#4792=DIRECTION('center_axis',(0.,0.,1.));
#4793=DIRECTION('ref_axis',(1.,0.,0.));
#4794=DIRECTION('center_axis',(0.,0.,1.));
#4795=DIRECTION('ref_axis',(1.,0.,0.));
#4796=DIRECTION('center_axis',(0.,0.,1.));
#4797=DIRECTION('ref_axis',(1.,0.,0.));
#4798=DIRECTION('center_axis',(0.,0.,-1.));
#4799=DIRECTION('ref_axis',(1.,0.,0.));
#4800=DIRECTION('',(0.,0.,-1.));
#4801=DIRECTION('center_axis',(0.,0.,-1.));
#4802=DIRECTION('ref_axis',(1.,0.,0.));
#4803=DIRECTION('center_axis',(0.,0.,1.));
#4804=DIRECTION('ref_axis',(1.,0.,0.));
#4805=DIRECTION('center_axis',(0.,0.,1.));
#4806=DIRECTION('ref_axis',(1.,0.,0.));
#4807=DIRECTION('',(0.,0.,-1.));
#4808=DIRECTION('center_axis',(0.,0.,1.));
#4809=DIRECTION('ref_axis',(1.,0.,0.));
#4810=DIRECTION('center_axis',(0.,0.,1.));
#4811=DIRECTION('ref_axis',(1.,0.,0.));
#4812=DIRECTION('center_axis',(0.,0.,1.));
#4813=DIRECTION('ref_axis',(1.,0.,0.));
#4814=DIRECTION('center_axis',(0.,0.,1.));
#4815=DIRECTION('ref_axis',(1.,0.,0.));
#4816=DIRECTION('center_axis',(0.,0.,-1.));
#4817=DIRECTION('ref_axis',(1.,0.,0.));
#4818=DIRECTION('',(0.,0.,-1.));
#4819=DIRECTION('center_axis',(0.,0.,-1.));
#4820=DIRECTION('ref_axis',(1.,0.,0.));
#4821=DIRECTION('center_axis',(0.,0.,1.));
#4822=DIRECTION('ref_axis',(1.,0.,0.));
#4823=DIRECTION('center_axis',(0.,0.,1.));
#4824=DIRECTION('ref_axis',(1.,0.,0.));
#4825=DIRECTION('',(0.,0.,-1.));
#4826=DIRECTION('center_axis',(0.,0.,1.));
#4827=DIRECTION('ref_axis',(1.,0.,0.));
#4828=DIRECTION('center_axis',(0.,0.,1.));
#4829=DIRECTION('ref_axis',(1.,0.,0.));
#4830=DIRECTION('center_axis',(0.,0.,1.));
#4831=DIRECTION('ref_axis',(1.,0.,0.));
#4832=DIRECTION('center_axis',(0.,0.,1.));
#4833=DIRECTION('ref_axis',(1.,0.,0.));
#4834=DIRECTION('center_axis',(0.,0.,-1.));
#4835=DIRECTION('ref_axis',(1.,0.,0.));
#4836=DIRECTION('',(0.,0.,-1.));
#4837=DIRECTION('center_axis',(0.,0.,-1.));
#4838=DIRECTION('ref_axis',(1.,0.,0.));
#4839=DIRECTION('center_axis',(0.,0.,1.));
#4840=DIRECTION('ref_axis',(1.,0.,0.));
#4841=DIRECTION('center_axis',(0.,0.,1.));
#4842=DIRECTION('ref_axis',(1.,0.,0.));
#4843=DIRECTION('',(0.,0.,-1.));
#4844=DIRECTION('center_axis',(0.,0.,1.));
#4845=DIRECTION('ref_axis',(1.,0.,0.));
#4846=DIRECTION('center_axis',(0.,0.,1.));
#4847=DIRECTION('ref_axis',(1.,0.,0.));
#4848=DIRECTION('center_axis',(0.,0.,1.));
#4849=DIRECTION('ref_axis',(1.,0.,0.));
#4850=DIRECTION('center_axis',(0.,0.,1.));
#4851=DIRECTION('ref_axis',(1.,0.,0.));
#4852=DIRECTION('center_axis',(0.,0.,-1.));
#4853=DIRECTION('ref_axis',(1.,0.,0.));
#4854=DIRECTION('',(0.,0.,-1.));
#4855=DIRECTION('center_axis',(0.,0.,-1.));
#4856=DIRECTION('ref_axis',(1.,0.,0.));
#4857=DIRECTION('center_axis',(0.,0.,1.));
#4858=DIRECTION('ref_axis',(1.,0.,0.));
#4859=DIRECTION('center_axis',(0.,0.,1.));
#4860=DIRECTION('ref_axis',(1.,0.,0.));
#4861=DIRECTION('',(0.,0.,-1.));
#4862=DIRECTION('center_axis',(0.,0.,1.));
#4863=DIRECTION('ref_axis',(1.,0.,0.));
#4864=DIRECTION('center_axis',(0.,0.,1.));
#4865=DIRECTION('ref_axis',(1.,0.,0.));
#4866=DIRECTION('center_axis',(0.,0.,1.));
#4867=DIRECTION('ref_axis',(1.,0.,0.));
#4868=DIRECTION('center_axis',(0.,0.,1.));
#4869=DIRECTION('ref_axis',(1.,0.,0.));
#4870=DIRECTION('center_axis',(0.,0.,-1.));
#4871=DIRECTION('ref_axis',(1.,0.,0.));
#4872=DIRECTION('',(0.,0.,-1.));
#4873=DIRECTION('center_axis',(0.,0.,-1.));
#4874=DIRECTION('ref_axis',(1.,0.,0.));
#4875=DIRECTION('center_axis',(0.,0.,1.));
#4876=DIRECTION('ref_axis',(1.,0.,0.));
#4877=DIRECTION('center_axis',(0.,0.,1.));
#4878=DIRECTION('ref_axis',(1.,0.,0.));
#4879=DIRECTION('',(0.,0.,-1.));
#4880=DIRECTION('center_axis',(0.,0.,1.));
#4881=DIRECTION('ref_axis',(1.,0.,0.));
#4882=DIRECTION('center_axis',(0.,0.,1.));
#4883=DIRECTION('ref_axis',(1.,0.,0.));
#4884=DIRECTION('center_axis',(0.,0.,1.));
#4885=DIRECTION('ref_axis',(1.,0.,0.));
#4886=DIRECTION('center_axis',(0.,0.,1.));
#4887=DIRECTION('ref_axis',(1.,0.,0.));
#4888=DIRECTION('center_axis',(0.,0.,-1.));
#4889=DIRECTION('ref_axis',(1.,0.,0.));
#4890=DIRECTION('',(0.,0.,-1.));
#4891=DIRECTION('center_axis',(0.,0.,-1.));
#4892=DIRECTION('ref_axis',(1.,0.,0.));
#4893=DIRECTION('center_axis',(0.,0.,1.));
#4894=DIRECTION('ref_axis',(1.,0.,0.));
#4895=DIRECTION('center_axis',(0.,0.,1.));
#4896=DIRECTION('ref_axis',(1.,0.,0.));
#4897=DIRECTION('',(0.,0.,-1.));
#4898=DIRECTION('center_axis',(0.,0.,1.));
#4899=DIRECTION('ref_axis',(1.,0.,0.));
#4900=DIRECTION('center_axis',(0.,0.,1.));
#4901=DIRECTION('ref_axis',(1.,0.,0.));
#4902=DIRECTION('center_axis',(0.,0.,1.));
#4903=DIRECTION('ref_axis',(1.,0.,0.));
#4904=DIRECTION('center_axis',(0.,0.,1.));
#4905=DIRECTION('ref_axis',(1.,0.,0.));
#4906=DIRECTION('center_axis',(0.,0.,-1.));
#4907=DIRECTION('ref_axis',(1.,0.,0.));
#4908=DIRECTION('',(0.,0.,-1.));
#4909=DIRECTION('center_axis',(0.,0.,-1.));
#4910=DIRECTION('ref_axis',(1.,0.,0.));
#4911=DIRECTION('center_axis',(0.,0.,1.));
#4912=DIRECTION('ref_axis',(1.,0.,0.));
#4913=DIRECTION('center_axis',(0.,0.,1.));
#4914=DIRECTION('ref_axis',(1.,0.,0.));
#4915=DIRECTION('',(0.,0.,-1.));
#4916=DIRECTION('center_axis',(0.,0.,1.));
#4917=DIRECTION('ref_axis',(1.,0.,0.));
#4918=DIRECTION('center_axis',(0.,0.,1.));
#4919=DIRECTION('ref_axis',(1.,0.,0.));
#4920=DIRECTION('center_axis',(0.,0.,1.));
#4921=DIRECTION('ref_axis',(1.,0.,0.));
#4922=DIRECTION('center_axis',(0.,0.,1.));
#4923=DIRECTION('ref_axis',(1.,0.,0.));
#4924=DIRECTION('center_axis',(0.,0.,-1.));
#4925=DIRECTION('ref_axis',(1.,0.,0.));
#4926=DIRECTION('',(0.,0.,-1.));
#4927=DIRECTION('center_axis',(0.,0.,-1.));
#4928=DIRECTION('ref_axis',(1.,0.,0.));
#4929=DIRECTION('center_axis',(0.,0.,1.));
#4930=DIRECTION('ref_axis',(1.,0.,0.));
#4931=DIRECTION('center_axis',(0.,0.,1.));
#4932=DIRECTION('ref_axis',(1.,0.,0.));
#4933=DIRECTION('',(0.,0.,-1.));
#4934=DIRECTION('center_axis',(0.,0.,1.));
#4935=DIRECTION('ref_axis',(1.,0.,0.));
#4936=DIRECTION('center_axis',(0.,0.,1.));
#4937=DIRECTION('ref_axis',(1.,0.,0.));
#4938=DIRECTION('center_axis',(0.,0.,1.));
#4939=DIRECTION('ref_axis',(1.,0.,0.));
#4940=DIRECTION('center_axis',(0.,0.,1.));
#4941=DIRECTION('ref_axis',(1.,0.,0.));
#4942=DIRECTION('center_axis',(0.,0.,-1.));
#4943=DIRECTION('ref_axis',(1.,0.,0.));
#4944=DIRECTION('',(0.,0.,-1.));
#4945=DIRECTION('center_axis',(0.,0.,-1.));
#4946=DIRECTION('ref_axis',(1.,0.,0.));
#4947=DIRECTION('center_axis',(0.,0.,1.));
#4948=DIRECTION('ref_axis',(1.,0.,0.));
#4949=DIRECTION('center_axis',(0.,0.,1.));
#4950=DIRECTION('ref_axis',(1.,0.,0.));
#4951=DIRECTION('',(0.,0.,-1.));
#4952=DIRECTION('center_axis',(0.,0.,1.));
#4953=DIRECTION('ref_axis',(1.,0.,0.));
#4954=DIRECTION('center_axis',(0.,0.,1.));
#4955=DIRECTION('ref_axis',(1.,0.,0.));
#4956=DIRECTION('center_axis',(0.,0.,1.));
#4957=DIRECTION('ref_axis',(1.,0.,0.));
#4958=DIRECTION('center_axis',(0.,0.,1.));
#4959=DIRECTION('ref_axis',(1.,0.,0.));
#4960=DIRECTION('center_axis',(0.,0.,-1.));
#4961=DIRECTION('ref_axis',(1.,0.,0.));
#4962=DIRECTION('',(0.,0.,-1.));
#4963=DIRECTION('center_axis',(0.,0.,-1.));
#4964=DIRECTION('ref_axis',(1.,0.,0.));
#4965=DIRECTION('center_axis',(0.,0.,1.));
#4966=DIRECTION('ref_axis',(1.,0.,0.));
#4967=DIRECTION('center_axis',(0.,0.,1.));
#4968=DIRECTION('ref_axis',(1.,0.,0.));
#4969=DIRECTION('',(0.,0.,-1.));
#4970=DIRECTION('center_axis',(0.,0.,1.));
#4971=DIRECTION('ref_axis',(1.,0.,0.));
#4972=DIRECTION('center_axis',(0.,0.,1.));
#4973=DIRECTION('ref_axis',(1.,0.,0.));
#4974=DIRECTION('center_axis',(0.,0.,1.));
#4975=DIRECTION('ref_axis',(1.,0.,0.));
#4976=DIRECTION('center_axis',(0.,0.,1.));
#4977=DIRECTION('ref_axis',(1.,0.,0.));
#4978=DIRECTION('center_axis',(0.,0.,-1.));
#4979=DIRECTION('ref_axis',(1.,0.,0.));
#4980=DIRECTION('',(0.,0.,-1.));
#4981=DIRECTION('center_axis',(0.,0.,-1.));
#4982=DIRECTION('ref_axis',(1.,0.,0.));
#4983=DIRECTION('center_axis',(0.,0.,1.));
#4984=DIRECTION('ref_axis',(1.,0.,0.));
#4985=DIRECTION('center_axis',(0.,0.,1.));
#4986=DIRECTION('ref_axis',(1.,0.,0.));
#4987=DIRECTION('',(0.,0.,-1.));
#4988=DIRECTION('center_axis',(0.,0.,1.));
#4989=DIRECTION('ref_axis',(1.,0.,0.));
#4990=DIRECTION('center_axis',(0.,0.,1.));
#4991=DIRECTION('ref_axis',(1.,0.,0.));
#4992=DIRECTION('center_axis',(0.,0.,1.));
#4993=DIRECTION('ref_axis',(1.,0.,0.));
#4994=DIRECTION('center_axis',(0.,0.,1.));
#4995=DIRECTION('ref_axis',(1.,0.,0.));
#4996=DIRECTION('center_axis',(0.,0.,-1.));
#4997=DIRECTION('ref_axis',(1.,0.,0.));
#4998=DIRECTION('',(0.,0.,-1.));
#4999=DIRECTION('center_axis',(0.,0.,-1.));
#5000=DIRECTION('ref_axis',(1.,0.,0.));
#5001=DIRECTION('center_axis',(0.,0.,1.));
#5002=DIRECTION('ref_axis',(1.,0.,0.));
#5003=DIRECTION('center_axis',(0.,0.,1.));
#5004=DIRECTION('ref_axis',(1.,0.,0.));
#5005=DIRECTION('',(0.,0.,-1.));
#5006=DIRECTION('center_axis',(0.,0.,1.));
#5007=DIRECTION('ref_axis',(1.,0.,0.));
#5008=DIRECTION('center_axis',(0.,0.,1.));
#5009=DIRECTION('ref_axis',(1.,0.,0.));
#5010=DIRECTION('center_axis',(0.,0.,1.));
#5011=DIRECTION('ref_axis',(1.,0.,0.));
#5012=DIRECTION('center_axis',(0.,0.,1.));
#5013=DIRECTION('ref_axis',(1.,0.,0.));
#5014=DIRECTION('center_axis',(0.,0.,-1.));
#5015=DIRECTION('ref_axis',(1.,0.,0.));
#5016=DIRECTION('',(0.,0.,-1.));
#5017=DIRECTION('center_axis',(0.,0.,-1.));
#5018=DIRECTION('ref_axis',(1.,0.,0.));
#5019=DIRECTION('center_axis',(0.,0.,1.));
#5020=DIRECTION('ref_axis',(1.,0.,0.));
#5021=DIRECTION('center_axis',(0.,0.,1.));
#5022=DIRECTION('ref_axis',(1.,0.,0.));
#5023=DIRECTION('',(0.,0.,-1.));
#5024=DIRECTION('center_axis',(0.,0.,1.));
#5025=DIRECTION('ref_axis',(1.,0.,0.));
#5026=DIRECTION('center_axis',(0.,0.,1.));
#5027=DIRECTION('ref_axis',(1.,0.,0.));
#5028=DIRECTION('center_axis',(0.,0.,1.));
#5029=DIRECTION('ref_axis',(1.,0.,0.));
#5030=DIRECTION('center_axis',(0.,0.,1.));
#5031=DIRECTION('ref_axis',(1.,0.,0.));
#5032=DIRECTION('center_axis',(0.,0.,-1.));
#5033=DIRECTION('ref_axis',(1.,0.,0.));
#5034=DIRECTION('',(0.,0.,-1.));
#5035=DIRECTION('center_axis',(0.,0.,-1.));
#5036=DIRECTION('ref_axis',(1.,0.,0.));
#5037=DIRECTION('center_axis',(0.,0.,1.));
#5038=DIRECTION('ref_axis',(1.,0.,0.));
#5039=DIRECTION('center_axis',(0.,0.,1.));
#5040=DIRECTION('ref_axis',(1.,0.,0.));
#5041=DIRECTION('',(0.,0.,-1.));
#5042=DIRECTION('center_axis',(0.,0.,1.));
#5043=DIRECTION('ref_axis',(1.,0.,0.));
#5044=DIRECTION('center_axis',(0.,0.,1.));
#5045=DIRECTION('ref_axis',(1.,0.,0.));
#5046=DIRECTION('center_axis',(0.,0.,1.));
#5047=DIRECTION('ref_axis',(1.,0.,0.));
#5048=DIRECTION('center_axis',(0.,0.,1.));
#5049=DIRECTION('ref_axis',(1.,0.,0.));
#5050=DIRECTION('center_axis',(0.,0.,-1.));
#5051=DIRECTION('ref_axis',(1.,0.,0.));
#5052=DIRECTION('',(0.,0.,-1.));
#5053=DIRECTION('center_axis',(0.,0.,-1.));
#5054=DIRECTION('ref_axis',(1.,0.,0.));
#5055=DIRECTION('center_axis',(0.,0.,1.));
#5056=DIRECTION('ref_axis',(1.,0.,0.));
#5057=DIRECTION('center_axis',(0.,0.,1.));
#5058=DIRECTION('ref_axis',(1.,0.,0.));
#5059=DIRECTION('',(0.,0.,-1.));
#5060=DIRECTION('center_axis',(0.,0.,1.));
#5061=DIRECTION('ref_axis',(1.,0.,0.));
#5062=DIRECTION('center_axis',(0.,0.,1.));
#5063=DIRECTION('ref_axis',(1.,0.,0.));
#5064=DIRECTION('center_axis',(0.,0.,1.));
#5065=DIRECTION('ref_axis',(1.,0.,0.));
#5066=DIRECTION('center_axis',(0.,0.,1.));
#5067=DIRECTION('ref_axis',(1.,0.,0.));
#5068=DIRECTION('center_axis',(0.,0.,-1.));
#5069=DIRECTION('ref_axis',(1.,0.,0.));
#5070=DIRECTION('',(0.,0.,-1.));
#5071=DIRECTION('center_axis',(0.,0.,-1.));
#5072=DIRECTION('ref_axis',(1.,0.,0.));
#5073=DIRECTION('center_axis',(0.,0.,1.));
#5074=DIRECTION('ref_axis',(1.,0.,0.));
#5075=DIRECTION('center_axis',(0.,0.,1.));
#5076=DIRECTION('ref_axis',(1.,0.,0.));
#5077=DIRECTION('',(0.,0.,-1.));
#5078=DIRECTION('center_axis',(0.,0.,1.));
#5079=DIRECTION('ref_axis',(1.,0.,0.));
#5080=DIRECTION('center_axis',(0.,0.,1.));
#5081=DIRECTION('ref_axis',(1.,0.,0.));
#5082=DIRECTION('center_axis',(0.,0.,1.));
#5083=DIRECTION('ref_axis',(1.,0.,0.));
#5084=CARTESIAN_POINT('',(0.,0.,0.));
#5085=CARTESIAN_POINT('Origin',(-5.01989248910285,5.04658098960124,0.));
#5086=CARTESIAN_POINT('',(-6.61989248910285,5.04658098960124,5.));
#5087=CARTESIAN_POINT('Origin',(-5.01989248910285,5.04658098960124,5.));
#5088=CARTESIAN_POINT('',(-6.61989248910285,5.04658098960124,0.));
#5089=CARTESIAN_POINT('',(-6.61989248910285,5.04658098960124,0.));
#5090=CARTESIAN_POINT('Origin',(-5.01989248910285,5.04658098960124,0.));
#5091=CARTESIAN_POINT('Origin',(-5.01989248910285,5.04658098960124,0.));
#5092=CARTESIAN_POINT('',(-8.21989248910285,5.04658098960124,5.));
#5093=CARTESIAN_POINT('Origin',(-5.01989248910285,5.04658098960124,5.));
#5094=CARTESIAN_POINT('',(-8.21989248910285,5.04658098960124,0.));
#5095=CARTESIAN_POINT('',(-8.21989248910285,5.04658098960124,0.));
#5096=CARTESIAN_POINT('Origin',(-5.01989248910285,5.04658098960124,0.));
#5097=CARTESIAN_POINT('Origin',(-5.01989248910285,5.04658098960124,5.));
#5098=CARTESIAN_POINT('Origin',(-5.01989248910285,5.04658098960124,0.));
#5099=CARTESIAN_POINT('Origin',(-15.0198924891028,5.04658098960124,0.));
#5100=CARTESIAN_POINT('',(-16.6198924891028,5.04658098960124,5.));
#5101=CARTESIAN_POINT('Origin',(-15.0198924891028,5.04658098960124,5.));
#5102=CARTESIAN_POINT('',(-16.6198924891028,5.04658098960124,0.));
#5103=CARTESIAN_POINT('',(-16.6198924891028,5.04658098960124,0.));
#5104=CARTESIAN_POINT('Origin',(-15.0198924891028,5.04658098960124,0.));
#5105=CARTESIAN_POINT('Origin',(-15.0198924891028,5.04658098960124,0.));
#5106=CARTESIAN_POINT('',(-18.2198924891029,5.04658098960124,5.));
#5107=CARTESIAN_POINT('Origin',(-15.0198924891028,5.04658098960124,5.));
#5108=CARTESIAN_POINT('',(-18.2198924891029,5.04658098960124,0.));
#5109=CARTESIAN_POINT('',(-18.2198924891029,5.04658098960124,0.));
#5110=CARTESIAN_POINT('Origin',(-15.0198924891028,5.04658098960124,0.));
#5111=CARTESIAN_POINT('Origin',(-15.0198924891028,5.04658098960124,5.));
#5112=CARTESIAN_POINT('Origin',(-15.0198924891028,5.04658098960124,0.));
#5113=CARTESIAN_POINT('Origin',(-25.0198924891028,5.04658098960124,0.));
#5114=CARTESIAN_POINT('',(-26.6198924891028,5.04658098960124,5.));
#5115=CARTESIAN_POINT('Origin',(-25.0198924891028,5.04658098960124,5.));
#5116=CARTESIAN_POINT('',(-26.6198924891028,5.04658098960124,0.));
#5117=CARTESIAN_POINT('',(-26.6198924891028,5.04658098960124,0.));
#5118=CARTESIAN_POINT('Origin',(-25.0198924891028,5.04658098960124,0.));
#5119=CARTESIAN_POINT('Origin',(-25.0198924891028,5.04658098960124,0.));
#5120=CARTESIAN_POINT('',(-28.2198924891028,5.04658098960124,5.));
#5121=CARTESIAN_POINT('Origin',(-25.0198924891028,5.04658098960124,5.));
#5122=CARTESIAN_POINT('',(-28.2198924891028,5.04658098960124,0.));
#5123=CARTESIAN_POINT('',(-28.2198924891028,5.04658098960124,0.));
#5124=CARTESIAN_POINT('Origin',(-25.0198924891028,5.04658098960124,0.));
#5125=CARTESIAN_POINT('Origin',(-25.0198924891028,5.04658098960124,5.));
#5126=CARTESIAN_POINT('Origin',(-25.0198924891028,5.04658098960124,0.));
#5127=CARTESIAN_POINT('Origin',(-35.0198924891028,5.04658098960124,0.));
#5128=CARTESIAN_POINT('',(-36.6198924891028,5.04658098960124,5.));
#5129=CARTESIAN_POINT('Origin',(-35.0198924891028,5.04658098960124,5.));
#5130=CARTESIAN_POINT('',(-36.6198924891028,5.04658098960124,0.));
#5131=CARTESIAN_POINT('',(-36.6198924891028,5.04658098960124,0.));
#5132=CARTESIAN_POINT('Origin',(-35.0198924891028,5.04658098960124,0.));
#5133=CARTESIAN_POINT('Origin',(-35.0198924891028,5.04658098960124,0.));
#5134=CARTESIAN_POINT('',(-38.2198924891028,5.04658098960124,5.));
#5135=CARTESIAN_POINT('Origin',(-35.0198924891028,5.04658098960124,5.));
#5136=CARTESIAN_POINT('',(-38.2198924891028,5.04658098960124,0.));
#5137=CARTESIAN_POINT('',(-38.2198924891028,5.04658098960124,0.));
#5138=CARTESIAN_POINT('Origin',(-35.0198924891028,5.04658098960124,0.));
#5139=CARTESIAN_POINT('Origin',(-35.0198924891028,5.04658098960124,5.));
#5140=CARTESIAN_POINT('Origin',(-35.0198924891028,5.04658098960124,0.));
#5141=CARTESIAN_POINT('Origin',(-45.0198924891028,5.04658098960124,0.));
#5142=CARTESIAN_POINT('',(-46.6198924891028,5.04658098960124,5.));
#5143=CARTESIAN_POINT('Origin',(-45.0198924891028,5.04658098960124,5.));
#5144=CARTESIAN_POINT('',(-46.6198924891028,5.04658098960124,0.));
#5145=CARTESIAN_POINT('',(-46.6198924891028,5.04658098960124,0.));
#5146=CARTESIAN_POINT('Origin',(-45.0198924891028,5.04658098960124,0.));
#5147=CARTESIAN_POINT('Origin',(-45.0198924891028,5.04658098960124,0.));
#5148=CARTESIAN_POINT('',(-48.2198924891028,5.04658098960124,5.));
#5149=CARTESIAN_POINT('Origin',(-45.0198924891028,5.04658098960124,5.));
#5150=CARTESIAN_POINT('',(-48.2198924891028,5.04658098960124,0.));
#5151=CARTESIAN_POINT('',(-48.2198924891028,5.04658098960124,0.));
#5152=CARTESIAN_POINT('Origin',(-45.0198924891028,5.04658098960124,0.));
#5153=CARTESIAN_POINT('Origin',(-45.0198924891028,5.04658098960124,5.));
#5154=CARTESIAN_POINT('Origin',(-45.0198924891028,5.04658098960124,0.));
#5155=CARTESIAN_POINT('Origin',(-55.0198924891028,5.04658098960124,0.));
#5156=CARTESIAN_POINT('',(-56.6198924891028,5.04658098960124,5.));
#5157=CARTESIAN_POINT('Origin',(-55.0198924891028,5.04658098960124,5.));
#5158=CARTESIAN_POINT('',(-56.6198924891028,5.04658098960124,0.));
#5159=CARTESIAN_POINT('',(-56.6198924891028,5.04658098960124,0.));
#5160=CARTESIAN_POINT('Origin',(-55.0198924891028,5.04658098960124,0.));
#5161=CARTESIAN_POINT('Origin',(-55.0198924891028,5.04658098960124,0.));
#5162=CARTESIAN_POINT('',(-58.2198924891028,5.04658098960124,5.));
#5163=CARTESIAN_POINT('Origin',(-55.0198924891028,5.04658098960124,5.));
#5164=CARTESIAN_POINT('',(-58.2198924891028,5.04658098960124,0.));
#5165=CARTESIAN_POINT('',(-58.2198924891028,5.04658098960124,0.));
#5166=CARTESIAN_POINT('Origin',(-55.0198924891028,5.04658098960124,0.));
#5167=CARTESIAN_POINT('Origin',(-55.0198924891028,5.04658098960124,5.));
#5168=CARTESIAN_POINT('Origin',(-55.0198924891028,5.04658098960124,0.));
#5169=CARTESIAN_POINT('Origin',(-65.0198924891028,5.04658098960124,0.));
#5170=CARTESIAN_POINT('',(-66.6198924891029,5.04658098960124,5.));
#5171=CARTESIAN_POINT('Origin',(-65.0198924891028,5.04658098960124,5.));
#5172=CARTESIAN_POINT('',(-66.6198924891029,5.04658098960124,0.));
#5173=CARTESIAN_POINT('',(-66.6198924891029,5.04658098960124,0.));
#5174=CARTESIAN_POINT('Origin',(-65.0198924891028,5.04658098960124,0.));
#5175=CARTESIAN_POINT('Origin',(-65.0198924891028,5.04658098960124,0.));
#5176=CARTESIAN_POINT('',(-68.2198924891028,5.04658098960124,5.));
#5177=CARTESIAN_POINT('Origin',(-65.0198924891028,5.04658098960124,5.));
#5178=CARTESIAN_POINT('',(-68.2198924891028,5.04658098960124,0.));
#5179=CARTESIAN_POINT('',(-68.2198924891028,5.04658098960124,0.));
#5180=CARTESIAN_POINT('Origin',(-65.0198924891028,5.04658098960124,0.));
#5181=CARTESIAN_POINT('Origin',(-65.0198924891028,5.04658098960124,5.));
#5182=CARTESIAN_POINT('Origin',(-65.0198924891028,5.04658098960124,0.));
#5183=CARTESIAN_POINT('Origin',(-75.0198924891028,5.04658098960124,0.));
#5184=CARTESIAN_POINT('',(-76.6198924891029,5.04658098960124,5.));
#5185=CARTESIAN_POINT('Origin',(-75.0198924891028,5.04658098960124,5.));
#5186=CARTESIAN_POINT('',(-76.6198924891029,5.04658098960124,0.));
#5187=CARTESIAN_POINT('',(-76.6198924891029,5.04658098960124,0.));
#5188=CARTESIAN_POINT('Origin',(-75.0198924891028,5.04658098960124,0.));
#5189=CARTESIAN_POINT('Origin',(-75.0198924891028,5.04658098960124,0.));
#5190=CARTESIAN_POINT('',(-78.2198924891028,5.04658098960124,5.));
#5191=CARTESIAN_POINT('Origin',(-75.0198924891028,5.04658098960124,5.));
#5192=CARTESIAN_POINT('',(-78.2198924891028,5.04658098960124,0.));
#5193=CARTESIAN_POINT('',(-78.2198924891028,5.04658098960124,0.));
#5194=CARTESIAN_POINT('Origin',(-75.0198924891028,5.04658098960124,0.));
#5195=CARTESIAN_POINT('Origin',(-75.0198924891028,5.04658098960124,5.));
#5196=CARTESIAN_POINT('Origin',(-75.0198924891028,5.04658098960124,0.));
#5197=CARTESIAN_POINT('Origin',(-5.01989248910285,15.0465809896012,0.));
#5198=CARTESIAN_POINT('',(-6.61989248910285,15.0465809896012,5.));
#5199=CARTESIAN_POINT('Origin',(-5.01989248910285,15.0465809896012,5.));
#5200=CARTESIAN_POINT('',(-6.61989248910285,15.0465809896012,0.));
#5201=CARTESIAN_POINT('',(-6.61989248910285,15.0465809896012,0.));
#5202=CARTESIAN_POINT('Origin',(-5.01989248910285,15.0465809896012,0.));
#5203=CARTESIAN_POINT('Origin',(-5.01989248910285,15.0465809896012,0.));
#5204=CARTESIAN_POINT('',(-8.21989248910285,15.0465809896012,5.));
#5205=CARTESIAN_POINT('Origin',(-5.01989248910285,15.0465809896012,5.));
#5206=CARTESIAN_POINT('',(-8.21989248910285,15.0465809896012,0.));
#5207=CARTESIAN_POINT('',(-8.21989248910285,15.0465809896012,0.));
#5208=CARTESIAN_POINT('Origin',(-5.01989248910285,15.0465809896012,0.));
#5209=CARTESIAN_POINT('Origin',(-5.01989248910285,15.0465809896012,5.));
#5210=CARTESIAN_POINT('Origin',(-5.01989248910285,15.0465809896012,0.));
#5211=CARTESIAN_POINT('Origin',(-15.0198924891028,15.0465809896012,0.));
#5212=CARTESIAN_POINT('',(-16.6198924891028,15.0465809896012,5.));
#5213=CARTESIAN_POINT('Origin',(-15.0198924891028,15.0465809896012,5.));
#5214=CARTESIAN_POINT('',(-16.6198924891028,15.0465809896012,0.));
#5215=CARTESIAN_POINT('',(-16.6198924891028,15.0465809896012,0.));
#5216=CARTESIAN_POINT('Origin',(-15.0198924891028,15.0465809896012,0.));
#5217=CARTESIAN_POINT('Origin',(-15.0198924891028,15.0465809896012,0.));
#5218=CARTESIAN_POINT('',(-18.2198924891029,15.0465809896012,5.));
#5219=CARTESIAN_POINT('Origin',(-15.0198924891028,15.0465809896012,5.));
#5220=CARTESIAN_POINT('',(-18.2198924891029,15.0465809896012,0.));
#5221=CARTESIAN_POINT('',(-18.2198924891029,15.0465809896012,0.));
#5222=CARTESIAN_POINT('Origin',(-15.0198924891028,15.0465809896012,0.));
#5223=CARTESIAN_POINT('Origin',(-15.0198924891028,15.0465809896012,5.));
#5224=CARTESIAN_POINT('Origin',(-15.0198924891028,15.0465809896012,0.));
#5225=CARTESIAN_POINT('Origin',(-25.0198924891028,15.0465809896012,0.));
#5226=CARTESIAN_POINT('',(-26.6198924891028,15.0465809896012,5.));
#5227=CARTESIAN_POINT('Origin',(-25.0198924891028,15.0465809896012,5.));
#5228=CARTESIAN_POINT('',(-26.6198924891028,15.0465809896012,0.));
#5229=CARTESIAN_POINT('',(-26.6198924891028,15.0465809896012,0.));
#5230=CARTESIAN_POINT('Origin',(-25.0198924891028,15.0465809896012,0.));
#5231=CARTESIAN_POINT('Origin',(-25.0198924891028,15.0465809896012,0.));
#5232=CARTESIAN_POINT('',(-28.2198924891028,15.0465809896012,5.));
#5233=CARTESIAN_POINT('Origin',(-25.0198924891028,15.0465809896012,5.));
#5234=CARTESIAN_POINT('',(-28.2198924891028,15.0465809896012,0.));
#5235=CARTESIAN_POINT('',(-28.2198924891028,15.0465809896012,0.));
#5236=CARTESIAN_POINT('Origin',(-25.0198924891028,15.0465809896012,0.));
#5237=CARTESIAN_POINT('Origin',(-25.0198924891028,15.0465809896012,5.));
#5238=CARTESIAN_POINT('Origin',(-25.0198924891028,15.0465809896012,0.));
#5239=CARTESIAN_POINT('Origin',(-35.0198924891028,15.0465809896012,0.));
#5240=CARTESIAN_POINT('',(-36.6198924891028,15.0465809896012,5.));
#5241=CARTESIAN_POINT('Origin',(-35.0198924891028,15.0465809896012,5.));
#5242=CARTESIAN_POINT('',(-36.6198924891028,15.0465809896012,0.));
#5243=CARTESIAN_POINT('',(-36.6198924891028,15.0465809896012,0.));
#5244=CARTESIAN_POINT('Origin',(-35.0198924891028,15.0465809896012,0.));
#5245=CARTESIAN_POINT('Origin',(-35.0198924891028,15.0465809896012,0.));
#5246=CARTESIAN_POINT('',(-38.2198924891028,15.0465809896012,5.));
#5247=CARTESIAN_POINT('Origin',(-35.0198924891028,15.0465809896012,5.));
#5248=CARTESIAN_POINT('',(-38.2198924891028,15.0465809896012,0.));
#5249=CARTESIAN_POINT('',(-38.2198924891028,15.0465809896012,0.));
#5250=CARTESIAN_POINT('Origin',(-35.0198924891028,15.0465809896012,0.));
#5251=CARTESIAN_POINT('Origin',(-35.0198924891028,15.0465809896012,5.));
#5252=CARTESIAN_POINT('Origin',(-35.0198924891028,15.0465809896012,0.));
#5253=CARTESIAN_POINT('Origin',(-45.0198924891028,15.0465809896012,0.));
#5254=CARTESIAN_POINT('',(-46.6198924891028,15.0465809896012,5.));
#5255=CARTESIAN_POINT('Origin',(-45.0198924891028,15.0465809896012,5.));
#5256=CARTESIAN_POINT('',(-46.6198924891028,15.0465809896012,0.));
#5257=CARTESIAN_POINT('',(-46.6198924891028,15.0465809896012,0.));
#5258=CARTESIAN_POINT('Origin',(-45.0198924891028,15.0465809896012,0.));
#5259=CARTESIAN_POINT('Origin',(-45.0198924891028,15.0465809896012,0.));
#5260=CARTESIAN_POINT('',(-48.2198924891028,15.0465809896012,5.));
#5261=CARTESIAN_POINT('Origin',(-45.0198924891028,15.0465809896012,5.));
#5262=CARTESIAN_POINT('',(-48.2198924891028,15.0465809896012,0.));
#5263=CARTESIAN_POINT('',(-48.2198924891028,15.0465809896012,0.));
#5264=CARTESIAN_POINT('Origin',(-45.0198924891028,15.0465809896012,0.));
#5265=CARTESIAN_POINT('Origin',(-45.0198924891028,15.0465809896012,5.));
#5266=CARTESIAN_POINT('Origin',(-45.0198924891028,15.0465809896012,0.));
#5267=CARTESIAN_POINT('Origin',(-55.0198924891028,15.0465809896012,0.));
#5268=CARTESIAN_POINT('',(-56.6198924891028,15.0465809896012,5.));
#5269=CARTESIAN_POINT('Origin',(-55.0198924891028,15.0465809896012,5.));
#5270=CARTESIAN_POINT('',(-56.6198924891028,15.0465809896012,0.));
#5271=CARTESIAN_POINT('',(-56.6198924891028,15.0465809896012,0.));
#5272=CARTESIAN_POINT('Origin',(-55.0198924891028,15.0465809896012,0.));
#5273=CARTESIAN_POINT('Origin',(-55.0198924891028,15.0465809896012,0.));
#5274=CARTESIAN_POINT('',(-58.2198924891028,15.0465809896012,5.));
#5275=CARTESIAN_POINT('Origin',(-55.0198924891028,15.0465809896012,5.));
#5276=CARTESIAN_POINT('',(-58.2198924891028,15.0465809896012,0.));
#5277=CARTESIAN_POINT('',(-58.2198924891028,15.0465809896012,0.));
#5278=CARTESIAN_POINT('Origin',(-55.0198924891028,15.0465809896012,0.));
#5279=CARTESIAN_POINT('Origin',(-55.0198924891028,15.0465809896012,5.));
#5280=CARTESIAN_POINT('Origin',(-55.0198924891028,15.0465809896012,0.));
#5281=CARTESIAN_POINT('Origin',(-65.0198924891028,15.0465809896012,0.));
#5282=CARTESIAN_POINT('',(-66.6198924891029,15.0465809896012,5.));
#5283=CARTESIAN_POINT('Origin',(-65.0198924891028,15.0465809896012,5.));
#5284=CARTESIAN_POINT('',(-66.6198924891029,15.0465809896012,0.));
#5285=CARTESIAN_POINT('',(-66.6198924891029,15.0465809896012,0.));
#5286=CARTESIAN_POINT('Origin',(-65.0198924891028,15.0465809896012,0.));
#5287=CARTESIAN_POINT('Origin',(-65.0198924891028,15.0465809896012,0.));
#5288=CARTESIAN_POINT('',(-68.2198924891028,15.0465809896012,5.));
#5289=CARTESIAN_POINT('Origin',(-65.0198924891028,15.0465809896012,5.));
#5290=CARTESIAN_POINT('',(-68.2198924891028,15.0465809896012,0.));
#5291=CARTESIAN_POINT('',(-68.2198924891028,15.0465809896012,0.));
#5292=CARTESIAN_POINT('Origin',(-65.0198924891028,15.0465809896012,0.));
#5293=CARTESIAN_POINT('Origin',(-65.0198924891028,15.0465809896012,5.));
#5294=CARTESIAN_POINT('Origin',(-65.0198924891028,15.0465809896012,0.));
#5295=CARTESIAN_POINT('Origin',(-75.0198924891028,15.0465809896012,0.));
#5296=CARTESIAN_POINT('',(-76.6198924891029,15.0465809896012,5.));
#5297=CARTESIAN_POINT('Origin',(-75.0198924891028,15.0465809896012,5.));
#5298=CARTESIAN_POINT('',(-76.6198924891029,15.0465809896012,0.));
#5299=CARTESIAN_POINT('',(-76.6198924891029,15.0465809896012,0.));
#5300=CARTESIAN_POINT('Origin',(-75.0198924891028,15.0465809896012,0.));
#5301=CARTESIAN_POINT('Origin',(-75.0198924891028,15.0465809896012,0.));
#5302=CARTESIAN_POINT('',(-78.2198924891028,15.0465809896012,5.));
#5303=CARTESIAN_POINT('Origin',(-75.0198924891028,15.0465809896012,5.));
#5304=CARTESIAN_POINT('',(-78.2198924891028,15.0465809896012,0.));
#5305=CARTESIAN_POINT('',(-78.2198924891028,15.0465809896012,0.));
#5306=CARTESIAN_POINT('Origin',(-75.0198924891028,15.0465809896012,0.));
#5307=CARTESIAN_POINT('Origin',(-75.0198924891028,15.0465809896012,5.));
#5308=CARTESIAN_POINT('Origin',(-75.0198924891028,15.0465809896012,0.));
#5309=CARTESIAN_POINT('Origin',(-5.01989248910285,25.0465809896012,0.));
#5310=CARTESIAN_POINT('',(-6.61989248910285,25.0465809896012,5.));
#5311=CARTESIAN_POINT('Origin',(-5.01989248910285,25.0465809896012,5.));
#5312=CARTESIAN_POINT('',(-6.61989248910285,25.0465809896012,0.));
#5313=CARTESIAN_POINT('',(-6.61989248910285,25.0465809896012,0.));
#5314=CARTESIAN_POINT('Origin',(-5.01989248910285,25.0465809896012,0.));
#5315=CARTESIAN_POINT('Origin',(-5.01989248910285,25.0465809896012,0.));
#5316=CARTESIAN_POINT('',(-8.21989248910285,25.0465809896012,5.));
#5317=CARTESIAN_POINT('Origin',(-5.01989248910285,25.0465809896012,5.));
#5318=CARTESIAN_POINT('',(-8.21989248910285,25.0465809896012,0.));
#5319=CARTESIAN_POINT('',(-8.21989248910285,25.0465809896012,0.));
#5320=CARTESIAN_POINT('Origin',(-5.01989248910285,25.0465809896012,0.));
#5321=CARTESIAN_POINT('Origin',(-5.01989248910285,25.0465809896012,5.));
#5322=CARTESIAN_POINT('Origin',(-5.01989248910285,25.0465809896012,0.));
#5323=CARTESIAN_POINT('Origin',(-15.0198924891028,25.0465809896012,0.));
#5324=CARTESIAN_POINT('',(-16.6198924891028,25.0465809896012,5.));
#5325=CARTESIAN_POINT('Origin',(-15.0198924891028,25.0465809896012,5.));
#5326=CARTESIAN_POINT('',(-16.6198924891028,25.0465809896012,0.));
#5327=CARTESIAN_POINT('',(-16.6198924891028,25.0465809896012,0.));
#5328=CARTESIAN_POINT('Origin',(-15.0198924891028,25.0465809896012,0.));
#5329=CARTESIAN_POINT('Origin',(-15.0198924891028,25.0465809896012,0.));
#5330=CARTESIAN_POINT('',(-18.2198924891029,25.0465809896012,5.));
#5331=CARTESIAN_POINT('Origin',(-15.0198924891028,25.0465809896012,5.));
#5332=CARTESIAN_POINT('',(-18.2198924891029,25.0465809896012,0.));
#5333=CARTESIAN_POINT('',(-18.2198924891029,25.0465809896012,0.));
#5334=CARTESIAN_POINT('Origin',(-15.0198924891028,25.0465809896012,0.));
#5335=CARTESIAN_POINT('Origin',(-15.0198924891028,25.0465809896012,5.));
#5336=CARTESIAN_POINT('Origin',(-15.0198924891028,25.0465809896012,0.));
#5337=CARTESIAN_POINT('Origin',(-25.0198924891028,25.0465809896012,0.));
#5338=CARTESIAN_POINT('',(-26.6198924891028,25.0465809896012,5.));
#5339=CARTESIAN_POINT('Origin',(-25.0198924891028,25.0465809896012,5.));
#5340=CARTESIAN_POINT('',(-26.6198924891028,25.0465809896012,0.));
#5341=CARTESIAN_POINT('',(-26.6198924891028,25.0465809896012,0.));
#5342=CARTESIAN_POINT('Origin',(-25.0198924891028,25.0465809896012,0.));
#5343=CARTESIAN_POINT('Origin',(-25.0198924891028,25.0465809896012,0.));
#5344=CARTESIAN_POINT('',(-28.2198924891028,25.0465809896012,5.));
#5345=CARTESIAN_POINT('Origin',(-25.0198924891028,25.0465809896012,5.));
#5346=CARTESIAN_POINT('',(-28.2198924891028,25.0465809896012,0.));
#5347=CARTESIAN_POINT('',(-28.2198924891028,25.0465809896012,0.));
#5348=CARTESIAN_POINT('Origin',(-25.0198924891028,25.0465809896012,0.));
#5349=CARTESIAN_POINT('Origin',(-25.0198924891028,25.0465809896012,5.));
#5350=CARTESIAN_POINT('Origin',(-25.0198924891028,25.0465809896012,0.));
#5351=CARTESIAN_POINT('Origin',(-35.0198924891028,25.0465809896012,0.));
#5352=CARTESIAN_POINT('',(-36.6198924891028,25.0465809896012,5.));
#5353=CARTESIAN_POINT('Origin',(-35.0198924891028,25.0465809896012,5.));
#5354=CARTESIAN_POINT('',(-36.6198924891028,25.0465809896012,0.));
#5355=CARTESIAN_POINT('',(-36.6198924891028,25.0465809896012,0.));
#5356=CARTESIAN_POINT('Origin',(-35.0198924891028,25.0465809896012,0.));
#5357=CARTESIAN_POINT('Origin',(-35.0198924891028,25.0465809896012,0.));
#5358=CARTESIAN_POINT('',(-38.2198924891028,25.0465809896012,5.));
#5359=CARTESIAN_POINT('Origin',(-35.0198924891028,25.0465809896012,5.));
#5360=CARTESIAN_POINT('',(-38.2198924891028,25.0465809896012,0.));
#5361=CARTESIAN_POINT('',(-38.2198924891028,25.0465809896012,0.));
#5362=CARTESIAN_POINT('Origin',(-35.0198924891028,25.0465809896012,0.));
#5363=CARTESIAN_POINT('Origin',(-35.0198924891028,25.0465809896012,5.));
#5364=CARTESIAN_POINT('Origin',(-35.0198924891028,25.0465809896012,0.));
#5365=CARTESIAN_POINT('Origin',(-45.0198924891028,25.0465809896012,0.));
#5366=CARTESIAN_POINT('',(-46.6198924891028,25.0465809896012,5.));
#5367=CARTESIAN_POINT('Origin',(-45.0198924891028,25.0465809896012,5.));
#5368=CARTESIAN_POINT('',(-46.6198924891028,25.0465809896012,0.));
#5369=CARTESIAN_POINT('',(-46.6198924891028,25.0465809896012,0.));
#5370=CARTESIAN_POINT('Origin',(-45.0198924891028,25.0465809896012,0.));
#5371=CARTESIAN_POINT('Origin',(-45.0198924891028,25.0465809896012,0.));
#5372=CARTESIAN_POINT('',(-48.2198924891028,25.0465809896012,5.));
#5373=CARTESIAN_POINT('Origin',(-45.0198924891028,25.0465809896012,5.));
#5374=CARTESIAN_POINT('',(-48.2198924891028,25.0465809896012,0.));
#5375=CARTESIAN_POINT('',(-48.2198924891028,25.0465809896012,0.));
#5376=CARTESIAN_POINT('Origin',(-45.0198924891028,25.0465809896012,0.));
#5377=CARTESIAN_POINT('Origin',(-45.0198924891028,25.0465809896012,5.));
#5378=CARTESIAN_POINT('Origin',(-45.0198924891028,25.0465809896012,0.));
#5379=CARTESIAN_POINT('Origin',(-55.0198924891028,25.0465809896012,0.));
#5380=CARTESIAN_POINT('',(-56.6198924891028,25.0465809896012,5.));
#5381=CARTESIAN_POINT('Origin',(-55.0198924891028,25.0465809896012,5.));
#5382=CARTESIAN_POINT('',(-56.6198924891028,25.0465809896012,0.));
#5383=CARTESIAN_POINT('',(-56.6198924891028,25.0465809896012,0.));
#5384=CARTESIAN_POINT('Origin',(-55.0198924891028,25.0465809896012,0.));
#5385=CARTESIAN_POINT('Origin',(-55.0198924891028,25.0465809896012,0.));
#5386=CARTESIAN_POINT('',(-58.2198924891028,25.0465809896012,5.));
#5387=CARTESIAN_POINT('Origin',(-55.0198924891028,25.0465809896012,5.));
#5388=CARTESIAN_POINT('',(-58.2198924891028,25.0465809896012,0.));
#5389=CARTESIAN_POINT('',(-58.2198924891028,25.0465809896012,0.));
#5390=CARTESIAN_POINT('Origin',(-55.0198924891028,25.0465809896012,0.));
#5391=CARTESIAN_POINT('Origin',(-55.0198924891028,25.0465809896012,5.));
#5392=CARTESIAN_POINT('Origin',(-55.0198924891028,25.0465809896012,0.));
#5393=CARTESIAN_POINT('Origin',(-65.0198924891028,25.0465809896012,0.));
#5394=CARTESIAN_POINT('',(-66.6198924891029,25.0465809896012,5.));
#5395=CARTESIAN_POINT('Origin',(-65.0198924891028,25.0465809896012,5.));
#5396=CARTESIAN_POINT('',(-66.6198924891029,25.0465809896012,0.));
#5397=CARTESIAN_POINT('',(-66.6198924891029,25.0465809896012,0.));
#5398=CARTESIAN_POINT('Origin',(-65.0198924891028,25.0465809896012,0.));
#5399=CARTESIAN_POINT('Origin',(-65.0198924891028,25.0465809896012,0.));
#5400=CARTESIAN_POINT('',(-68.2198924891028,25.0465809896012,5.));
#5401=CARTESIAN_POINT('Origin',(-65.0198924891028,25.0465809896012,5.));
#5402=CARTESIAN_POINT('',(-68.2198924891028,25.0465809896012,0.));
#5403=CARTESIAN_POINT('',(-68.2198924891028,25.0465809896012,0.));
#5404=CARTESIAN_POINT('Origin',(-65.0198924891028,25.0465809896012,0.));
#5405=CARTESIAN_POINT('Origin',(-65.0198924891028,25.0465809896012,5.));
#5406=CARTESIAN_POINT('Origin',(-65.0198924891028,25.0465809896012,0.));
#5407=CARTESIAN_POINT('Origin',(-75.0198924891028,25.0465809896012,0.));
#5408=CARTESIAN_POINT('',(-76.6198924891029,25.0465809896012,5.));
#5409=CARTESIAN_POINT('Origin',(-75.0198924891028,25.0465809896012,5.));
#5410=CARTESIAN_POINT('',(-76.6198924891029,25.0465809896012,0.));
#5411=CARTESIAN_POINT('',(-76.6198924891029,25.0465809896012,0.));
#5412=CARTESIAN_POINT('Origin',(-75.0198924891028,25.0465809896012,0.));
#5413=CARTESIAN_POINT('Origin',(-75.0198924891028,25.0465809896012,0.));
#5414=CARTESIAN_POINT('',(-78.2198924891028,25.0465809896012,5.));
#5415=CARTESIAN_POINT('Origin',(-75.0198924891028,25.0465809896012,5.));
#5416=CARTESIAN_POINT('',(-78.2198924891028,25.0465809896012,0.));
#5417=CARTESIAN_POINT('',(-78.2198924891028,25.0465809896012,0.));
#5418=CARTESIAN_POINT('Origin',(-75.0198924891028,25.0465809896012,0.));
#5419=CARTESIAN_POINT('Origin',(-75.0198924891028,25.0465809896012,5.));
#5420=CARTESIAN_POINT('Origin',(-75.0198924891028,25.0465809896012,0.));
#5421=CARTESIAN_POINT('Origin',(-5.01989248910285,35.0465809896012,0.));
#5422=CARTESIAN_POINT('',(-6.61989248910285,35.0465809896012,5.));
#5423=CARTESIAN_POINT('Origin',(-5.01989248910285,35.0465809896012,5.));
#5424=CARTESIAN_POINT('',(-6.61989248910285,35.0465809896012,0.));
#5425=CARTESIAN_POINT('',(-6.61989248910285,35.0465809896012,0.));
#5426=CARTESIAN_POINT('Origin',(-5.01989248910285,35.0465809896012,0.));
#5427=CARTESIAN_POINT('Origin',(-5.01989248910285,35.0465809896012,0.));
#5428=CARTESIAN_POINT('',(-8.21989248910285,35.0465809896012,5.));
#5429=CARTESIAN_POINT('Origin',(-5.01989248910285,35.0465809896012,5.));
#5430=CARTESIAN_POINT('',(-8.21989248910285,35.0465809896012,0.));
#5431=CARTESIAN_POINT('',(-8.21989248910285,35.0465809896012,0.));
#5432=CARTESIAN_POINT('Origin',(-5.01989248910285,35.0465809896012,0.));
#5433=CARTESIAN_POINT('Origin',(-5.01989248910285,35.0465809896012,5.));
#5434=CARTESIAN_POINT('Origin',(-5.01989248910285,35.0465809896012,0.));
#5435=CARTESIAN_POINT('Origin',(-15.0198924891028,35.0465809896012,0.));
#5436=CARTESIAN_POINT('',(-16.6198924891028,35.0465809896012,5.));
#5437=CARTESIAN_POINT('Origin',(-15.0198924891028,35.0465809896012,5.));
#5438=CARTESIAN_POINT('',(-16.6198924891028,35.0465809896012,0.));
#5439=CARTESIAN_POINT('',(-16.6198924891028,35.0465809896012,0.));
#5440=CARTESIAN_POINT('Origin',(-15.0198924891028,35.0465809896012,0.));
#5441=CARTESIAN_POINT('Origin',(-15.0198924891028,35.0465809896012,0.));
#5442=CARTESIAN_POINT('',(-18.2198924891029,35.0465809896012,5.));
#5443=CARTESIAN_POINT('Origin',(-15.0198924891028,35.0465809896012,5.));
#5444=CARTESIAN_POINT('',(-18.2198924891029,35.0465809896012,0.));
#5445=CARTESIAN_POINT('',(-18.2198924891029,35.0465809896012,0.));
#5446=CARTESIAN_POINT('Origin',(-15.0198924891028,35.0465809896012,0.));
#5447=CARTESIAN_POINT('Origin',(-15.0198924891028,35.0465809896012,5.));
#5448=CARTESIAN_POINT('Origin',(-15.0198924891028,35.0465809896012,0.));
#5449=CARTESIAN_POINT('Origin',(-25.0198924891028,35.0465809896012,0.));
#5450=CARTESIAN_POINT('',(-26.6198924891028,35.0465809896012,5.));
#5451=CARTESIAN_POINT('Origin',(-25.0198924891028,35.0465809896012,5.));
#5452=CARTESIAN_POINT('',(-26.6198924891028,35.0465809896012,0.));
#5453=CARTESIAN_POINT('',(-26.6198924891028,35.0465809896012,0.));
#5454=CARTESIAN_POINT('Origin',(-25.0198924891028,35.0465809896012,0.));
#5455=CARTESIAN_POINT('Origin',(-25.0198924891028,35.0465809896012,0.));
#5456=CARTESIAN_POINT('',(-28.2198924891028,35.0465809896012,5.));
#5457=CARTESIAN_POINT('Origin',(-25.0198924891028,35.0465809896012,5.));
#5458=CARTESIAN_POINT('',(-28.2198924891028,35.0465809896012,0.));
#5459=CARTESIAN_POINT('',(-28.2198924891028,35.0465809896012,0.));
#5460=CARTESIAN_POINT('Origin',(-25.0198924891028,35.0465809896012,0.));
#5461=CARTESIAN_POINT('Origin',(-25.0198924891028,35.0465809896012,5.));
#5462=CARTESIAN_POINT('Origin',(-25.0198924891028,35.0465809896012,0.));
#5463=CARTESIAN_POINT('Origin',(-35.0198924891028,35.0465809896012,0.));
#5464=CARTESIAN_POINT('',(-36.6198924891028,35.0465809896012,5.));
#5465=CARTESIAN_POINT('Origin',(-35.0198924891028,35.0465809896012,5.));
#5466=CARTESIAN_POINT('',(-36.6198924891028,35.0465809896012,0.));
#5467=CARTESIAN_POINT('',(-36.6198924891028,35.0465809896012,0.));
#5468=CARTESIAN_POINT('Origin',(-35.0198924891028,35.0465809896012,0.));
#5469=CARTESIAN_POINT('Origin',(-35.0198924891028,35.0465809896012,0.));
#5470=CARTESIAN_POINT('',(-38.2198924891028,35.0465809896012,5.));
#5471=CARTESIAN_POINT('Origin',(-35.0198924891028,35.0465809896012,5.));
#5472=CARTESIAN_POINT('',(-38.2198924891028,35.0465809896012,0.));
#5473=CARTESIAN_POINT('',(-38.2198924891028,35.0465809896012,0.));
#5474=CARTESIAN_POINT('Origin',(-35.0198924891028,35.0465809896012,0.));
#5475=CARTESIAN_POINT('Origin',(-35.0198924891028,35.0465809896012,5.));
#5476=CARTESIAN_POINT('Origin',(-35.0198924891028,35.0465809896012,0.));
#5477=CARTESIAN_POINT('Origin',(-45.0198924891028,35.0465809896012,0.));
#5478=CARTESIAN_POINT('',(-46.6198924891028,35.0465809896012,5.));
#5479=CARTESIAN_POINT('Origin',(-45.0198924891028,35.0465809896012,5.));
#5480=CARTESIAN_POINT('',(-46.6198924891028,35.0465809896012,0.));
#5481=CARTESIAN_POINT('',(-46.6198924891028,35.0465809896012,0.));
#5482=CARTESIAN_POINT('Origin',(-45.0198924891028,35.0465809896012,0.));
#5483=CARTESIAN_POINT('Origin',(-45.0198924891028,35.0465809896012,0.));
#5484=CARTESIAN_POINT('',(-48.2198924891028,35.0465809896012,5.));
#5485=CARTESIAN_POINT('Origin',(-45.0198924891028,35.0465809896012,5.));
#5486=CARTESIAN_POINT('',(-48.2198924891028,35.0465809896012,0.));
#5487=CARTESIAN_POINT('',(-48.2198924891028,35.0465809896012,0.));
#5488=CARTESIAN_POINT('Origin',(-45.0198924891028,35.0465809896012,0.));
#5489=CARTESIAN_POINT('Origin',(-45.0198924891028,35.0465809896012,5.));
#5490=CARTESIAN_POINT('Origin',(-45.0198924891028,35.0465809896012,0.));
#5491=CARTESIAN_POINT('Origin',(-55.0198924891028,35.0465809896012,0.));
#5492=CARTESIAN_POINT('',(-56.6198924891028,35.0465809896012,5.));
#5493=CARTESIAN_POINT('Origin',(-55.0198924891028,35.0465809896012,5.));
#5494=CARTESIAN_POINT('',(-56.6198924891028,35.0465809896012,0.));
#5495=CARTESIAN_POINT('',(-56.6198924891028,35.0465809896012,0.));
#5496=CARTESIAN_POINT('Origin',(-55.0198924891028,35.0465809896012,0.));
#5497=CARTESIAN_POINT('Origin',(-55.0198924891028,35.0465809896012,0.));
#5498=CARTESIAN_POINT('',(-58.2198924891028,35.0465809896012,5.));
#5499=CARTESIAN_POINT('Origin',(-55.0198924891028,35.0465809896012,5.));
#5500=CARTESIAN_POINT('',(-58.2198924891028,35.0465809896012,0.));
#5501=CARTESIAN_POINT('',(-58.2198924891028,35.0465809896012,0.));
#5502=CARTESIAN_POINT('Origin',(-55.0198924891028,35.0465809896012,0.));
#5503=CARTESIAN_POINT('Origin',(-55.0198924891028,35.0465809896012,5.));
#5504=CARTESIAN_POINT('Origin',(-55.0198924891028,35.0465809896012,0.));
#5505=CARTESIAN_POINT('Origin',(-65.0198924891028,35.0465809896012,0.));
#5506=CARTESIAN_POINT('',(-66.6198924891029,35.0465809896012,5.));
#5507=CARTESIAN_POINT('Origin',(-65.0198924891028,35.0465809896012,5.));
#5508=CARTESIAN_POINT('',(-66.6198924891029,35.0465809896012,0.));
#5509=CARTESIAN_POINT('',(-66.6198924891029,35.0465809896012,0.));
#5510=CARTESIAN_POINT('Origin',(-65.0198924891028,35.0465809896012,0.));
#5511=CARTESIAN_POINT('Origin',(-65.0198924891028,35.0465809896012,0.));
#5512=CARTESIAN_POINT('',(-68.2198924891028,35.0465809896012,5.));
#5513=CARTESIAN_POINT('Origin',(-65.0198924891028,35.0465809896012,5.));
#5514=CARTESIAN_POINT('',(-68.2198924891028,35.0465809896012,0.));
#5515=CARTESIAN_POINT('',(-68.2198924891028,35.0465809896012,0.));
#5516=CARTESIAN_POINT('Origin',(-65.0198924891028,35.0465809896012,0.));
#5517=CARTESIAN_POINT('Origin',(-65.0198924891028,35.0465809896012,5.));
#5518=CARTESIAN_POINT('Origin',(-65.0198924891028,35.0465809896012,0.));
#5519=CARTESIAN_POINT('Origin',(-75.0198924891028,35.0465809896012,0.));
#5520=CARTESIAN_POINT('',(-76.6198924891029,35.0465809896012,5.));
#5521=CARTESIAN_POINT('Origin',(-75.0198924891028,35.0465809896012,5.));
#5522=CARTESIAN_POINT('',(-76.6198924891029,35.0465809896012,0.));
#5523=CARTESIAN_POINT('',(-76.6198924891029,35.0465809896012,0.));
#5524=CARTESIAN_POINT('Origin',(-75.0198924891028,35.0465809896012,0.));
#5525=CARTESIAN_POINT('Origin',(-75.0198924891028,35.0465809896012,0.));
#5526=CARTESIAN_POINT('',(-78.2198924891028,35.0465809896012,5.));
#5527=CARTESIAN_POINT('Origin',(-75.0198924891028,35.0465809896012,5.));
#5528=CARTESIAN_POINT('',(-78.2198924891028,35.0465809896012,0.));
#5529=CARTESIAN_POINT('',(-78.2198924891028,35.0465809896012,0.));
#5530=CARTESIAN_POINT('Origin',(-75.0198924891028,35.0465809896012,0.));
#5531=CARTESIAN_POINT('Origin',(-75.0198924891028,35.0465809896012,5.));
#5532=CARTESIAN_POINT('Origin',(-75.0198924891028,35.0465809896012,0.));
#5533=CARTESIAN_POINT('Origin',(-5.01989248910285,45.0465809896012,0.));
#5534=CARTESIAN_POINT('',(-6.61989248910285,45.0465809896012,5.));
#5535=CARTESIAN_POINT('Origin',(-5.01989248910285,45.0465809896012,5.));
#5536=CARTESIAN_POINT('',(-6.61989248910285,45.0465809896012,0.));
#5537=CARTESIAN_POINT('',(-6.61989248910285,45.0465809896012,0.));
#5538=CARTESIAN_POINT('Origin',(-5.01989248910285,45.0465809896012,0.));
#5539=CARTESIAN_POINT('Origin',(-5.01989248910285,45.0465809896012,0.));
#5540=CARTESIAN_POINT('',(-8.21989248910285,45.0465809896012,5.));
#5541=CARTESIAN_POINT('Origin',(-5.01989248910285,45.0465809896012,5.));
#5542=CARTESIAN_POINT('',(-8.21989248910285,45.0465809896012,0.));
#5543=CARTESIAN_POINT('',(-8.21989248910285,45.0465809896012,0.));
#5544=CARTESIAN_POINT('Origin',(-5.01989248910285,45.0465809896012,0.));
#5545=CARTESIAN_POINT('Origin',(-5.01989248910285,45.0465809896012,5.));
#5546=CARTESIAN_POINT('Origin',(-5.01989248910285,45.0465809896012,0.));
#5547=CARTESIAN_POINT('Origin',(-15.0198924891028,45.0465809896012,0.));
#5548=CARTESIAN_POINT('',(-16.6198924891028,45.0465809896012,5.));
#5549=CARTESIAN_POINT('Origin',(-15.0198924891028,45.0465809896012,5.));
#5550=CARTESIAN_POINT('',(-16.6198924891028,45.0465809896012,0.));
#5551=CARTESIAN_POINT('',(-16.6198924891028,45.0465809896012,0.));
#5552=CARTESIAN_POINT('Origin',(-15.0198924891028,45.0465809896012,0.));
#5553=CARTESIAN_POINT('Origin',(-15.0198924891028,45.0465809896012,0.));
#5554=CARTESIAN_POINT('',(-18.2198924891029,45.0465809896012,5.));
#5555=CARTESIAN_POINT('Origin',(-15.0198924891028,45.0465809896012,5.));
#5556=CARTESIAN_POINT('',(-18.2198924891029,45.0465809896012,0.));
#5557=CARTESIAN_POINT('',(-18.2198924891029,45.0465809896012,0.));
#5558=CARTESIAN_POINT('Origin',(-15.0198924891028,45.0465809896012,0.));
#5559=CARTESIAN_POINT('Origin',(-15.0198924891028,45.0465809896012,5.));
#5560=CARTESIAN_POINT('Origin',(-15.0198924891028,45.0465809896012,0.));
#5561=CARTESIAN_POINT('Origin',(-25.0198924891028,45.0465809896012,0.));
#5562=CARTESIAN_POINT('',(-26.6198924891028,45.0465809896012,5.));
#5563=CARTESIAN_POINT('Origin',(-25.0198924891028,45.0465809896012,5.));
#5564=CARTESIAN_POINT('',(-26.6198924891028,45.0465809896012,0.));
#5565=CARTESIAN_POINT('',(-26.6198924891028,45.0465809896012,0.));
#5566=CARTESIAN_POINT('Origin',(-25.0198924891028,45.0465809896012,0.));
#5567=CARTESIAN_POINT('Origin',(-25.0198924891028,45.0465809896012,0.));
#5568=CARTESIAN_POINT('',(-28.2198924891028,45.0465809896012,5.));
#5569=CARTESIAN_POINT('Origin',(-25.0198924891028,45.0465809896012,5.));
#5570=CARTESIAN_POINT('',(-28.2198924891028,45.0465809896012,0.));
#5571=CARTESIAN_POINT('',(-28.2198924891028,45.0465809896012,0.));
#5572=CARTESIAN_POINT('Origin',(-25.0198924891028,45.0465809896012,0.));
#5573=CARTESIAN_POINT('Origin',(-25.0198924891028,45.0465809896012,5.));
#5574=CARTESIAN_POINT('Origin',(-25.0198924891028,45.0465809896012,0.));
#5575=CARTESIAN_POINT('Origin',(-35.0198924891028,45.0465809896012,0.));
#5576=CARTESIAN_POINT('',(-36.6198924891028,45.0465809896012,5.));
#5577=CARTESIAN_POINT('Origin',(-35.0198924891028,45.0465809896012,5.));
#5578=CARTESIAN_POINT('',(-36.6198924891028,45.0465809896012,0.));
#5579=CARTESIAN_POINT('',(-36.6198924891028,45.0465809896012,0.));
#5580=CARTESIAN_POINT('Origin',(-35.0198924891028,45.0465809896012,0.));
#5581=CARTESIAN_POINT('Origin',(-35.0198924891028,45.0465809896012,0.));
#5582=CARTESIAN_POINT('',(-38.2198924891028,45.0465809896012,5.));
#5583=CARTESIAN_POINT('Origin',(-35.0198924891028,45.0465809896012,5.));
#5584=CARTESIAN_POINT('',(-38.2198924891028,45.0465809896012,0.));
#5585=CARTESIAN_POINT('',(-38.2198924891028,45.0465809896012,0.));
#5586=CARTESIAN_POINT('Origin',(-35.0198924891028,45.0465809896012,0.));
#5587=CARTESIAN_POINT('Origin',(-35.0198924891028,45.0465809896012,5.));
#5588=CARTESIAN_POINT('Origin',(-35.0198924891028,45.0465809896012,0.));
#5589=CARTESIAN_POINT('Origin',(-45.0198924891028,45.0465809896012,0.));
#5590=CARTESIAN_POINT('',(-46.6198924891028,45.0465809896012,5.));
#5591=CARTESIAN_POINT('Origin',(-45.0198924891028,45.0465809896012,5.));
#5592=CARTESIAN_POINT('',(-46.6198924891028,45.0465809896012,0.));
#5593=CARTESIAN_POINT('',(-46.6198924891028,45.0465809896012,0.));
#5594=CARTESIAN_POINT('Origin',(-45.0198924891028,45.0465809896012,0.));
#5595=CARTESIAN_POINT('Origin',(-45.0198924891028,45.0465809896012,0.));
#5596=CARTESIAN_POINT('',(-48.2198924891028,45.0465809896012,5.));
#5597=CARTESIAN_POINT('Origin',(-45.0198924891028,45.0465809896012,5.));
#5598=CARTESIAN_POINT('',(-48.2198924891028,45.0465809896012,0.));
#5599=CARTESIAN_POINT('',(-48.2198924891028,45.0465809896012,0.));
#5600=CARTESIAN_POINT('Origin',(-45.0198924891028,45.0465809896012,0.));
#5601=CARTESIAN_POINT('Origin',(-45.0198924891028,45.0465809896012,5.));
#5602=CARTESIAN_POINT('Origin',(-45.0198924891028,45.0465809896012,0.));
#5603=CARTESIAN_POINT('Origin',(-55.0198924891028,45.0465809896012,0.));
#5604=CARTESIAN_POINT('',(-56.6198924891028,45.0465809896012,5.));
#5605=CARTESIAN_POINT('Origin',(-55.0198924891028,45.0465809896012,5.));
#5606=CARTESIAN_POINT('',(-56.6198924891028,45.0465809896012,0.));
#5607=CARTESIAN_POINT('',(-56.6198924891028,45.0465809896012,0.));
#5608=CARTESIAN_POINT('Origin',(-55.0198924891028,45.0465809896012,0.));
#5609=CARTESIAN_POINT('Origin',(-55.0198924891028,45.0465809896012,0.));
#5610=CARTESIAN_POINT('',(-58.2198924891028,45.0465809896012,5.));
#5611=CARTESIAN_POINT('Origin',(-55.0198924891028,45.0465809896012,5.));
#5612=CARTESIAN_POINT('',(-58.2198924891028,45.0465809896012,0.));
#5613=CARTESIAN_POINT('',(-58.2198924891028,45.0465809896012,0.));
#5614=CARTESIAN_POINT('Origin',(-55.0198924891028,45.0465809896012,0.));
#5615=CARTESIAN_POINT('Origin',(-55.0198924891028,45.0465809896012,5.));
#5616=CARTESIAN_POINT('Origin',(-55.0198924891028,45.0465809896012,0.));
#5617=CARTESIAN_POINT('Origin',(-65.0198924891028,45.0465809896012,0.));
#5618=CARTESIAN_POINT('',(-66.6198924891029,45.0465809896012,5.));
#5619=CARTESIAN_POINT('Origin',(-65.0198924891028,45.0465809896012,5.));
#5620=CARTESIAN_POINT('',(-66.6198924891029,45.0465809896012,0.));
#5621=CARTESIAN_POINT('',(-66.6198924891029,45.0465809896012,0.));
#5622=CARTESIAN_POINT('Origin',(-65.0198924891028,45.0465809896012,0.));
#5623=CARTESIAN_POINT('Origin',(-65.0198924891028,45.0465809896012,0.));
#5624=CARTESIAN_POINT('',(-68.2198924891028,45.0465809896012,5.));
#5625=CARTESIAN_POINT('Origin',(-65.0198924891028,45.0465809896012,5.));
#5626=CARTESIAN_POINT('',(-68.2198924891028,45.0465809896012,0.));
#5627=CARTESIAN_POINT('',(-68.2198924891028,45.0465809896012,0.));
#5628=CARTESIAN_POINT('Origin',(-65.0198924891028,45.0465809896012,0.));
#5629=CARTESIAN_POINT('Origin',(-65.0198924891028,45.0465809896012,5.));
#5630=CARTESIAN_POINT('Origin',(-65.0198924891028,45.0465809896012,0.));
#5631=CARTESIAN_POINT('Origin',(-75.0198924891028,45.0465809896012,0.));
#5632=CARTESIAN_POINT('',(-76.6198924891029,45.0465809896012,5.));
#5633=CARTESIAN_POINT('Origin',(-75.0198924891028,45.0465809896012,5.));
#5634=CARTESIAN_POINT('',(-76.6198924891029,45.0465809896012,0.));
#5635=CARTESIAN_POINT('',(-76.6198924891029,45.0465809896012,0.));
#5636=CARTESIAN_POINT('Origin',(-75.0198924891028,45.0465809896012,0.));
#5637=CARTESIAN_POINT('Origin',(-75.0198924891028,45.0465809896012,0.));
#5638=CARTESIAN_POINT('',(-78.2198924891028,45.0465809896012,5.));
#5639=CARTESIAN_POINT('Origin',(-75.0198924891028,45.0465809896012,5.));
#5640=CARTESIAN_POINT('',(-78.2198924891028,45.0465809896012,0.));
#5641=CARTESIAN_POINT('',(-78.2198924891028,45.0465809896012,0.));
#5642=CARTESIAN_POINT('Origin',(-75.0198924891028,45.0465809896012,0.));
#5643=CARTESIAN_POINT('Origin',(-75.0198924891028,45.0465809896012,5.));
#5644=CARTESIAN_POINT('Origin',(-75.0198924891028,45.0465809896012,0.));
#5645=CARTESIAN_POINT('Origin',(-5.01989248910285,55.0465809896012,0.));
#5646=CARTESIAN_POINT('',(-6.61989248910285,55.0465809896012,5.));
#5647=CARTESIAN_POINT('Origin',(-5.01989248910285,55.0465809896012,5.));
#5648=CARTESIAN_POINT('',(-6.61989248910285,55.0465809896012,0.));
#5649=CARTESIAN_POINT('',(-6.61989248910285,55.0465809896012,0.));
#5650=CARTESIAN_POINT('Origin',(-5.01989248910285,55.0465809896012,0.));
#5651=CARTESIAN_POINT('Origin',(-5.01989248910285,55.0465809896012,0.));
#5652=CARTESIAN_POINT('',(-8.21989248910285,55.0465809896012,5.));
#5653=CARTESIAN_POINT('Origin',(-5.01989248910285,55.0465809896012,5.));
#5654=CARTESIAN_POINT('',(-8.21989248910285,55.0465809896012,0.));
#5655=CARTESIAN_POINT('',(-8.21989248910285,55.0465809896012,0.));
#5656=CARTESIAN_POINT('Origin',(-5.01989248910285,55.0465809896012,0.));
#5657=CARTESIAN_POINT('Origin',(-5.01989248910285,55.0465809896012,5.));
#5658=CARTESIAN_POINT('Origin',(-5.01989248910285,55.0465809896012,0.));
#5659=CARTESIAN_POINT('Origin',(-15.0198924891028,55.0465809896012,0.));
#5660=CARTESIAN_POINT('',(-16.6198924891028,55.0465809896012,5.));
#5661=CARTESIAN_POINT('Origin',(-15.0198924891028,55.0465809896012,5.));
#5662=CARTESIAN_POINT('',(-16.6198924891028,55.0465809896012,0.));
#5663=CARTESIAN_POINT('',(-16.6198924891028,55.0465809896012,0.));
#5664=CARTESIAN_POINT('Origin',(-15.0198924891028,55.0465809896012,0.));
#5665=CARTESIAN_POINT('Origin',(-15.0198924891028,55.0465809896012,0.));
#5666=CARTESIAN_POINT('',(-18.2198924891029,55.0465809896012,5.));
#5667=CARTESIAN_POINT('Origin',(-15.0198924891028,55.0465809896012,5.));
#5668=CARTESIAN_POINT('',(-18.2198924891029,55.0465809896012,0.));
#5669=CARTESIAN_POINT('',(-18.2198924891029,55.0465809896012,0.));
#5670=CARTESIAN_POINT('Origin',(-15.0198924891028,55.0465809896012,0.));
#5671=CARTESIAN_POINT('Origin',(-15.0198924891028,55.0465809896012,5.));
#5672=CARTESIAN_POINT('Origin',(-15.0198924891028,55.0465809896012,0.));
#5673=CARTESIAN_POINT('Origin',(-25.0198924891028,55.0465809896012,0.));
#5674=CARTESIAN_POINT('',(-26.6198924891028,55.0465809896012,5.));
#5675=CARTESIAN_POINT('Origin',(-25.0198924891028,55.0465809896012,5.));
#5676=CARTESIAN_POINT('',(-26.6198924891028,55.0465809896012,0.));
#5677=CARTESIAN_POINT('',(-26.6198924891028,55.0465809896012,0.));
#5678=CARTESIAN_POINT('Origin',(-25.0198924891028,55.0465809896012,0.));
#5679=CARTESIAN_POINT('Origin',(-25.0198924891028,55.0465809896012,0.));
#5680=CARTESIAN_POINT('',(-28.2198924891028,55.0465809896012,5.));
#5681=CARTESIAN_POINT('Origin',(-25.0198924891028,55.0465809896012,5.));
#5682=CARTESIAN_POINT('',(-28.2198924891028,55.0465809896012,0.));
#5683=CARTESIAN_POINT('',(-28.2198924891028,55.0465809896012,0.));
#5684=CARTESIAN_POINT('Origin',(-25.0198924891028,55.0465809896012,0.));
#5685=CARTESIAN_POINT('Origin',(-25.0198924891028,55.0465809896012,5.));
#5686=CARTESIAN_POINT('Origin',(-25.0198924891028,55.0465809896012,0.));
#5687=CARTESIAN_POINT('Origin',(-35.0198924891028,55.0465809896012,0.));
#5688=CARTESIAN_POINT('',(-36.6198924891028,55.0465809896012,5.));
#5689=CARTESIAN_POINT('Origin',(-35.0198924891028,55.0465809896012,5.));
#5690=CARTESIAN_POINT('',(-36.6198924891028,55.0465809896012,0.));
#5691=CARTESIAN_POINT('',(-36.6198924891028,55.0465809896012,0.));
#5692=CARTESIAN_POINT('Origin',(-35.0198924891028,55.0465809896012,0.));
#5693=CARTESIAN_POINT('Origin',(-35.0198924891028,55.0465809896012,0.));
#5694=CARTESIAN_POINT('',(-38.2198924891028,55.0465809896012,5.));
#5695=CARTESIAN_POINT('Origin',(-35.0198924891028,55.0465809896012,5.));
#5696=CARTESIAN_POINT('',(-38.2198924891028,55.0465809896012,0.));
#5697=CARTESIAN_POINT('',(-38.2198924891028,55.0465809896012,0.));
#5698=CARTESIAN_POINT('Origin',(-35.0198924891028,55.0465809896012,0.));
#5699=CARTESIAN_POINT('Origin',(-35.0198924891028,55.0465809896012,5.));
#5700=CARTESIAN_POINT('Origin',(-35.0198924891028,55.0465809896012,0.));
#5701=CARTESIAN_POINT('Origin',(-45.0198924891028,55.0465809896012,0.));
#5702=CARTESIAN_POINT('',(-46.6198924891028,55.0465809896012,5.));
#5703=CARTESIAN_POINT('Origin',(-45.0198924891028,55.0465809896012,5.));
#5704=CARTESIAN_POINT('',(-46.6198924891028,55.0465809896012,0.));
#5705=CARTESIAN_POINT('',(-46.6198924891028,55.0465809896012,0.));
#5706=CARTESIAN_POINT('Origin',(-45.0198924891028,55.0465809896012,0.));
#5707=CARTESIAN_POINT('Origin',(-45.0198924891028,55.0465809896012,0.));
#5708=CARTESIAN_POINT('',(-48.2198924891028,55.0465809896012,5.));
#5709=CARTESIAN_POINT('Origin',(-45.0198924891028,55.0465809896012,5.));
#5710=CARTESIAN_POINT('',(-48.2198924891028,55.0465809896012,0.));
#5711=CARTESIAN_POINT('',(-48.2198924891028,55.0465809896012,0.));
#5712=CARTESIAN_POINT('Origin',(-45.0198924891028,55.0465809896012,0.));
#5713=CARTESIAN_POINT('Origin',(-45.0198924891028,55.0465809896012,5.));
#5714=CARTESIAN_POINT('Origin',(-45.0198924891028,55.0465809896012,0.));
#5715=CARTESIAN_POINT('Origin',(-55.0198924891028,55.0465809896012,0.));
#5716=CARTESIAN_POINT('',(-56.6198924891028,55.0465809896012,5.));
#5717=CARTESIAN_POINT('Origin',(-55.0198924891028,55.0465809896012,5.));
#5718=CARTESIAN_POINT('',(-56.6198924891028,55.0465809896012,0.));
#5719=CARTESIAN_POINT('',(-56.6198924891028,55.0465809896012,0.));
#5720=CARTESIAN_POINT('Origin',(-55.0198924891028,55.0465809896012,0.));
#5721=CARTESIAN_POINT('Origin',(-55.0198924891028,55.0465809896012,0.));
#5722=CARTESIAN_POINT('',(-58.2198924891028,55.0465809896012,5.));
#5723=CARTESIAN_POINT('Origin',(-55.0198924891028,55.0465809896012,5.));
#5724=CARTESIAN_POINT('',(-58.2198924891028,55.0465809896012,0.));
#5725=CARTESIAN_POINT('',(-58.2198924891028,55.0465809896012,0.));
#5726=CARTESIAN_POINT('Origin',(-55.0198924891028,55.0465809896012,0.));
#5727=CARTESIAN_POINT('Origin',(-55.0198924891028,55.0465809896012,5.));
#5728=CARTESIAN_POINT('Origin',(-55.0198924891028,55.0465809896012,0.));
#5729=CARTESIAN_POINT('Origin',(-65.0198924891028,55.0465809896012,0.));
#5730=CARTESIAN_POINT('',(-66.6198924891029,55.0465809896012,5.));
#5731=CARTESIAN_POINT('Origin',(-65.0198924891028,55.0465809896012,5.));
#5732=CARTESIAN_POINT('',(-66.6198924891029,55.0465809896012,0.));
#5733=CARTESIAN_POINT('',(-66.6198924891029,55.0465809896012,0.));
#5734=CARTESIAN_POINT('Origin',(-65.0198924891028,55.0465809896012,0.));
#5735=CARTESIAN_POINT('Origin',(-65.0198924891028,55.0465809896012,0.));
#5736=CARTESIAN_POINT('',(-68.2198924891028,55.0465809896012,5.));
#5737=CARTESIAN_POINT('Origin',(-65.0198924891028,55.0465809896012,5.));
#5738=CARTESIAN_POINT('',(-68.2198924891028,55.0465809896012,0.));
#5739=CARTESIAN_POINT('',(-68.2198924891028,55.0465809896012,0.));
#5740=CARTESIAN_POINT('Origin',(-65.0198924891028,55.0465809896012,0.));
#5741=CARTESIAN_POINT('Origin',(-65.0198924891028,55.0465809896012,5.));
#5742=CARTESIAN_POINT('Origin',(-65.0198924891028,55.0465809896012,0.));
#5743=CARTESIAN_POINT('Origin',(-75.0198924891028,55.0465809896012,0.));
#5744=CARTESIAN_POINT('',(-76.6198924891029,55.0465809896012,5.));
#5745=CARTESIAN_POINT('Origin',(-75.0198924891028,55.0465809896012,5.));
#5746=CARTESIAN_POINT('',(-76.6198924891029,55.0465809896012,0.));
#5747=CARTESIAN_POINT('',(-76.6198924891029,55.0465809896012,0.));
#5748=CARTESIAN_POINT('Origin',(-75.0198924891028,55.0465809896012,0.));
#5749=CARTESIAN_POINT('Origin',(-75.0198924891028,55.0465809896012,0.));
#5750=CARTESIAN_POINT('',(-78.2198924891028,55.0465809896012,5.));
#5751=CARTESIAN_POINT('Origin',(-75.0198924891028,55.0465809896012,5.));
#5752=CARTESIAN_POINT('',(-78.2198924891028,55.0465809896012,0.));
#5753=CARTESIAN_POINT('',(-78.2198924891028,55.0465809896012,0.));
#5754=CARTESIAN_POINT('Origin',(-75.0198924891028,55.0465809896012,0.));
#5755=CARTESIAN_POINT('Origin',(-75.0198924891028,55.0465809896012,5.));
#5756=CARTESIAN_POINT('Origin',(-75.0198924891028,55.0465809896012,0.));
#5757=CARTESIAN_POINT('Origin',(-5.01989248910285,65.0465809896012,0.));
#5758=CARTESIAN_POINT('',(-6.61989248910285,65.0465809896012,5.));
#5759=CARTESIAN_POINT('Origin',(-5.01989248910285,65.0465809896012,5.));
#5760=CARTESIAN_POINT('',(-6.61989248910285,65.0465809896012,0.));
#5761=CARTESIAN_POINT('',(-6.61989248910285,65.0465809896012,0.));
#5762=CARTESIAN_POINT('Origin',(-5.01989248910285,65.0465809896012,0.));
#5763=CARTESIAN_POINT('Origin',(-5.01989248910285,65.0465809896012,0.));
#5764=CARTESIAN_POINT('',(-8.21989248910285,65.0465809896012,5.));
#5765=CARTESIAN_POINT('Origin',(-5.01989248910285,65.0465809896012,5.));
#5766=CARTESIAN_POINT('',(-8.21989248910285,65.0465809896012,0.));
#5767=CARTESIAN_POINT('',(-8.21989248910285,65.0465809896012,0.));
#5768=CARTESIAN_POINT('Origin',(-5.01989248910285,65.0465809896012,0.));
#5769=CARTESIAN_POINT('Origin',(-5.01989248910285,65.0465809896012,5.));
#5770=CARTESIAN_POINT('Origin',(-5.01989248910285,65.0465809896012,0.));
#5771=CARTESIAN_POINT('Origin',(-15.0198924891028,65.0465809896012,0.));
#5772=CARTESIAN_POINT('',(-16.6198924891028,65.0465809896012,5.));
#5773=CARTESIAN_POINT('Origin',(-15.0198924891028,65.0465809896012,5.));
#5774=CARTESIAN_POINT('',(-16.6198924891028,65.0465809896012,0.));
#5775=CARTESIAN_POINT('',(-16.6198924891028,65.0465809896012,0.));
#5776=CARTESIAN_POINT('Origin',(-15.0198924891028,65.0465809896012,0.));
#5777=CARTESIAN_POINT('Origin',(-15.0198924891028,65.0465809896012,0.));
#5778=CARTESIAN_POINT('',(-18.2198924891029,65.0465809896012,5.));
#5779=CARTESIAN_POINT('Origin',(-15.0198924891028,65.0465809896012,5.));
#5780=CARTESIAN_POINT('',(-18.2198924891029,65.0465809896012,0.));
#5781=CARTESIAN_POINT('',(-18.2198924891029,65.0465809896012,0.));
#5782=CARTESIAN_POINT('Origin',(-15.0198924891028,65.0465809896012,0.));
#5783=CARTESIAN_POINT('Origin',(-15.0198924891028,65.0465809896012,5.));
#5784=CARTESIAN_POINT('Origin',(-15.0198924891028,65.0465809896012,0.));
#5785=CARTESIAN_POINT('Origin',(-25.0198924891028,65.0465809896012,0.));
#5786=CARTESIAN_POINT('',(-26.6198924891028,65.0465809896012,5.));
#5787=CARTESIAN_POINT('Origin',(-25.0198924891028,65.0465809896012,5.));
#5788=CARTESIAN_POINT('',(-26.6198924891028,65.0465809896012,0.));
#5789=CARTESIAN_POINT('',(-26.6198924891028,65.0465809896012,0.));
#5790=CARTESIAN_POINT('Origin',(-25.0198924891028,65.0465809896012,0.));
#5791=CARTESIAN_POINT('Origin',(-25.0198924891028,65.0465809896012,0.));
#5792=CARTESIAN_POINT('',(-28.2198924891028,65.0465809896012,5.));
#5793=CARTESIAN_POINT('Origin',(-25.0198924891028,65.0465809896012,5.));
#5794=CARTESIAN_POINT('',(-28.2198924891028,65.0465809896012,0.));
#5795=CARTESIAN_POINT('',(-28.2198924891028,65.0465809896012,0.));
#5796=CARTESIAN_POINT('Origin',(-25.0198924891028,65.0465809896012,0.));
#5797=CARTESIAN_POINT('Origin',(-25.0198924891028,65.0465809896012,5.));
#5798=CARTESIAN_POINT('Origin',(-25.0198924891028,65.0465809896012,0.));
#5799=CARTESIAN_POINT('Origin',(-35.0198924891028,65.0465809896012,0.));
#5800=CARTESIAN_POINT('',(-36.6198924891028,65.0465809896012,5.));
#5801=CARTESIAN_POINT('Origin',(-35.0198924891028,65.0465809896012,5.));
#5802=CARTESIAN_POINT('',(-36.6198924891028,65.0465809896012,0.));
#5803=CARTESIAN_POINT('',(-36.6198924891028,65.0465809896012,0.));
#5804=CARTESIAN_POINT('Origin',(-35.0198924891028,65.0465809896012,0.));
#5805=CARTESIAN_POINT('Origin',(-35.0198924891028,65.0465809896012,0.));
#5806=CARTESIAN_POINT('',(-38.2198924891028,65.0465809896012,5.));
#5807=CARTESIAN_POINT('Origin',(-35.0198924891028,65.0465809896012,5.));
#5808=CARTESIAN_POINT('',(-38.2198924891028,65.0465809896012,0.));
#5809=CARTESIAN_POINT('',(-38.2198924891028,65.0465809896012,0.));
#5810=CARTESIAN_POINT('Origin',(-35.0198924891028,65.0465809896012,0.));
#5811=CARTESIAN_POINT('Origin',(-35.0198924891028,65.0465809896012,5.));
#5812=CARTESIAN_POINT('Origin',(-35.0198924891028,65.0465809896012,0.));
#5813=CARTESIAN_POINT('Origin',(-45.0198924891028,65.0465809896012,0.));
#5814=CARTESIAN_POINT('',(-46.6198924891028,65.0465809896012,5.));
#5815=CARTESIAN_POINT('Origin',(-45.0198924891028,65.0465809896012,5.));
#5816=CARTESIAN_POINT('',(-46.6198924891028,65.0465809896012,0.));
#5817=CARTESIAN_POINT('',(-46.6198924891028,65.0465809896012,0.));
#5818=CARTESIAN_POINT('Origin',(-45.0198924891028,65.0465809896012,0.));
#5819=CARTESIAN_POINT('Origin',(-45.0198924891028,65.0465809896012,0.));
#5820=CARTESIAN_POINT('',(-48.2198924891028,65.0465809896012,5.));
#5821=CARTESIAN_POINT('Origin',(-45.0198924891028,65.0465809896012,5.));
#5822=CARTESIAN_POINT('',(-48.2198924891028,65.0465809896012,0.));
#5823=CARTESIAN_POINT('',(-48.2198924891028,65.0465809896012,0.));
#5824=CARTESIAN_POINT('Origin',(-45.0198924891028,65.0465809896012,0.));
#5825=CARTESIAN_POINT('Origin',(-45.0198924891028,65.0465809896012,5.));
#5826=CARTESIAN_POINT('Origin',(-45.0198924891028,65.0465809896012,0.));
#5827=CARTESIAN_POINT('Origin',(-55.0198924891028,65.0465809896012,0.));
#5828=CARTESIAN_POINT('',(-56.6198924891028,65.0465809896012,5.));
#5829=CARTESIAN_POINT('Origin',(-55.0198924891028,65.0465809896012,5.));
#5830=CARTESIAN_POINT('',(-56.6198924891028,65.0465809896012,0.));
#5831=CARTESIAN_POINT('',(-56.6198924891028,65.0465809896012,0.));
#5832=CARTESIAN_POINT('Origin',(-55.0198924891028,65.0465809896012,0.));
#5833=CARTESIAN_POINT('Origin',(-55.0198924891028,65.0465809896012,0.));
#5834=CARTESIAN_POINT('',(-58.2198924891028,65.0465809896012,5.));
#5835=CARTESIAN_POINT('Origin',(-55.0198924891028,65.0465809896012,5.));
#5836=CARTESIAN_POINT('',(-58.2198924891028,65.0465809896012,0.));
#5837=CARTESIAN_POINT('',(-58.2198924891028,65.0465809896012,0.));
#5838=CARTESIAN_POINT('Origin',(-55.0198924891028,65.0465809896012,0.));
#5839=CARTESIAN_POINT('Origin',(-55.0198924891028,65.0465809896012,5.));
#5840=CARTESIAN_POINT('Origin',(-55.0198924891028,65.0465809896012,0.));
#5841=CARTESIAN_POINT('Origin',(-65.0198924891028,65.0465809896012,0.));
#5842=CARTESIAN_POINT('',(-66.6198924891029,65.0465809896012,5.));
#5843=CARTESIAN_POINT('Origin',(-65.0198924891028,65.0465809896012,5.));
#5844=CARTESIAN_POINT('',(-66.6198924891029,65.0465809896012,0.));
#5845=CARTESIAN_POINT('',(-66.6198924891029,65.0465809896012,0.));
#5846=CARTESIAN_POINT('Origin',(-65.0198924891028,65.0465809896012,0.));
#5847=CARTESIAN_POINT('Origin',(-65.0198924891028,65.0465809896012,0.));
#5848=CARTESIAN_POINT('',(-68.2198924891028,65.0465809896012,5.));
#5849=CARTESIAN_POINT('Origin',(-65.0198924891028,65.0465809896012,5.));
#5850=CARTESIAN_POINT('',(-68.2198924891028,65.0465809896012,0.));
#5851=CARTESIAN_POINT('',(-68.2198924891028,65.0465809896012,0.));
#5852=CARTESIAN_POINT('Origin',(-65.0198924891028,65.0465809896012,0.));
#5853=CARTESIAN_POINT('Origin',(-65.0198924891028,65.0465809896012,5.));
#5854=CARTESIAN_POINT('Origin',(-65.0198924891028,65.0465809896012,0.));
#5855=CARTESIAN_POINT('Origin',(-75.0198924891028,65.0465809896012,0.));
#5856=CARTESIAN_POINT('',(-76.6198924891029,65.0465809896012,5.));
#5857=CARTESIAN_POINT('Origin',(-75.0198924891028,65.0465809896012,5.));
#5858=CARTESIAN_POINT('',(-76.6198924891029,65.0465809896012,0.));
#5859=CARTESIAN_POINT('',(-76.6198924891029,65.0465809896012,0.));
#5860=CARTESIAN_POINT('Origin',(-75.0198924891028,65.0465809896012,0.));
#5861=CARTESIAN_POINT('Origin',(-75.0198924891028,65.0465809896012,0.));
#5862=CARTESIAN_POINT('',(-78.2198924891028,65.0465809896012,5.));
#5863=CARTESIAN_POINT('Origin',(-75.0198924891028,65.0465809896012,5.));
#5864=CARTESIAN_POINT('',(-78.2198924891028,65.0465809896012,0.));
#5865=CARTESIAN_POINT('',(-78.2198924891028,65.0465809896012,0.));
#5866=CARTESIAN_POINT('Origin',(-75.0198924891028,65.0465809896012,0.));
#5867=CARTESIAN_POINT('Origin',(-75.0198924891028,65.0465809896012,5.));
#5868=CARTESIAN_POINT('Origin',(-75.0198924891028,65.0465809896012,0.));
#5869=CARTESIAN_POINT('Origin',(-5.01989248910285,75.0465809896012,0.));
#5870=CARTESIAN_POINT('',(-6.61989248910285,75.0465809896012,5.));
#5871=CARTESIAN_POINT('Origin',(-5.01989248910285,75.0465809896012,5.));
#5872=CARTESIAN_POINT('',(-6.61989248910285,75.0465809896012,0.));
#5873=CARTESIAN_POINT('',(-6.61989248910285,75.0465809896012,0.));
#5874=CARTESIAN_POINT('Origin',(-5.01989248910285,75.0465809896012,0.));
#5875=CARTESIAN_POINT('Origin',(-5.01989248910285,75.0465809896012,0.));
#5876=CARTESIAN_POINT('',(-8.21989248910285,75.0465809896012,5.));
#5877=CARTESIAN_POINT('Origin',(-5.01989248910285,75.0465809896012,5.));
#5878=CARTESIAN_POINT('',(-8.21989248910285,75.0465809896012,0.));
#5879=CARTESIAN_POINT('',(-8.21989248910285,75.0465809896012,0.));
#5880=CARTESIAN_POINT('Origin',(-5.01989248910285,75.0465809896012,0.));
#5881=CARTESIAN_POINT('Origin',(-5.01989248910285,75.0465809896012,5.));
#5882=CARTESIAN_POINT('Origin',(-5.01989248910285,75.0465809896012,0.));
#5883=CARTESIAN_POINT('Origin',(-15.0198924891028,75.0465809896012,0.));
#5884=CARTESIAN_POINT('',(-16.6198924891028,75.0465809896012,5.));
#5885=CARTESIAN_POINT('Origin',(-15.0198924891028,75.0465809896012,5.));
#5886=CARTESIAN_POINT('',(-16.6198924891028,75.0465809896012,0.));
#5887=CARTESIAN_POINT('',(-16.6198924891028,75.0465809896012,0.));
#5888=CARTESIAN_POINT('Origin',(-15.0198924891028,75.0465809896012,0.));
#5889=CARTESIAN_POINT('Origin',(-15.0198924891028,75.0465809896012,0.));
#5890=CARTESIAN_POINT('',(-18.2198924891029,75.0465809896012,5.));
#5891=CARTESIAN_POINT('Origin',(-15.0198924891028,75.0465809896012,5.));
#5892=CARTESIAN_POINT('',(-18.2198924891029,75.0465809896012,0.));
#5893=CARTESIAN_POINT('',(-18.2198924891029,75.0465809896012,0.));
#5894=CARTESIAN_POINT('Origin',(-15.0198924891028,75.0465809896012,0.));
#5895=CARTESIAN_POINT('Origin',(-15.0198924891028,75.0465809896012,5.));
#5896=CARTESIAN_POINT('Origin',(-15.0198924891028,75.0465809896012,0.));
#5897=CARTESIAN_POINT('Origin',(-25.0198924891028,75.0465809896012,0.));
#5898=CARTESIAN_POINT('',(-26.6198924891028,75.0465809896012,5.));
#5899=CARTESIAN_POINT('Origin',(-25.0198924891028,75.0465809896012,5.));
#5900=CARTESIAN_POINT('',(-26.6198924891028,75.0465809896012,0.));
#5901=CARTESIAN_POINT('',(-26.6198924891028,75.0465809896012,0.));
#5902=CARTESIAN_POINT('Origin',(-25.0198924891028,75.0465809896012,0.));
#5903=CARTESIAN_POINT('Origin',(-25.0198924891028,75.0465809896012,0.));
#5904=CARTESIAN_POINT('',(-28.2198924891028,75.0465809896012,5.));
#5905=CARTESIAN_POINT('Origin',(-25.0198924891028,75.0465809896012,5.));
#5906=CARTESIAN_POINT('',(-28.2198924891028,75.0465809896012,0.));
#5907=CARTESIAN_POINT('',(-28.2198924891028,75.0465809896012,0.));
#5908=CARTESIAN_POINT('Origin',(-25.0198924891028,75.0465809896012,0.));
#5909=CARTESIAN_POINT('Origin',(-25.0198924891028,75.0465809896012,5.));
#5910=CARTESIAN_POINT('Origin',(-25.0198924891028,75.0465809896012,0.));
#5911=CARTESIAN_POINT('Origin',(-35.0198924891028,75.0465809896012,0.));
#5912=CARTESIAN_POINT('',(-36.6198924891028,75.0465809896012,5.));
#5913=CARTESIAN_POINT('Origin',(-35.0198924891028,75.0465809896012,5.));
#5914=CARTESIAN_POINT('',(-36.6198924891028,75.0465809896012,0.));
#5915=CARTESIAN_POINT('',(-36.6198924891028,75.0465809896012,0.));
#5916=CARTESIAN_POINT('Origin',(-35.0198924891028,75.0465809896012,0.));
#5917=CARTESIAN_POINT('Origin',(-35.0198924891028,75.0465809896012,0.));
#5918=CARTESIAN_POINT('',(-38.2198924891028,75.0465809896012,5.));
#5919=CARTESIAN_POINT('Origin',(-35.0198924891028,75.0465809896012,5.));
#5920=CARTESIAN_POINT('',(-38.2198924891028,75.0465809896012,0.));
#5921=CARTESIAN_POINT('',(-38.2198924891028,75.0465809896012,0.));
#5922=CARTESIAN_POINT('Origin',(-35.0198924891028,75.0465809896012,0.));
#5923=CARTESIAN_POINT('Origin',(-35.0198924891028,75.0465809896012,5.));
#5924=CARTESIAN_POINT('Origin',(-35.0198924891028,75.0465809896012,0.));
#5925=CARTESIAN_POINT('Origin',(-45.0198924891028,75.0465809896012,0.));
#5926=CARTESIAN_POINT('',(-46.6198924891028,75.0465809896012,5.));
#5927=CARTESIAN_POINT('Origin',(-45.0198924891028,75.0465809896012,5.));
#5928=CARTESIAN_POINT('',(-46.6198924891028,75.0465809896012,0.));
#5929=CARTESIAN_POINT('',(-46.6198924891028,75.0465809896012,0.));
#5930=CARTESIAN_POINT('Origin',(-45.0198924891028,75.0465809896012,0.));
#5931=CARTESIAN_POINT('Origin',(-45.0198924891028,75.0465809896012,0.));
#5932=CARTESIAN_POINT('',(-48.2198924891028,75.0465809896012,5.));
#5933=CARTESIAN_POINT('Origin',(-45.0198924891028,75.0465809896012,5.));
#5934=CARTESIAN_POINT('',(-48.2198924891028,75.0465809896012,0.));
#5935=CARTESIAN_POINT('',(-48.2198924891028,75.0465809896012,0.));
#5936=CARTESIAN_POINT('Origin',(-45.0198924891028,75.0465809896012,0.));
#5937=CARTESIAN_POINT('Origin',(-45.0198924891028,75.0465809896012,5.));
#5938=CARTESIAN_POINT('Origin',(-45.0198924891028,75.0465809896012,0.));
#5939=CARTESIAN_POINT('Origin',(-55.0198924891028,75.0465809896012,0.));
#5940=CARTESIAN_POINT('',(-56.6198924891028,75.0465809896012,5.));
#5941=CARTESIAN_POINT('Origin',(-55.0198924891028,75.0465809896012,5.));
#5942=CARTESIAN_POINT('',(-56.6198924891028,75.0465809896012,0.));
#5943=CARTESIAN_POINT('',(-56.6198924891028,75.0465809896012,0.));
#5944=CARTESIAN_POINT('Origin',(-55.0198924891028,75.0465809896012,0.));
#5945=CARTESIAN_POINT('Origin',(-55.0198924891028,75.0465809896012,0.));
#5946=CARTESIAN_POINT('',(-58.2198924891028,75.0465809896012,5.));
#5947=CARTESIAN_POINT('Origin',(-55.0198924891028,75.0465809896012,5.));
#5948=CARTESIAN_POINT('',(-58.2198924891028,75.0465809896012,0.));
#5949=CARTESIAN_POINT('',(-58.2198924891028,75.0465809896012,0.));
#5950=CARTESIAN_POINT('Origin',(-55.0198924891028,75.0465809896012,0.));
#5951=CARTESIAN_POINT('Origin',(-55.0198924891028,75.0465809896012,5.));
#5952=CARTESIAN_POINT('Origin',(-55.0198924891028,75.0465809896012,0.));
#5953=CARTESIAN_POINT('Origin',(-65.0198924891028,75.0465809896012,0.));
#5954=CARTESIAN_POINT('',(-66.6198924891029,75.0465809896012,5.));
#5955=CARTESIAN_POINT('Origin',(-65.0198924891028,75.0465809896012,5.));
#5956=CARTESIAN_POINT('',(-66.6198924891029,75.0465809896012,0.));
#5957=CARTESIAN_POINT('',(-66.6198924891029,75.0465809896012,0.));
#5958=CARTESIAN_POINT('Origin',(-65.0198924891028,75.0465809896012,0.));
#5959=CARTESIAN_POINT('Origin',(-65.0198924891028,75.0465809896012,0.));
#5960=CARTESIAN_POINT('',(-68.2198924891028,75.0465809896012,5.));
#5961=CARTESIAN_POINT('Origin',(-65.0198924891028,75.0465809896012,5.));
#5962=CARTESIAN_POINT('',(-68.2198924891028,75.0465809896012,0.));
#5963=CARTESIAN_POINT('',(-68.2198924891028,75.0465809896012,0.));
#5964=CARTESIAN_POINT('Origin',(-65.0198924891028,75.0465809896012,0.));
#5965=CARTESIAN_POINT('Origin',(-65.0198924891028,75.0465809896012,5.));
#5966=CARTESIAN_POINT('Origin',(-65.0198924891028,75.0465809896012,0.));
#5967=CARTESIAN_POINT('Origin',(-75.0198924891028,75.0465809896012,0.));
#5968=CARTESIAN_POINT('',(-76.6198924891029,75.0465809896012,5.));
#5969=CARTESIAN_POINT('Origin',(-75.0198924891028,75.0465809896012,5.));
#5970=CARTESIAN_POINT('',(-76.6198924891029,75.0465809896012,0.));
#5971=CARTESIAN_POINT('',(-76.6198924891029,75.0465809896012,0.));
#5972=CARTESIAN_POINT('Origin',(-75.0198924891028,75.0465809896012,0.));
#5973=CARTESIAN_POINT('Origin',(-75.0198924891028,75.0465809896012,0.));
#5974=CARTESIAN_POINT('',(-78.2198924891028,75.0465809896012,5.));
#5975=CARTESIAN_POINT('Origin',(-75.0198924891028,75.0465809896012,5.));
#5976=CARTESIAN_POINT('',(-78.2198924891028,75.0465809896012,0.));
#5977=CARTESIAN_POINT('',(-78.2198924891028,75.0465809896012,0.));
#5978=CARTESIAN_POINT('Origin',(-75.0198924891028,75.0465809896012,0.));
#5979=CARTESIAN_POINT('Origin',(-75.0198924891028,75.0465809896012,5.));
#5980=CARTESIAN_POINT('Origin',(-75.0198924891028,75.0465809896012,0.));
#5981=UNCERTAINTY_MEASURE_WITH_UNIT(LENGTH_MEASURE(0.01),#5985,
'DISTANCE_ACCURACY_VALUE',
'Maximum model space distance between geometric entities at asserted c
onnectivities');
#5982=UNCERTAINTY_MEASURE_WITH_UNIT(LENGTH_MEASURE(0.01),#5985,
'DISTANCE_ACCURACY_VALUE',
'Maximum model space distance between geometric entities at asserted c
onnectivities');
#5983=(
GEOMETRIC_REPRESENTATION_CONTEXT(3)
GLOBAL_UNCERTAINTY_ASSIGNED_CONTEXT((#5981))
GLOBAL_UNIT_ASSIGNED_CONTEXT((#5985,#5987,#5988))
REPRESENTATION_CONTEXT('','3D')
);
#5984=(
GEOMETRIC_REPRESENTATION_CONTEXT(3)
GLOBAL_UNCERTAINTY_ASSIGNED_CONTEXT((#5982))
GLOBAL_UNIT_ASSIGNED_CONTEXT((#5985,#5987,#5988))
REPRESENTATION_CONTEXT('','3D')
);
#5985=(
LENGTH_UNIT()
NAMED_UNIT(*)
SI_UNIT(.MILLI.,.METRE.)
);
#5986=(
LENGTH_UNIT()
NAMED_UNIT(*)
SI_UNIT($,.METRE.)
);
#5987=(
NAMED_UNIT(*)
PLANE_ANGLE_UNIT()
SI_UNIT($,.RADIAN.)
);
#5988=(
NAMED_UNIT(*)
SI_UNIT($,.STERADIAN.)
SOLID_ANGLE_UNIT()
);
#5989=SHAPE_DEFINITION_REPRESENTATION(#5990,#5991);
#5990=PRODUCT_DEFINITION_SHAPE('',$,#5993);
#5991=SHAPE_REPRESENTATION('',(#3417),#5983);
#5992=PRODUCT_DEFINITION_CONTEXT('part definition',#5997,'design');
#5993=PRODUCT_DEFINITION('2025-08-05-22-05-54-821','Beads',#5994,#5992);
#5994=PRODUCT_DEFINITION_FORMATION('',$,#5999);
#5995=PRODUCT_RELATED_PRODUCT_CATEGORY('Beads','Beads',(#5999));
#5996=APPLICATION_PROTOCOL_DEFINITION('international standard',
'automotive_design',2009,#5997);
#5997=APPLICATION_CONTEXT(
'Core Data for Automotive Mechanical Design Process');
#5998=PRODUCT_CONTEXT('part definition',#5997,'mechanical');
#5999=PRODUCT('2025-08-05-22-05-54-821','Beads',$,(#5998));
#6000=PRESENTATION_STYLE_ASSIGNMENT((#6001));
#6001=SURFACE_STYLE_USAGE(.BOTH.,#6002);
#6002=SURFACE_SIDE_STYLE('',(#6003));
#6003=SURFACE_STYLE_FILL_AREA(#6004);
#6004=FILL_AREA_STYLE('Steel - Satin',(#6005));
#6005=FILL_AREA_STYLE_COLOUR('Steel - Satin',#6006);
#6006=COLOUR_RGB('Steel - Satin',0.627450980392157,0.627450980392157,0.627450980392157);
ENDSEC;
END-ISO-10303-21;
