ISO-10303-21;
HEADER;
/* Generated by software containing ST-Developer
 * from STEP Tools, Inc. (www.steptools.com) 
 */

FILE_DESCRIPTION(
/* description */ (''),
/* implementation_level */ '2;1');

FILE_NAME(
/* name */ 'Beads.step',
/* time_stamp */ '2026-08-16T02:27:37+07:00',
/* author */ (''),
/* organization */ (''),
/* preprocessor_version */ 'ST-DEVELOPER v20.1',
/* originating_system */ 'Autodesk Translation Framework v14.10.0.0',
/* authorisation */ '');

FILE_SCHEMA (('AUTOMOTIVE_DESIGN { 1 0 10303 214 3 1 1 }'));
ENDSEC;

DATA;
#10=MECHANICAL_DESIGN_GEOMETRIC_PRESENTATION_REPRESENTATION('',(#13,#14,
#15,#16,#17,#18,#19,#20,#21,#22,#23,#24,#25,#26,#27,#28,#29,#30,#31,#32,
#33,#34,#35,#36,#37,#38,#39,#40,#41,#42,#43,#44,#45,#46,#47,#48,#49,#50,
#51,#52,#53,#54,#55,#56,#57,#58,#59,#60,#61,#62,#63,#64,#65,#66,#67,#68,
#69,#70,#71,#72,#73,#74,#75,#76),#13920);
#11=SHAPE_REPRESENTATION_RELATIONSHIP('SRR','None',#13927,#12);
#12=ADVANCED_BREP_SHAPE_REPRESENTATION('',(#77,#78,#79,#80,#81,#82,#83,
#84,#85,#86,#87,#88,#89,#90,#91,#92,#93,#94,#95,#96,#97,#98,#99,#100,#101,
#102,#103,#104,#105,#106,#107,#108,#109,#110,#111,#112,#113,#114,#115,#116,
#117,#118,#119,#120,#121,#122,#123,#124,#125,#126,#127,#128,#129,#130,#131,
#132,#133,#134,#135,#136,#137,#138,#139,#140),#13919);
#13=STYLED_ITEM('',(#13936),#77);
#14=STYLED_ITEM('',(#13936),#78);
#15=STYLED_ITEM('',(#13936),#79);
#16=STYLED_ITEM('',(#13936),#80);
#17=STYLED_ITEM('',(#13936),#81);
#18=STYLED_ITEM('',(#13936),#82);
#19=STYLED_ITEM('',(#13936),#83);
#20=STYLED_ITEM('',(#13936),#84);
#21=STYLED_ITEM('',(#13936),#85);
#22=STYLED_ITEM('',(#13936),#86);
#23=STYLED_ITEM('',(#13936),#87);
#24=STYLED_ITEM('',(#13936),#88);
#25=STYLED_ITEM('',(#13936),#89);
#26=STYLED_ITEM('',(#13936),#90);
#27=STYLED_ITEM('',(#13936),#91);
#28=STYLED_ITEM('',(#13936),#92);
#29=STYLED_ITEM('',(#13936),#93);
#30=STYLED_ITEM('',(#13936),#94);
#31=STYLED_ITEM('',(#13936),#95);
#32=STYLED_ITEM('',(#13936),#96);
#33=STYLED_ITEM('',(#13936),#97);
#34=STYLED_ITEM('',(#13936),#98);
#35=STYLED_ITEM('',(#13936),#99);
#36=STYLED_ITEM('',(#13936),#100);
#37=STYLED_ITEM('',(#13936),#101);
#38=STYLED_ITEM('',(#13936),#102);
#39=STYLED_ITEM('',(#13936),#103);
#40=STYLED_ITEM('',(#13936),#104);
#41=STYLED_ITEM('',(#13936),#105);
#42=STYLED_ITEM('',(#13936),#106);
#43=STYLED_ITEM('',(#13936),#107);
#44=STYLED_ITEM('',(#13936),#108);
#45=STYLED_ITEM('',(#13936),#109);
#46=STYLED_ITEM('',(#13936),#110);
#47=STYLED_ITEM('',(#13936),#111);
#48=STYLED_ITEM('',(#13936),#112);
#49=STYLED_ITEM('',(#13936),#113);
#50=STYLED_ITEM('',(#13936),#114);
#51=STYLED_ITEM('',(#13936),#115);
#52=STYLED_ITEM('',(#13936),#116);
#53=STYLED_ITEM('',(#13936),#117);
#54=STYLED_ITEM('',(#13936),#118);
#55=STYLED_ITEM('',(#13936),#119);
#56=STYLED_ITEM('',(#13936),#120);
#57=STYLED_ITEM('',(#13936),#121);
#58=STYLED_ITEM('',(#13936),#122);
#59=STYLED_ITEM('',(#13936),#123);
#60=STYLED_ITEM('',(#13936),#124);
#61=STYLED_ITEM('',(#13936),#125);
#62=STYLED_ITEM('',(#13936),#126);
#63=STYLED_ITEM('',(#13936),#127);
#64=STYLED_ITEM('',(#13936),#128);
#65=STYLED_ITEM('',(#13936),#129);
#66=STYLED_ITEM('',(#13936),#130);
#67=STYLED_ITEM('',(#13936),#131);
#68=STYLED_ITEM('',(#13936),#132);
#69=STYLED_ITEM('',(#13936),#133);
#70=STYLED_ITEM('',(#13936),#134);
#71=STYLED_ITEM('',(#13936),#135);
#72=STYLED_ITEM('',(#13936),#136);
#73=STYLED_ITEM('',(#13936),#137);
#74=STYLED_ITEM('',(#13936),#138);
#75=STYLED_ITEM('',(#13936),#139);
#76=STYLED_ITEM('',(#13936),#140);
#77=MANIFOLD_SOLID_BREP('Body1',#7309);
#78=MANIFOLD_SOLID_BREP('Body2',#7310);
#79=MANIFOLD_SOLID_BREP('Body3',#7311);
#80=MANIFOLD_SOLID_BREP('Body4',#7312);
#81=MANIFOLD_SOLID_BREP('Body5',#7313);
#82=MANIFOLD_SOLID_BREP('Body6',#7314);
#83=MANIFOLD_SOLID_BREP('Body7',#7315);
#84=MANIFOLD_SOLID_BREP('Body8',#7316);
#85=MANIFOLD_SOLID_BREP('Body13',#7317);
#86=MANIFOLD_SOLID_BREP('Body14',#7318);
#87=MANIFOLD_SOLID_BREP('Body15',#7319);
#88=MANIFOLD_SOLID_BREP('Body4 (1)',#7320);
#89=MANIFOLD_SOLID_BREP('Body5 (1)',#7321);
#90=MANIFOLD_SOLID_BREP('Body6 (1)',#7322);
#91=MANIFOLD_SOLID_BREP('Body7 (2)',#7323);
#92=MANIFOLD_SOLID_BREP('Body8 (1)',#7324);
#93=MANIFOLD_SOLID_BREP('Body21',#7325);
#94=MANIFOLD_SOLID_BREP('Body22',#7326);
#95=MANIFOLD_SOLID_BREP('Body23',#7327);
#96=MANIFOLD_SOLID_BREP('Body4 (1) (1)',#7328);
#97=MANIFOLD_SOLID_BREP('Body5 (1) (1)',#7329);
#98=MANIFOLD_SOLID_BREP('Body6 (1) (1)',#7330);
#99=MANIFOLD_SOLID_BREP('Body7 (2) (1)',#7331);
#100=MANIFOLD_SOLID_BREP('Body8 (1) (1)',#7332);
#101=MANIFOLD_SOLID_BREP('Body29',#7333);
#102=MANIFOLD_SOLID_BREP('Body30',#7334);
#103=MANIFOLD_SOLID_BREP('Body31',#7335);
#104=MANIFOLD_SOLID_BREP('Body4 (1) (1) (1)',#7336);
#105=MANIFOLD_SOLID_BREP('Body5 (1) (1) (1)',#7337);
#106=MANIFOLD_SOLID_BREP('Body6 (1) (1) (1)',#7338);
#107=MANIFOLD_SOLID_BREP('Body7 (2) (1) (1)',#7339);
#108=MANIFOLD_SOLID_BREP('Body8 (1) (1) (1)',#7340);
#109=MANIFOLD_SOLID_BREP('Body37',#7341);
#110=MANIFOLD_SOLID_BREP('Body38',#7342);
#111=MANIFOLD_SOLID_BREP('Body39',#7343);
#112=MANIFOLD_SOLID_BREP('Body4 (1) (1) (1) (1)',#7344);
#113=MANIFOLD_SOLID_BREP('Body5 (1) (1) (1) (1)',#7345);
#114=MANIFOLD_SOLID_BREP('Body6 (1) (1) (1) (1)',#7346);
#115=MANIFOLD_SOLID_BREP('Body7 (2) (1) (1) (1)',#7347);
#116=MANIFOLD_SOLID_BREP('Body8 (1) (1) (1) (1)',#7348);
#117=MANIFOLD_SOLID_BREP('Body45',#7349);
#118=MANIFOLD_SOLID_BREP('Body46',#7350);
#119=MANIFOLD_SOLID_BREP('Body47',#7351);
#120=MANIFOLD_SOLID_BREP('Body4 (1) (1) (1) (1) (1)',#7352);
#121=MANIFOLD_SOLID_BREP('Body5 (1) (1) (1) (1) (1)',#7353);
#122=MANIFOLD_SOLID_BREP('Body6 (1) (1) (1) (1) (1)',#7354);
#123=MANIFOLD_SOLID_BREP('Body7 (2) (1) (1) (1) (1)',#7355);
#124=MANIFOLD_SOLID_BREP('Body8 (1) (1) (1) (1) (1)',#7356);
#125=MANIFOLD_SOLID_BREP('Body53',#7357);
#126=MANIFOLD_SOLID_BREP('Body54',#7358);
#127=MANIFOLD_SOLID_BREP('Body55',#7359);
#128=MANIFOLD_SOLID_BREP('Body4 (1) (1) (1) (1) (1) (1)',#7360);
#129=MANIFOLD_SOLID_BREP('Body5 (1) (1) (1) (1) (1) (1)',#7361);
#130=MANIFOLD_SOLID_BREP('Body6 (1) (1) (1) (1) (1) (1)',#7362);
#131=MANIFOLD_SOLID_BREP('Body7 (2) (1) (1) (1) (1) (1)',#7363);
#132=MANIFOLD_SOLID_BREP('Body8 (1) (1) (1) (1) (1) (1)',#7364);
#133=MANIFOLD_SOLID_BREP('Body61',#7365);
#134=MANIFOLD_SOLID_BREP('Body62',#7366);
#135=MANIFOLD_SOLID_BREP('Body63',#7367);
#136=MANIFOLD_SOLID_BREP('Body4 (1) (1) (1) (1) (1) (1) (1)',#7368);
#137=MANIFOLD_SOLID_BREP('Body5 (1) (1) (1) (1) (1) (1) (1)',#7369);
#138=MANIFOLD_SOLID_BREP('Body6 (1) (1) (1) (1) (1) (1) (1)',#7370);
#139=MANIFOLD_SOLID_BREP('Body7 (2) (1) (1) (1) (1) (1) (1)',#7371);
#140=MANIFOLD_SOLID_BREP('Body8 (1) (1) (1) (1) (1) (1) (1)',#7372);
#141=LINE('',#11753,#269);
#142=LINE('',#11764,#270);
#143=LINE('',#11787,#271);
#144=LINE('',#11798,#272);
#145=LINE('',#11821,#273);
#146=LINE('',#11832,#274);
#147=LINE('',#11855,#275);
#148=LINE('',#11866,#276);
#149=LINE('',#11889,#277);
#150=LINE('',#11900,#278);
#151=LINE('',#11923,#279);
#152=LINE('',#11934,#280);
#153=LINE('',#11957,#281);
#154=LINE('',#11968,#282);
#155=LINE('',#11991,#283);
#156=LINE('',#12002,#284);
#157=LINE('',#12025,#285);
#158=LINE('',#12036,#286);
#159=LINE('',#12059,#287);
#160=LINE('',#12070,#288);
#161=LINE('',#12093,#289);
#162=LINE('',#12104,#290);
#163=LINE('',#12127,#291);
#164=LINE('',#12138,#292);
#165=LINE('',#12161,#293);
#166=LINE('',#12172,#294);
#167=LINE('',#12195,#295);
#168=LINE('',#12206,#296);
#169=LINE('',#12229,#297);
#170=LINE('',#12240,#298);
#171=LINE('',#12263,#299);
#172=LINE('',#12274,#300);
#173=LINE('',#12297,#301);
#174=LINE('',#12308,#302);
#175=LINE('',#12331,#303);
#176=LINE('',#12342,#304);
#177=LINE('',#12365,#305);
#178=LINE('',#12376,#306);
#179=LINE('',#12399,#307);
#180=LINE('',#12410,#308);
#181=LINE('',#12433,#309);
#182=LINE('',#12444,#310);
#183=LINE('',#12467,#311);
#184=LINE('',#12478,#312);
#185=LINE('',#12501,#313);
#186=LINE('',#12512,#314);
#187=LINE('',#12535,#315);
#188=LINE('',#12546,#316);
#189=LINE('',#12569,#317);
#190=LINE('',#12580,#318);
#191=LINE('',#12603,#319);
#192=LINE('',#12614,#320);
#193=LINE('',#12637,#321);
#194=LINE('',#12648,#322);
#195=LINE('',#12671,#323);
#196=LINE('',#12682,#324);
#197=LINE('',#12705,#325);
#198=LINE('',#12716,#326);
#199=LINE('',#12739,#327);
#200=LINE('',#12750,#328);
#201=LINE('',#12773,#329);
#202=LINE('',#12784,#330);
#203=LINE('',#12807,#331);
#204=LINE('',#12818,#332);
#205=LINE('',#12841,#333);
#206=LINE('',#12852,#334);
#207=LINE('',#12875,#335);
#208=LINE('',#12886,#336);
#209=LINE('',#12909,#337);
#210=LINE('',#12920,#338);
#211=LINE('',#12943,#339);
#212=LINE('',#12954,#340);
#213=LINE('',#12977,#341);
#214=LINE('',#12988,#342);
#215=LINE('',#13011,#343);
#216=LINE('',#13022,#344);
#217=LINE('',#13045,#345);
#218=LINE('',#13056,#346);
#219=LINE('',#13079,#347);
#220=LINE('',#13090,#348);
#221=LINE('',#13113,#349);
#222=LINE('',#13124,#350);
#223=LINE('',#13147,#351);
#224=LINE('',#13158,#352);
#225=LINE('',#13181,#353);
#226=LINE('',#13192,#354);
#227=LINE('',#13215,#355);
#228=LINE('',#13226,#356);
#229=LINE('',#13249,#357);
#230=LINE('',#13260,#358);
#231=LINE('',#13283,#359);
#232=LINE('',#13294,#360);
#233=LINE('',#13317,#361);
#234=LINE('',#13328,#362);
#235=LINE('',#13351,#363);
#236=LINE('',#13362,#364);
#237=LINE('',#13385,#365);
#238=LINE('',#13396,#366);
#239=LINE('',#13419,#367);
#240=LINE('',#13430,#368);
#241=LINE('',#13453,#369);
#242=LINE('',#13464,#370);
#243=LINE('',#13487,#371);
#244=LINE('',#13498,#372);
#245=LINE('',#13521,#373);
#246=LINE('',#13532,#374);
#247=LINE('',#13555,#375);
#248=LINE('',#13566,#376);
#249=LINE('',#13589,#377);
#250=LINE('',#13600,#378);
#251=LINE('',#13623,#379);
#252=LINE('',#13634,#380);
#253=LINE('',#13657,#381);
#254=LINE('',#13668,#382);
#255=LINE('',#13691,#383);
#256=LINE('',#13702,#384);
#257=LINE('',#13725,#385);
#258=LINE('',#13736,#386);
#259=LINE('',#13759,#387);
#260=LINE('',#13770,#388);
#261=LINE('',#13793,#389);
#262=LINE('',#13804,#390);
#263=LINE('',#13827,#391);
#264=LINE('',#13838,#392);
#265=LINE('',#13861,#393);
#266=LINE('',#13872,#394);
#267=LINE('',#13895,#395);
#268=LINE('',#13906,#396);
#269=VECTOR('',#8812,3.2);
#270=VECTOR('',#8825,1.6);
#271=VECTOR('',#8858,3.2);
#272=VECTOR('',#8871,1.6);
#273=VECTOR('',#8904,3.2);
#274=VECTOR('',#8917,1.6);
#275=VECTOR('',#8950,3.2);
#276=VECTOR('',#8963,1.6);
#277=VECTOR('',#8996,3.2);
#278=VECTOR('',#9009,1.6);
#279=VECTOR('',#9042,3.2);
#280=VECTOR('',#9055,1.6);
#281=VECTOR('',#9088,3.2);
#282=VECTOR('',#9101,1.6);
#283=VECTOR('',#9134,3.2);
#284=VECTOR('',#9147,1.6);
#285=VECTOR('',#9180,3.2);
#286=VECTOR('',#9193,1.6);
#287=VECTOR('',#9226,3.2);
#288=VECTOR('',#9239,1.6);
#289=VECTOR('',#9272,3.2);
#290=VECTOR('',#9285,1.6);
#291=VECTOR('',#9318,3.2);
#292=VECTOR('',#9331,1.6);
#293=VECTOR('',#9364,3.2);
#294=VECTOR('',#9377,1.6);
#295=VECTOR('',#9410,3.2);
#296=VECTOR('',#9423,1.6);
#297=VECTOR('',#9456,3.2);
#298=VECTOR('',#9469,1.6);
#299=VECTOR('',#9502,3.2);
#300=VECTOR('',#9515,1.6);
#301=VECTOR('',#9548,3.2);
#302=VECTOR('',#9561,1.6);
#303=VECTOR('',#9594,3.2);
#304=VECTOR('',#9607,1.6);
#305=VECTOR('',#9640,3.2);
#306=VECTOR('',#9653,1.6);
#307=VECTOR('',#9686,3.2);
#308=VECTOR('',#9699,1.6);
#309=VECTOR('',#9732,3.2);
#310=VECTOR('',#9745,1.6);
#311=VECTOR('',#9778,3.2);
#312=VECTOR('',#9791,1.6);
#313=VECTOR('',#9824,3.2);
#314=VECTOR('',#9837,1.6);
#315=VECTOR('',#9870,3.2);
#316=VECTOR('',#9883,1.6);
#317=VECTOR('',#9916,3.2);
#318=VECTOR('',#9929,1.6);
#319=VECTOR('',#9962,3.2);
#320=VECTOR('',#9975,1.6);
#321=VECTOR('',#10008,3.2);
#322=VECTOR('',#10021,1.6);
#323=VECTOR('',#10054,3.2);
#324=VECTOR('',#10067,1.6);
#325=VECTOR('',#10100,3.2);
#326=VECTOR('',#10113,1.6);
#327=VECTOR('',#10146,3.2);
#328=VECTOR('',#10159,1.6);
#329=VECTOR('',#10192,3.2);
#330=VECTOR('',#10205,1.6);
#331=VECTOR('',#10238,3.2);
#332=VECTOR('',#10251,1.6);
#333=VECTOR('',#10284,3.2);
#334=VECTOR('',#10297,1.6);
#335=VECTOR('',#10330,3.2);
#336=VECTOR('',#10343,1.6);
#337=VECTOR('',#10376,3.2);
#338=VECTOR('',#10389,1.6);
#339=VECTOR('',#10422,3.2);
#340=VECTOR('',#10435,1.6);
#341=VECTOR('',#10468,3.2);
#342=VECTOR('',#10481,1.6);
#343=VECTOR('',#10514,3.2);
#344=VECTOR('',#10527,1.6);
#345=VECTOR('',#10560,3.2);
#346=VECTOR('',#10573,1.6);
#347=VECTOR('',#10606,3.2);
#348=VECTOR('',#10619,1.6);
#349=VECTOR('',#10652,3.2);
#350=VECTOR('',#10665,1.6);
#351=VECTOR('',#10698,3.2);
#352=VECTOR('',#10711,1.6);
#353=VECTOR('',#10744,3.2);
#354=VECTOR('',#10757,1.6);
#355=VECTOR('',#10790,3.2);
#356=VECTOR('',#10803,1.6);
#357=VECTOR('',#10836,3.2);
#358=VECTOR('',#10849,1.6);
#359=VECTOR('',#10882,3.2);
#360=VECTOR('',#10895,1.6);
#361=VECTOR('',#10928,3.2);
#362=VECTOR('',#10941,1.6);
#363=VECTOR('',#10974,3.2);
#364=VECTOR('',#10987,1.6);
#365=VECTOR('',#11020,3.2);
#366=VECTOR('',#11033,1.6);
#367=VECTOR('',#11066,3.2);
#368=VECTOR('',#11079,1.6);
#369=VECTOR('',#11112,3.2);
#370=VECTOR('',#11125,1.6);
#371=VECTOR('',#11158,3.2);
#372=VECTOR('',#11171,1.6);
#373=VECTOR('',#11204,3.2);
#374=VECTOR('',#11217,1.6);
#375=VECTOR('',#11250,3.2);
#376=VECTOR('',#11263,1.6);
#377=VECTOR('',#11296,3.2);
#378=VECTOR('',#11309,1.6);
#379=VECTOR('',#11342,3.2);
#380=VECTOR('',#11355,1.6);
#381=VECTOR('',#11388,3.2);
#382=VECTOR('',#11401,1.6);
#383=VECTOR('',#11434,3.2);
#384=VECTOR('',#11447,1.6);
#385=VECTOR('',#11480,3.2);
#386=VECTOR('',#11493,1.6);
#387=VECTOR('',#11526,3.2);
#388=VECTOR('',#11539,1.6);
#389=VECTOR('',#11572,3.2);
#390=VECTOR('',#11585,1.6);
#391=VECTOR('',#11618,3.2);
#392=VECTOR('',#11631,1.6);
#393=VECTOR('',#11664,3.2);
#394=VECTOR('',#11677,1.6);
#395=VECTOR('',#11710,3.2);
#396=VECTOR('',#11723,1.6);
#397=CYLINDRICAL_SURFACE('',#7392,3.2);
#398=CYLINDRICAL_SURFACE('',#7398,1.6);
#399=CYLINDRICAL_SURFACE('',#7414,3.2);
#400=CYLINDRICAL_SURFACE('',#7420,1.6);
#401=CYLINDRICAL_SURFACE('',#7436,3.2);
#402=CYLINDRICAL_SURFACE('',#7442,1.6);
#403=CYLINDRICAL_SURFACE('',#7458,3.2);
#404=CYLINDRICAL_SURFACE('',#7464,1.6);
#405=CYLINDRICAL_SURFACE('',#7480,3.2);
#406=CYLINDRICAL_SURFACE('',#7486,1.6);
#407=CYLINDRICAL_SURFACE('',#7502,3.2);
#408=CYLINDRICAL_SURFACE('',#7508,1.6);
#409=CYLINDRICAL_SURFACE('',#7524,3.2);
#410=CYLINDRICAL_SURFACE('',#7530,1.6);
#411=CYLINDRICAL_SURFACE('',#7546,3.2);
#412=CYLINDRICAL_SURFACE('',#7552,1.6);
#413=CYLINDRICAL_SURFACE('',#7568,3.2);
#414=CYLINDRICAL_SURFACE('',#7574,1.6);
#415=CYLINDRICAL_SURFACE('',#7590,3.2);
#416=CYLINDRICAL_SURFACE('',#7596,1.6);
#417=CYLINDRICAL_SURFACE('',#7612,3.2);
#418=CYLINDRICAL_SURFACE('',#7618,1.6);
#419=CYLINDRICAL_SURFACE('',#7634,3.2);
#420=CYLINDRICAL_SURFACE('',#7640,1.6);
#421=CYLINDRICAL_SURFACE('',#7656,3.2);
#422=CYLINDRICAL_SURFACE('',#7662,1.6);
#423=CYLINDRICAL_SURFACE('',#7678,3.2);
#424=CYLINDRICAL_SURFACE('',#7684,1.6);
#425=CYLINDRICAL_SURFACE('',#7700,3.2);
#426=CYLINDRICAL_SURFACE('',#7706,1.6);
#427=CYLINDRICAL_SURFACE('',#7722,3.2);
#428=CYLINDRICAL_SURFACE('',#7728,1.6);
#429=CYLINDRICAL_SURFACE('',#7744,3.2);
#430=CYLINDRICAL_SURFACE('',#7750,1.6);
#431=CYLINDRICAL_SURFACE('',#7766,3.2);
#432=CYLINDRICAL_SURFACE('',#7772,1.6);
#433=CYLINDRICAL_SURFACE('',#7788,3.2);
#434=CYLINDRICAL_SURFACE('',#7794,1.6);
#435=CYLINDRICAL_SURFACE('',#7810,3.2);
#436=CYLINDRICAL_SURFACE('',#7816,1.6);
#437=CYLINDRICAL_SURFACE('',#7832,3.2);
#438=CYLINDRICAL_SURFACE('',#7838,1.6);
#439=CYLINDRICAL_SURFACE('',#7854,3.2);
#440=CYLINDRICAL_SURFACE('',#7860,1.6);
#441=CYLINDRICAL_SURFACE('',#7876,3.2);
#442=CYLINDRICAL_SURFACE('',#7882,1.6);
#443=CYLINDRICAL_SURFACE('',#7898,3.2);
#444=CYLINDRICAL_SURFACE('',#7904,1.6);
#445=CYLINDRICAL_SURFACE('',#7920,3.2);
#446=CYLINDRICAL_SURFACE('',#7926,1.6);
#447=CYLINDRICAL_SURFACE('',#7942,3.2);
#448=CYLINDRICAL_SURFACE('',#7948,1.6);
#449=CYLINDRICAL_SURFACE('',#7964,3.2);
#450=CYLINDRICAL_SURFACE('',#7970,1.6);
#451=CYLINDRICAL_SURFACE('',#7986,3.2);
#452=CYLINDRICAL_SURFACE('',#7992,1.6);
#453=CYLINDRICAL_SURFACE('',#8008,3.2);
#454=CYLINDRICAL_SURFACE('',#8014,1.6);
#455=CYLINDRICAL_SURFACE('',#8030,3.2);
#456=CYLINDRICAL_SURFACE('',#8036,1.6);
#457=CYLINDRICAL_SURFACE('',#8052,3.2);
#458=CYLINDRICAL_SURFACE('',#8058,1.6);
#459=CYLINDRICAL_SURFACE('',#8074,3.2);
#460=CYLINDRICAL_SURFACE('',#8080,1.6);
#461=CYLINDRICAL_SURFACE('',#8096,3.2);
#462=CYLINDRICAL_SURFACE('',#8102,1.6);
#463=CYLINDRICAL_SURFACE('',#8118,3.2);
#464=CYLINDRICAL_SURFACE('',#8124,1.6);
#465=CYLINDRICAL_SURFACE('',#8140,3.2);
#466=CYLINDRICAL_SURFACE('',#8146,1.6);
#467=CYLINDRICAL_SURFACE('',#8162,3.2);
#468=CYLINDRICAL_SURFACE('',#8168,1.6);
#469=CYLINDRICAL_SURFACE('',#8184,3.2);
#470=CYLINDRICAL_SURFACE('',#8190,1.6);
#471=CYLINDRICAL_SURFACE('',#8206,3.2);
#472=CYLINDRICAL_SURFACE('',#8212,1.6);
#473=CYLINDRICAL_SURFACE('',#8228,3.2);
#474=CYLINDRICAL_SURFACE('',#8234,1.6);
#475=CYLINDRICAL_SURFACE('',#8250,3.2);
#476=CYLINDRICAL_SURFACE('',#8256,1.6);
#477=CYLINDRICAL_SURFACE('',#8272,3.2);
#478=CYLINDRICAL_SURFACE('',#8278,1.6);
#479=CYLINDRICAL_SURFACE('',#8294,3.2);
#480=CYLINDRICAL_SURFACE('',#8300,1.6);
#481=CYLINDRICAL_SURFACE('',#8316,3.2);
#482=CYLINDRICAL_SURFACE('',#8322,1.6);
#483=CYLINDRICAL_SURFACE('',#8338,3.2);
#484=CYLINDRICAL_SURFACE('',#8344,1.6);
#485=CYLINDRICAL_SURFACE('',#8360,3.2);
#486=CYLINDRICAL_SURFACE('',#8366,1.6);
#487=CYLINDRICAL_SURFACE('',#8382,3.2);
#488=CYLINDRICAL_SURFACE('',#8388,1.6);
#489=CYLINDRICAL_SURFACE('',#8404,3.2);
#490=CYLINDRICAL_SURFACE('',#8410,1.6);
#491=CYLINDRICAL_SURFACE('',#8426,3.2);
#492=CYLINDRICAL_SURFACE('',#8432,1.6);
#493=CYLINDRICAL_SURFACE('',#8448,3.2);
#494=CYLINDRICAL_SURFACE('',#8454,1.6);
#495=CYLINDRICAL_SURFACE('',#8470,3.2);
#496=CYLINDRICAL_SURFACE('',#8476,1.6);
#497=CYLINDRICAL_SURFACE('',#8492,3.2);
#498=CYLINDRICAL_SURFACE('',#8498,1.6);
#499=CYLINDRICAL_SURFACE('',#8514,3.2);
#500=CYLINDRICAL_SURFACE('',#8520,1.6);
#501=CYLINDRICAL_SURFACE('',#8536,3.2);
#502=CYLINDRICAL_SURFACE('',#8542,1.6);
#503=CYLINDRICAL_SURFACE('',#8558,3.2);
#504=CYLINDRICAL_SURFACE('',#8564,1.6);
#505=CYLINDRICAL_SURFACE('',#8580,3.2);
#506=CYLINDRICAL_SURFACE('',#8586,1.6);
#507=CYLINDRICAL_SURFACE('',#8602,3.2);
#508=CYLINDRICAL_SURFACE('',#8608,1.6);
#509=CYLINDRICAL_SURFACE('',#8624,3.2);
#510=CYLINDRICAL_SURFACE('',#8630,1.6);
#511=CYLINDRICAL_SURFACE('',#8646,3.2);
#512=CYLINDRICAL_SURFACE('',#8652,1.6);
#513=CYLINDRICAL_SURFACE('',#8668,3.2);
#514=CYLINDRICAL_SURFACE('',#8674,1.6);
#515=CYLINDRICAL_SURFACE('',#8690,3.2);
#516=CYLINDRICAL_SURFACE('',#8696,1.6);
#517=CYLINDRICAL_SURFACE('',#8712,3.2);
#518=CYLINDRICAL_SURFACE('',#8718,1.6);
#519=CYLINDRICAL_SURFACE('',#8734,3.2);
#520=CYLINDRICAL_SURFACE('',#8740,1.6);
#521=CYLINDRICAL_SURFACE('',#8756,3.2);
#522=CYLINDRICAL_SURFACE('',#8762,1.6);
#523=CYLINDRICAL_SURFACE('',#8778,3.2);
#524=CYLINDRICAL_SURFACE('',#8784,1.6);
#525=FACE_BOUND('',#1295,.T.);
#526=FACE_BOUND('',#1301,.T.);
#527=FACE_BOUND('',#1305,.T.);
#528=FACE_BOUND('',#1311,.T.);
#529=FACE_BOUND('',#1315,.T.);
#530=FACE_BOUND('',#1321,.T.);
#531=FACE_BOUND('',#1325,.T.);
#532=FACE_BOUND('',#1331,.T.);
#533=FACE_BOUND('',#1335,.T.);
#534=FACE_BOUND('',#1341,.T.);
#535=FACE_BOUND('',#1345,.T.);
#536=FACE_BOUND('',#1351,.T.);
#537=FACE_BOUND('',#1355,.T.);
#538=FACE_BOUND('',#1361,.T.);
#539=FACE_BOUND('',#1365,.T.);
#540=FACE_BOUND('',#1371,.T.);
#541=FACE_BOUND('',#1375,.T.);
#542=FACE_BOUND('',#1381,.T.);
#543=FACE_BOUND('',#1385,.T.);
#544=FACE_BOUND('',#1391,.T.);
#545=FACE_BOUND('',#1395,.T.);
#546=FACE_BOUND('',#1401,.T.);
#547=FACE_BOUND('',#1405,.T.);
#548=FACE_BOUND('',#1411,.T.);
#549=FACE_BOUND('',#1415,.T.);
#550=FACE_BOUND('',#1421,.T.);
#551=FACE_BOUND('',#1425,.T.);
#552=FACE_BOUND('',#1431,.T.);
#553=FACE_BOUND('',#1435,.T.);
#554=FACE_BOUND('',#1441,.T.);
#555=FACE_BOUND('',#1445,.T.);
#556=FACE_BOUND('',#1451,.T.);
#557=FACE_BOUND('',#1455,.T.);
#558=FACE_BOUND('',#1461,.T.);
#559=FACE_BOUND('',#1465,.T.);
#560=FACE_BOUND('',#1471,.T.);
#561=FACE_BOUND('',#1475,.T.);
#562=FACE_BOUND('',#1481,.T.);
#563=FACE_BOUND('',#1485,.T.);
#564=FACE_BOUND('',#1491,.T.);
#565=FACE_BOUND('',#1495,.T.);
#566=FACE_BOUND('',#1501,.T.);
#567=FACE_BOUND('',#1505,.T.);
#568=FACE_BOUND('',#1511,.T.);
#569=FACE_BOUND('',#1515,.T.);
#570=FACE_BOUND('',#1521,.T.);
#571=FACE_BOUND('',#1525,.T.);
#572=FACE_BOUND('',#1531,.T.);
#573=FACE_BOUND('',#1535,.T.);
#574=FACE_BOUND('',#1541,.T.);
#575=FACE_BOUND('',#1545,.T.);
#576=FACE_BOUND('',#1551,.T.);
#577=FACE_BOUND('',#1555,.T.);
#578=FACE_BOUND('',#1561,.T.);
#579=FACE_BOUND('',#1565,.T.);
#580=FACE_BOUND('',#1571,.T.);
#581=FACE_BOUND('',#1575,.T.);
#582=FACE_BOUND('',#1581,.T.);
#583=FACE_BOUND('',#1585,.T.);
#584=FACE_BOUND('',#1591,.T.);
#585=FACE_BOUND('',#1595,.T.);
#586=FACE_BOUND('',#1601,.T.);
#587=FACE_BOUND('',#1605,.T.);
#588=FACE_BOUND('',#1611,.T.);
#589=FACE_BOUND('',#1615,.T.);
#590=FACE_BOUND('',#1621,.T.);
#591=FACE_BOUND('',#1625,.T.);
#592=FACE_BOUND('',#1631,.T.);
#593=FACE_BOUND('',#1635,.T.);
#594=FACE_BOUND('',#1641,.T.);
#595=FACE_BOUND('',#1645,.T.);
#596=FACE_BOUND('',#1651,.T.);
#597=FACE_BOUND('',#1655,.T.);
#598=FACE_BOUND('',#1661,.T.);
#599=FACE_BOUND('',#1665,.T.);
#600=FACE_BOUND('',#1671,.T.);
#601=FACE_BOUND('',#1675,.T.);
#602=FACE_BOUND('',#1681,.T.);
#603=FACE_BOUND('',#1685,.T.);
#604=FACE_BOUND('',#1691,.T.);
#605=FACE_BOUND('',#1695,.T.);
#606=FACE_BOUND('',#1701,.T.);
#607=FACE_BOUND('',#1705,.T.);
#608=FACE_BOUND('',#1711,.T.);
#609=FACE_BOUND('',#1715,.T.);
#610=FACE_BOUND('',#1721,.T.);
#611=FACE_BOUND('',#1725,.T.);
#612=FACE_BOUND('',#1731,.T.);
#613=FACE_BOUND('',#1735,.T.);
#614=FACE_BOUND('',#1741,.T.);
#615=FACE_BOUND('',#1745,.T.);
#616=FACE_BOUND('',#1751,.T.);
#617=FACE_BOUND('',#1755,.T.);
#618=FACE_BOUND('',#1761,.T.);
#619=FACE_BOUND('',#1765,.T.);
#620=FACE_BOUND('',#1771,.T.);
#621=FACE_BOUND('',#1775,.T.);
#622=FACE_BOUND('',#1781,.T.);
#623=FACE_BOUND('',#1785,.T.);
#624=FACE_BOUND('',#1791,.T.);
#625=FACE_BOUND('',#1795,.T.);
#626=FACE_BOUND('',#1801,.T.);
#627=FACE_BOUND('',#1805,.T.);
#628=FACE_BOUND('',#1811,.T.);
#629=FACE_BOUND('',#1815,.T.);
#630=FACE_BOUND('',#1821,.T.);
#631=FACE_BOUND('',#1825,.T.);
#632=FACE_BOUND('',#1831,.T.);
#633=FACE_BOUND('',#1835,.T.);
#634=FACE_BOUND('',#1841,.T.);
#635=FACE_BOUND('',#1845,.T.);
#636=FACE_BOUND('',#1851,.T.);
#637=FACE_BOUND('',#1855,.T.);
#638=FACE_BOUND('',#1861,.T.);
#639=FACE_BOUND('',#1865,.T.);
#640=FACE_BOUND('',#1871,.T.);
#641=FACE_BOUND('',#1875,.T.);
#642=FACE_BOUND('',#1881,.T.);
#643=FACE_BOUND('',#1885,.T.);
#644=FACE_BOUND('',#1891,.T.);
#645=FACE_BOUND('',#1895,.T.);
#646=FACE_BOUND('',#1901,.T.);
#647=FACE_BOUND('',#1905,.T.);
#648=FACE_BOUND('',#1911,.T.);
#649=FACE_BOUND('',#1915,.T.);
#650=FACE_BOUND('',#1921,.T.);
#651=FACE_BOUND('',#1925,.T.);
#652=FACE_BOUND('',#1931,.T.);
#653=PLANE('',#7390);
#654=PLANE('',#7404);
#655=PLANE('',#7412);
#656=PLANE('',#7426);
#657=PLANE('',#7434);
#658=PLANE('',#7448);
#659=PLANE('',#7456);
#660=PLANE('',#7470);
#661=PLANE('',#7478);
#662=PLANE('',#7492);
#663=PLANE('',#7500);
#664=PLANE('',#7514);
#665=PLANE('',#7522);
#666=PLANE('',#7536);
#667=PLANE('',#7544);
#668=PLANE('',#7558);
#669=PLANE('',#7566);
#670=PLANE('',#7580);
#671=PLANE('',#7588);
#672=PLANE('',#7602);
#673=PLANE('',#7610);
#674=PLANE('',#7624);
#675=PLANE('',#7632);
#676=PLANE('',#7646);
#677=PLANE('',#7654);
#678=PLANE('',#7668);
#679=PLANE('',#7676);
#680=PLANE('',#7690);
#681=PLANE('',#7698);
#682=PLANE('',#7712);
#683=PLANE('',#7720);
#684=PLANE('',#7734);
#685=PLANE('',#7742);
#686=PLANE('',#7756);
#687=PLANE('',#7764);
#688=PLANE('',#7778);
#689=PLANE('',#7786);
#690=PLANE('',#7800);
#691=PLANE('',#7808);
#692=PLANE('',#7822);
#693=PLANE('',#7830);
#694=PLANE('',#7844);
#695=PLANE('',#7852);
#696=PLANE('',#7866);
#697=PLANE('',#7874);
#698=PLANE('',#7888);
#699=PLANE('',#7896);
#700=PLANE('',#7910);
#701=PLANE('',#7918);
#702=PLANE('',#7932);
#703=PLANE('',#7940);
#704=PLANE('',#7954);
#705=PLANE('',#7962);
#706=PLANE('',#7976);
#707=PLANE('',#7984);
#708=PLANE('',#7998);
#709=PLANE('',#8006);
#710=PLANE('',#8020);
#711=PLANE('',#8028);
#712=PLANE('',#8042);
#713=PLANE('',#8050);
#714=PLANE('',#8064);
#715=PLANE('',#8072);
#716=PLANE('',#8086);
#717=PLANE('',#8094);
#718=PLANE('',#8108);
#719=PLANE('',#8116);
#720=PLANE('',#8130);
#721=PLANE('',#8138);
#722=PLANE('',#8152);
#723=PLANE('',#8160);
#724=PLANE('',#8174);
#725=PLANE('',#8182);
#726=PLANE('',#8196);
#727=PLANE('',#8204);
#728=PLANE('',#8218);
#729=PLANE('',#8226);
#730=PLANE('',#8240);
#731=PLANE('',#8248);
#732=PLANE('',#8262);
#733=PLANE('',#8270);
#734=PLANE('',#8284);
#735=PLANE('',#8292);
#736=PLANE('',#8306);
#737=PLANE('',#8314);
#738=PLANE('',#8328);
#739=PLANE('',#8336);
#740=PLANE('',#8350);
#741=PLANE('',#8358);
#742=PLANE('',#8372);
#743=PLANE('',#8380);
#744=PLANE('',#8394);
#745=PLANE('',#8402);
#746=PLANE('',#8416);
#747=PLANE('',#8424);
#748=PLANE('',#8438);
#749=PLANE('',#8446);
#750=PLANE('',#8460);
#751=PLANE('',#8468);
#752=PLANE('',#8482);
#753=PLANE('',#8490);
#754=PLANE('',#8504);
#755=PLANE('',#8512);
#756=PLANE('',#8526);
#757=PLANE('',#8534);
#758=PLANE('',#8548);
#759=PLANE('',#8556);
#760=PLANE('',#8570);
#761=PLANE('',#8578);
#762=PLANE('',#8592);
#763=PLANE('',#8600);
#764=PLANE('',#8614);
#765=PLANE('',#8622);
#766=PLANE('',#8636);
#767=PLANE('',#8644);
#768=PLANE('',#8658);
#769=PLANE('',#8666);
#770=PLANE('',#8680);
#771=PLANE('',#8688);
#772=PLANE('',#8702);
#773=PLANE('',#8710);
#774=PLANE('',#8724);
#775=PLANE('',#8732);
#776=PLANE('',#8746);
#777=PLANE('',#8754);
#778=PLANE('',#8768);
#779=PLANE('',#8776);
#780=PLANE('',#8790);
#781=FACE_OUTER_BOUND('',#1293,.T.);
#782=FACE_OUTER_BOUND('',#1294,.T.);
#783=FACE_OUTER_BOUND('',#1296,.T.);
#784=FACE_OUTER_BOUND('',#1297,.T.);
#785=FACE_OUTER_BOUND('',#1298,.T.);
#786=FACE_OUTER_BOUND('',#1299,.T.);
#787=FACE_OUTER_BOUND('',#1300,.T.);
#788=FACE_OUTER_BOUND('',#1302,.T.);
#789=FACE_OUTER_BOUND('',#1303,.T.);
#790=FACE_OUTER_BOUND('',#1304,.T.);
#791=FACE_OUTER_BOUND('',#1306,.T.);
#792=FACE_OUTER_BOUND('',#1307,.T.);
#793=FACE_OUTER_BOUND('',#1308,.T.);
#794=FACE_OUTER_BOUND('',#1309,.T.);
#795=FACE_OUTER_BOUND('',#1310,.T.);
#796=FACE_OUTER_BOUND('',#1312,.T.);
#797=FACE_OUTER_BOUND('',#1313,.T.);
#798=FACE_OUTER_BOUND('',#1314,.T.);
#799=FACE_OUTER_BOUND('',#1316,.T.);
#800=FACE_OUTER_BOUND('',#1317,.T.);
#801=FACE_OUTER_BOUND('',#1318,.T.);
#802=FACE_OUTER_BOUND('',#1319,.T.);
#803=FACE_OUTER_BOUND('',#1320,.T.);
#804=FACE_OUTER_BOUND('',#1322,.T.);
#805=FACE_OUTER_BOUND('',#1323,.T.);
#806=FACE_OUTER_BOUND('',#1324,.T.);
#807=FACE_OUTER_BOUND('',#1326,.T.);
#808=FACE_OUTER_BOUND('',#1327,.T.);
#809=FACE_OUTER_BOUND('',#1328,.T.);
#810=FACE_OUTER_BOUND('',#1329,.T.);
#811=FACE_OUTER_BOUND('',#1330,.T.);
#812=FACE_OUTER_BOUND('',#1332,.T.);
#813=FACE_OUTER_BOUND('',#1333,.T.);
#814=FACE_OUTER_BOUND('',#1334,.T.);
#815=FACE_OUTER_BOUND('',#1336,.T.);
#816=FACE_OUTER_BOUND('',#1337,.T.);
#817=FACE_OUTER_BOUND('',#1338,.T.);
#818=FACE_OUTER_BOUND('',#1339,.T.);
#819=FACE_OUTER_BOUND('',#1340,.T.);
#820=FACE_OUTER_BOUND('',#1342,.T.);
#821=FACE_OUTER_BOUND('',#1343,.T.);
#822=FACE_OUTER_BOUND('',#1344,.T.);
#823=FACE_OUTER_BOUND('',#1346,.T.);
#824=FACE_OUTER_BOUND('',#1347,.T.);
#825=FACE_OUTER_BOUND('',#1348,.T.);
#826=FACE_OUTER_BOUND('',#1349,.T.);
#827=FACE_OUTER_BOUND('',#1350,.T.);
#828=FACE_OUTER_BOUND('',#1352,.T.);
#829=FACE_OUTER_BOUND('',#1353,.T.);
#830=FACE_OUTER_BOUND('',#1354,.T.);
#831=FACE_OUTER_BOUND('',#1356,.T.);
#832=FACE_OUTER_BOUND('',#1357,.T.);
#833=FACE_OUTER_BOUND('',#1358,.T.);
#834=FACE_OUTER_BOUND('',#1359,.T.);
#835=FACE_OUTER_BOUND('',#1360,.T.);
#836=FACE_OUTER_BOUND('',#1362,.T.);
#837=FACE_OUTER_BOUND('',#1363,.T.);
#838=FACE_OUTER_BOUND('',#1364,.T.);
#839=FACE_OUTER_BOUND('',#1366,.T.);
#840=FACE_OUTER_BOUND('',#1367,.T.);
#841=FACE_OUTER_BOUND('',#1368,.T.);
#842=FACE_OUTER_BOUND('',#1369,.T.);
#843=FACE_OUTER_BOUND('',#1370,.T.);
#844=FACE_OUTER_BOUND('',#1372,.T.);
#845=FACE_OUTER_BOUND('',#1373,.T.);
#846=FACE_OUTER_BOUND('',#1374,.T.);
#847=FACE_OUTER_BOUND('',#1376,.T.);
#848=FACE_OUTER_BOUND('',#1377,.T.);
#849=FACE_OUTER_BOUND('',#1378,.T.);
#850=FACE_OUTER_BOUND('',#1379,.T.);
#851=FACE_OUTER_BOUND('',#1380,.T.);
#852=FACE_OUTER_BOUND('',#1382,.T.);
#853=FACE_OUTER_BOUND('',#1383,.T.);
#854=FACE_OUTER_BOUND('',#1384,.T.);
#855=FACE_OUTER_BOUND('',#1386,.T.);
#856=FACE_OUTER_BOUND('',#1387,.T.);
#857=FACE_OUTER_BOUND('',#1388,.T.);
#858=FACE_OUTER_BOUND('',#1389,.T.);
#859=FACE_OUTER_BOUND('',#1390,.T.);
#860=FACE_OUTER_BOUND('',#1392,.T.);
#861=FACE_OUTER_BOUND('',#1393,.T.);
#862=FACE_OUTER_BOUND('',#1394,.T.);
#863=FACE_OUTER_BOUND('',#1396,.T.);
#864=FACE_OUTER_BOUND('',#1397,.T.);
#865=FACE_OUTER_BOUND('',#1398,.T.);
#866=FACE_OUTER_BOUND('',#1399,.T.);
#867=FACE_OUTER_BOUND('',#1400,.T.);
#868=FACE_OUTER_BOUND('',#1402,.T.);
#869=FACE_OUTER_BOUND('',#1403,.T.);
#870=FACE_OUTER_BOUND('',#1404,.T.);
#871=FACE_OUTER_BOUND('',#1406,.T.);
#872=FACE_OUTER_BOUND('',#1407,.T.);
#873=FACE_OUTER_BOUND('',#1408,.T.);
#874=FACE_OUTER_BOUND('',#1409,.T.);
#875=FACE_OUTER_BOUND('',#1410,.T.);
#876=FACE_OUTER_BOUND('',#1412,.T.);
#877=FACE_OUTER_BOUND('',#1413,.T.);
#878=FACE_OUTER_BOUND('',#1414,.T.);
#879=FACE_OUTER_BOUND('',#1416,.T.);
#880=FACE_OUTER_BOUND('',#1417,.T.);
#881=FACE_OUTER_BOUND('',#1418,.T.);
#882=FACE_OUTER_BOUND('',#1419,.T.);
#883=FACE_OUTER_BOUND('',#1420,.T.);
#884=FACE_OUTER_BOUND('',#1422,.T.);
#885=FACE_OUTER_BOUND('',#1423,.T.);
#886=FACE_OUTER_BOUND('',#1424,.T.);
#887=FACE_OUTER_BOUND('',#1426,.T.);
#888=FACE_OUTER_BOUND('',#1427,.T.);
#889=FACE_OUTER_BOUND('',#1428,.T.);
#890=FACE_OUTER_BOUND('',#1429,.T.);
#891=FACE_OUTER_BOUND('',#1430,.T.);
#892=FACE_OUTER_BOUND('',#1432,.T.);
#893=FACE_OUTER_BOUND('',#1433,.T.);
#894=FACE_OUTER_BOUND('',#1434,.T.);
#895=FACE_OUTER_BOUND('',#1436,.T.);
#896=FACE_OUTER_BOUND('',#1437,.T.);
#897=FACE_OUTER_BOUND('',#1438,.T.);
#898=FACE_OUTER_BOUND('',#1439,.T.);
#899=FACE_OUTER_BOUND('',#1440,.T.);
#900=FACE_OUTER_BOUND('',#1442,.T.);
#901=FACE_OUTER_BOUND('',#1443,.T.);
#902=FACE_OUTER_BOUND('',#1444,.T.);
#903=FACE_OUTER_BOUND('',#1446,.T.);
#904=FACE_OUTER_BOUND('',#1447,.T.);
#905=FACE_OUTER_BOUND('',#1448,.T.);
#906=FACE_OUTER_BOUND('',#1449,.T.);
#907=FACE_OUTER_BOUND('',#1450,.T.);
#908=FACE_OUTER_BOUND('',#1452,.T.);
#909=FACE_OUTER_BOUND('',#1453,.T.);
#910=FACE_OUTER_BOUND('',#1454,.T.);
#911=FACE_OUTER_BOUND('',#1456,.T.);
#912=FACE_OUTER_BOUND('',#1457,.T.);
#913=FACE_OUTER_BOUND('',#1458,.T.);
#914=FACE_OUTER_BOUND('',#1459,.T.);
#915=FACE_OUTER_BOUND('',#1460,.T.);
#916=FACE_OUTER_BOUND('',#1462,.T.);
#917=FACE_OUTER_BOUND('',#1463,.T.);
#918=FACE_OUTER_BOUND('',#1464,.T.);
#919=FACE_OUTER_BOUND('',#1466,.T.);
#920=FACE_OUTER_BOUND('',#1467,.T.);
#921=FACE_OUTER_BOUND('',#1468,.T.);
#922=FACE_OUTER_BOUND('',#1469,.T.);
#923=FACE_OUTER_BOUND('',#1470,.T.);
#924=FACE_OUTER_BOUND('',#1472,.T.);
#925=FACE_OUTER_BOUND('',#1473,.T.);
#926=FACE_OUTER_BOUND('',#1474,.T.);
#927=FACE_OUTER_BOUND('',#1476,.T.);
#928=FACE_OUTER_BOUND('',#1477,.T.);
#929=FACE_OUTER_BOUND('',#1478,.T.);
#930=FACE_OUTER_BOUND('',#1479,.T.);
#931=FACE_OUTER_BOUND('',#1480,.T.);
#932=FACE_OUTER_BOUND('',#1482,.T.);
#933=FACE_OUTER_BOUND('',#1483,.T.);
#934=FACE_OUTER_BOUND('',#1484,.T.);
#935=FACE_OUTER_BOUND('',#1486,.T.);
#936=FACE_OUTER_BOUND('',#1487,.T.);
#937=FACE_OUTER_BOUND('',#1488,.T.);
#938=FACE_OUTER_BOUND('',#1489,.T.);
#939=FACE_OUTER_BOUND('',#1490,.T.);
#940=FACE_OUTER_BOUND('',#1492,.T.);
#941=FACE_OUTER_BOUND('',#1493,.T.);
#942=FACE_OUTER_BOUND('',#1494,.T.);
#943=FACE_OUTER_BOUND('',#1496,.T.);
#944=FACE_OUTER_BOUND('',#1497,.T.);
#945=FACE_OUTER_BOUND('',#1498,.T.);
#946=FACE_OUTER_BOUND('',#1499,.T.);
#947=FACE_OUTER_BOUND('',#1500,.T.);
#948=FACE_OUTER_BOUND('',#1502,.T.);
#949=FACE_OUTER_BOUND('',#1503,.T.);
#950=FACE_OUTER_BOUND('',#1504,.T.);
#951=FACE_OUTER_BOUND('',#1506,.T.);
#952=FACE_OUTER_BOUND('',#1507,.T.);
#953=FACE_OUTER_BOUND('',#1508,.T.);
#954=FACE_OUTER_BOUND('',#1509,.T.);
#955=FACE_OUTER_BOUND('',#1510,.T.);
#956=FACE_OUTER_BOUND('',#1512,.T.);
#957=FACE_OUTER_BOUND('',#1513,.T.);
#958=FACE_OUTER_BOUND('',#1514,.T.);
#959=FACE_OUTER_BOUND('',#1516,.T.);
#960=FACE_OUTER_BOUND('',#1517,.T.);
#961=FACE_OUTER_BOUND('',#1518,.T.);
#962=FACE_OUTER_BOUND('',#1519,.T.);
#963=FACE_OUTER_BOUND('',#1520,.T.);
#964=FACE_OUTER_BOUND('',#1522,.T.);
#965=FACE_OUTER_BOUND('',#1523,.T.);
#966=FACE_OUTER_BOUND('',#1524,.T.);
#967=FACE_OUTER_BOUND('',#1526,.T.);
#968=FACE_OUTER_BOUND('',#1527,.T.);
#969=FACE_OUTER_BOUND('',#1528,.T.);
#970=FACE_OUTER_BOUND('',#1529,.T.);
#971=FACE_OUTER_BOUND('',#1530,.T.);
#972=FACE_OUTER_BOUND('',#1532,.T.);
#973=FACE_OUTER_BOUND('',#1533,.T.);
#974=FACE_OUTER_BOUND('',#1534,.T.);
#975=FACE_OUTER_BOUND('',#1536,.T.);
#976=FACE_OUTER_BOUND('',#1537,.T.);
#977=FACE_OUTER_BOUND('',#1538,.T.);
#978=FACE_OUTER_BOUND('',#1539,.T.);
#979=FACE_OUTER_BOUND('',#1540,.T.);
#980=FACE_OUTER_BOUND('',#1542,.T.);
#981=FACE_OUTER_BOUND('',#1543,.T.);
#982=FACE_OUTER_BOUND('',#1544,.T.);
#983=FACE_OUTER_BOUND('',#1546,.T.);
#984=FACE_OUTER_BOUND('',#1547,.T.);
#985=FACE_OUTER_BOUND('',#1548,.T.);
#986=FACE_OUTER_BOUND('',#1549,.T.);
#987=FACE_OUTER_BOUND('',#1550,.T.);
#988=FACE_OUTER_BOUND('',#1552,.T.);
#989=FACE_OUTER_BOUND('',#1553,.T.);
#990=FACE_OUTER_BOUND('',#1554,.T.);
#991=FACE_OUTER_BOUND('',#1556,.T.);
#992=FACE_OUTER_BOUND('',#1557,.T.);
#993=FACE_OUTER_BOUND('',#1558,.T.);
#994=FACE_OUTER_BOUND('',#1559,.T.);
#995=FACE_OUTER_BOUND('',#1560,.T.);
#996=FACE_OUTER_BOUND('',#1562,.T.);
#997=FACE_OUTER_BOUND('',#1563,.T.);
#998=FACE_OUTER_BOUND('',#1564,.T.);
#999=FACE_OUTER_BOUND('',#1566,.T.);
#1000=FACE_OUTER_BOUND('',#1567,.T.);
#1001=FACE_OUTER_BOUND('',#1568,.T.);
#1002=FACE_OUTER_BOUND('',#1569,.T.);
#1003=FACE_OUTER_BOUND('',#1570,.T.);
#1004=FACE_OUTER_BOUND('',#1572,.T.);
#1005=FACE_OUTER_BOUND('',#1573,.T.);
#1006=FACE_OUTER_BOUND('',#1574,.T.);
#1007=FACE_OUTER_BOUND('',#1576,.T.);
#1008=FACE_OUTER_BOUND('',#1577,.T.);
#1009=FACE_OUTER_BOUND('',#1578,.T.);
#1010=FACE_OUTER_BOUND('',#1579,.T.);
#1011=FACE_OUTER_BOUND('',#1580,.T.);
#1012=FACE_OUTER_BOUND('',#1582,.T.);
#1013=FACE_OUTER_BOUND('',#1583,.T.);
#1014=FACE_OUTER_BOUND('',#1584,.T.);
#1015=FACE_OUTER_BOUND('',#1586,.T.);
#1016=FACE_OUTER_BOUND('',#1587,.T.);
#1017=FACE_OUTER_BOUND('',#1588,.T.);
#1018=FACE_OUTER_BOUND('',#1589,.T.);
#1019=FACE_OUTER_BOUND('',#1590,.T.);
#1020=FACE_OUTER_BOUND('',#1592,.T.);
#1021=FACE_OUTER_BOUND('',#1593,.T.);
#1022=FACE_OUTER_BOUND('',#1594,.T.);
#1023=FACE_OUTER_BOUND('',#1596,.T.);
#1024=FACE_OUTER_BOUND('',#1597,.T.);
#1025=FACE_OUTER_BOUND('',#1598,.T.);
#1026=FACE_OUTER_BOUND('',#1599,.T.);
#1027=FACE_OUTER_BOUND('',#1600,.T.);
#1028=FACE_OUTER_BOUND('',#1602,.T.);
#1029=FACE_OUTER_BOUND('',#1603,.T.);
#1030=FACE_OUTER_BOUND('',#1604,.T.);
#1031=FACE_OUTER_BOUND('',#1606,.T.);
#1032=FACE_OUTER_BOUND('',#1607,.T.);
#1033=FACE_OUTER_BOUND('',#1608,.T.);
#1034=FACE_OUTER_BOUND('',#1609,.T.);
#1035=FACE_OUTER_BOUND('',#1610,.T.);
#1036=FACE_OUTER_BOUND('',#1612,.T.);
#1037=FACE_OUTER_BOUND('',#1613,.T.);
#1038=FACE_OUTER_BOUND('',#1614,.T.);
#1039=FACE_OUTER_BOUND('',#1616,.T.);
#1040=FACE_OUTER_BOUND('',#1617,.T.);
#1041=FACE_OUTER_BOUND('',#1618,.T.);
#1042=FACE_OUTER_BOUND('',#1619,.T.);
#1043=FACE_OUTER_BOUND('',#1620,.T.);
#1044=FACE_OUTER_BOUND('',#1622,.T.);
#1045=FACE_OUTER_BOUND('',#1623,.T.);
#1046=FACE_OUTER_BOUND('',#1624,.T.);
#1047=FACE_OUTER_BOUND('',#1626,.T.);
#1048=FACE_OUTER_BOUND('',#1627,.T.);
#1049=FACE_OUTER_BOUND('',#1628,.T.);
#1050=FACE_OUTER_BOUND('',#1629,.T.);
#1051=FACE_OUTER_BOUND('',#1630,.T.);
#1052=FACE_OUTER_BOUND('',#1632,.T.);
#1053=FACE_OUTER_BOUND('',#1633,.T.);
#1054=FACE_OUTER_BOUND('',#1634,.T.);
#1055=FACE_OUTER_BOUND('',#1636,.T.);
#1056=FACE_OUTER_BOUND('',#1637,.T.);
#1057=FACE_OUTER_BOUND('',#1638,.T.);
#1058=FACE_OUTER_BOUND('',#1639,.T.);
#1059=FACE_OUTER_BOUND('',#1640,.T.);
#1060=FACE_OUTER_BOUND('',#1642,.T.);
#1061=FACE_OUTER_BOUND('',#1643,.T.);
#1062=FACE_OUTER_BOUND('',#1644,.T.);
#1063=FACE_OUTER_BOUND('',#1646,.T.);
#1064=FACE_OUTER_BOUND('',#1647,.T.);
#1065=FACE_OUTER_BOUND('',#1648,.T.);
#1066=FACE_OUTER_BOUND('',#1649,.T.);
#1067=FACE_OUTER_BOUND('',#1650,.T.);
#1068=FACE_OUTER_BOUND('',#1652,.T.);
#1069=FACE_OUTER_BOUND('',#1653,.T.);
#1070=FACE_OUTER_BOUND('',#1654,.T.);
#1071=FACE_OUTER_BOUND('',#1656,.T.);
#1072=FACE_OUTER_BOUND('',#1657,.T.);
#1073=FACE_OUTER_BOUND('',#1658,.T.);
#1074=FACE_OUTER_BOUND('',#1659,.T.);
#1075=FACE_OUTER_BOUND('',#1660,.T.);
#1076=FACE_OUTER_BOUND('',#1662,.T.);
#1077=FACE_OUTER_BOUND('',#1663,.T.);
#1078=FACE_OUTER_BOUND('',#1664,.T.);
#1079=FACE_OUTER_BOUND('',#1666,.T.);
#1080=FACE_OUTER_BOUND('',#1667,.T.);
#1081=FACE_OUTER_BOUND('',#1668,.T.);
#1082=FACE_OUTER_BOUND('',#1669,.T.);
#1083=FACE_OUTER_BOUND('',#1670,.T.);
#1084=FACE_OUTER_BOUND('',#1672,.T.);
#1085=FACE_OUTER_BOUND('',#1673,.T.);
#1086=FACE_OUTER_BOUND('',#1674,.T.);
#1087=FACE_OUTER_BOUND('',#1676,.T.);
#1088=FACE_OUTER_BOUND('',#1677,.T.);
#1089=FACE_OUTER_BOUND('',#1678,.T.);
#1090=FACE_OUTER_BOUND('',#1679,.T.);
#1091=FACE_OUTER_BOUND('',#1680,.T.);
#1092=FACE_OUTER_BOUND('',#1682,.T.);
#1093=FACE_OUTER_BOUND('',#1683,.T.);
#1094=FACE_OUTER_BOUND('',#1684,.T.);
#1095=FACE_OUTER_BOUND('',#1686,.T.);
#1096=FACE_OUTER_BOUND('',#1687,.T.);
#1097=FACE_OUTER_BOUND('',#1688,.T.);
#1098=FACE_OUTER_BOUND('',#1689,.T.);
#1099=FACE_OUTER_BOUND('',#1690,.T.);
#1100=FACE_OUTER_BOUND('',#1692,.T.);
#1101=FACE_OUTER_BOUND('',#1693,.T.);
#1102=FACE_OUTER_BOUND('',#1694,.T.);
#1103=FACE_OUTER_BOUND('',#1696,.T.);
#1104=FACE_OUTER_BOUND('',#1697,.T.);
#1105=FACE_OUTER_BOUND('',#1698,.T.);
#1106=FACE_OUTER_BOUND('',#1699,.T.);
#1107=FACE_OUTER_BOUND('',#1700,.T.);
#1108=FACE_OUTER_BOUND('',#1702,.T.);
#1109=FACE_OUTER_BOUND('',#1703,.T.);
#1110=FACE_OUTER_BOUND('',#1704,.T.);
#1111=FACE_OUTER_BOUND('',#1706,.T.);
#1112=FACE_OUTER_BOUND('',#1707,.T.);
#1113=FACE_OUTER_BOUND('',#1708,.T.);
#1114=FACE_OUTER_BOUND('',#1709,.T.);
#1115=FACE_OUTER_BOUND('',#1710,.T.);
#1116=FACE_OUTER_BOUND('',#1712,.T.);
#1117=FACE_OUTER_BOUND('',#1713,.T.);
#1118=FACE_OUTER_BOUND('',#1714,.T.);
#1119=FACE_OUTER_BOUND('',#1716,.T.);
#1120=FACE_OUTER_BOUND('',#1717,.T.);
#1121=FACE_OUTER_BOUND('',#1718,.T.);
#1122=FACE_OUTER_BOUND('',#1719,.T.);
#1123=FACE_OUTER_BOUND('',#1720,.T.);
#1124=FACE_OUTER_BOUND('',#1722,.T.);
#1125=FACE_OUTER_BOUND('',#1723,.T.);
#1126=FACE_OUTER_BOUND('',#1724,.T.);
#1127=FACE_OUTER_BOUND('',#1726,.T.);
#1128=FACE_OUTER_BOUND('',#1727,.T.);
#1129=FACE_OUTER_BOUND('',#1728,.T.);
#1130=FACE_OUTER_BOUND('',#1729,.T.);
#1131=FACE_OUTER_BOUND('',#1730,.T.);
#1132=FACE_OUTER_BOUND('',#1732,.T.);
#1133=FACE_OUTER_BOUND('',#1733,.T.);
#1134=FACE_OUTER_BOUND('',#1734,.T.);
#1135=FACE_OUTER_BOUND('',#1736,.T.);
#1136=FACE_OUTER_BOUND('',#1737,.T.);
#1137=FACE_OUTER_BOUND('',#1738,.T.);
#1138=FACE_OUTER_BOUND('',#1739,.T.);
#1139=FACE_OUTER_BOUND('',#1740,.T.);
#1140=FACE_OUTER_BOUND('',#1742,.T.);
#1141=FACE_OUTER_BOUND('',#1743,.T.);
#1142=FACE_OUTER_BOUND('',#1744,.T.);
#1143=FACE_OUTER_BOUND('',#1746,.T.);
#1144=FACE_OUTER_BOUND('',#1747,.T.);
#1145=FACE_OUTER_BOUND('',#1748,.T.);
#1146=FACE_OUTER_BOUND('',#1749,.T.);
#1147=FACE_OUTER_BOUND('',#1750,.T.);
#1148=FACE_OUTER_BOUND('',#1752,.T.);
#1149=FACE_OUTER_BOUND('',#1753,.T.);
#1150=FACE_OUTER_BOUND('',#1754,.T.);
#1151=FACE_OUTER_BOUND('',#1756,.T.);
#1152=FACE_OUTER_BOUND('',#1757,.T.);
#1153=FACE_OUTER_BOUND('',#1758,.T.);
#1154=FACE_OUTER_BOUND('',#1759,.T.);
#1155=FACE_OUTER_BOUND('',#1760,.T.);
#1156=FACE_OUTER_BOUND('',#1762,.T.);
#1157=FACE_OUTER_BOUND('',#1763,.T.);
#1158=FACE_OUTER_BOUND('',#1764,.T.);
#1159=FACE_OUTER_BOUND('',#1766,.T.);
#1160=FACE_OUTER_BOUND('',#1767,.T.);
#1161=FACE_OUTER_BOUND('',#1768,.T.);
#1162=FACE_OUTER_BOUND('',#1769,.T.);
#1163=FACE_OUTER_BOUND('',#1770,.T.);
#1164=FACE_OUTER_BOUND('',#1772,.T.);
#1165=FACE_OUTER_BOUND('',#1773,.T.);
#1166=FACE_OUTER_BOUND('',#1774,.T.);
#1167=FACE_OUTER_BOUND('',#1776,.T.);
#1168=FACE_OUTER_BOUND('',#1777,.T.);
#1169=FACE_OUTER_BOUND('',#1778,.T.);
#1170=FACE_OUTER_BOUND('',#1779,.T.);
#1171=FACE_OUTER_BOUND('',#1780,.T.);
#1172=FACE_OUTER_BOUND('',#1782,.T.);
#1173=FACE_OUTER_BOUND('',#1783,.T.);
#1174=FACE_OUTER_BOUND('',#1784,.T.);
#1175=FACE_OUTER_BOUND('',#1786,.T.);
#1176=FACE_OUTER_BOUND('',#1787,.T.);
#1177=FACE_OUTER_BOUND('',#1788,.T.);
#1178=FACE_OUTER_BOUND('',#1789,.T.);
#1179=FACE_OUTER_BOUND('',#1790,.T.);
#1180=FACE_OUTER_BOUND('',#1792,.T.);
#1181=FACE_OUTER_BOUND('',#1793,.T.);
#1182=FACE_OUTER_BOUND('',#1794,.T.);
#1183=FACE_OUTER_BOUND('',#1796,.T.);
#1184=FACE_OUTER_BOUND('',#1797,.T.);
#1185=FACE_OUTER_BOUND('',#1798,.T.);
#1186=FACE_OUTER_BOUND('',#1799,.T.);
#1187=FACE_OUTER_BOUND('',#1800,.T.);
#1188=FACE_OUTER_BOUND('',#1802,.T.);
#1189=FACE_OUTER_BOUND('',#1803,.T.);
#1190=FACE_OUTER_BOUND('',#1804,.T.);
#1191=FACE_OUTER_BOUND('',#1806,.T.);
#1192=FACE_OUTER_BOUND('',#1807,.T.);
#1193=FACE_OUTER_BOUND('',#1808,.T.);
#1194=FACE_OUTER_BOUND('',#1809,.T.);
#1195=FACE_OUTER_BOUND('',#1810,.T.);
#1196=FACE_OUTER_BOUND('',#1812,.T.);
#1197=FACE_OUTER_BOUND('',#1813,.T.);
#1198=FACE_OUTER_BOUND('',#1814,.T.);
#1199=FACE_OUTER_BOUND('',#1816,.T.);
#1200=FACE_OUTER_BOUND('',#1817,.T.);
#1201=FACE_OUTER_BOUND('',#1818,.T.);
#1202=FACE_OUTER_BOUND('',#1819,.T.);
#1203=FACE_OUTER_BOUND('',#1820,.T.);
#1204=FACE_OUTER_BOUND('',#1822,.T.);
#1205=FACE_OUTER_BOUND('',#1823,.T.);
#1206=FACE_OUTER_BOUND('',#1824,.T.);
#1207=FACE_OUTER_BOUND('',#1826,.T.);
#1208=FACE_OUTER_BOUND('',#1827,.T.);
#1209=FACE_OUTER_BOUND('',#1828,.T.);
#1210=FACE_OUTER_BOUND('',#1829,.T.);
#1211=FACE_OUTER_BOUND('',#1830,.T.);
#1212=FACE_OUTER_BOUND('',#1832,.T.);
#1213=FACE_OUTER_BOUND('',#1833,.T.);
#1214=FACE_OUTER_BOUND('',#1834,.T.);
#1215=FACE_OUTER_BOUND('',#1836,.T.);
#1216=FACE_OUTER_BOUND('',#1837,.T.);
#1217=FACE_OUTER_BOUND('',#1838,.T.);
#1218=FACE_OUTER_BOUND('',#1839,.T.);
#1219=FACE_OUTER_BOUND('',#1840,.T.);
#1220=FACE_OUTER_BOUND('',#1842,.T.);
#1221=FACE_OUTER_BOUND('',#1843,.T.);
#1222=FACE_OUTER_BOUND('',#1844,.T.);
#1223=FACE_OUTER_BOUND('',#1846,.T.);
#1224=FACE_OUTER_BOUND('',#1847,.T.);
#1225=FACE_OUTER_BOUND('',#1848,.T.);
#1226=FACE_OUTER_BOUND('',#1849,.T.);
#1227=FACE_OUTER_BOUND('',#1850,.T.);
#1228=FACE_OUTER_BOUND('',#1852,.T.);
#1229=FACE_OUTER_BOUND('',#1853,.T.);
#1230=FACE_OUTER_BOUND('',#1854,.T.);
#1231=FACE_OUTER_BOUND('',#1856,.T.);
#1232=FACE_OUTER_BOUND('',#1857,.T.);
#1233=FACE_OUTER_BOUND('',#1858,.T.);
#1234=FACE_OUTER_BOUND('',#1859,.T.);
#1235=FACE_OUTER_BOUND('',#1860,.T.);
#1236=FACE_OUTER_BOUND('',#1862,.T.);
#1237=FACE_OUTER_BOUND('',#1863,.T.);
#1238=FACE_OUTER_BOUND('',#1864,.T.);
#1239=FACE_OUTER_BOUND('',#1866,.T.);
#1240=FACE_OUTER_BOUND('',#1867,.T.);
#1241=FACE_OUTER_BOUND('',#1868,.T.);
#1242=FACE_OUTER_BOUND('',#1869,.T.);
#1243=FACE_OUTER_BOUND('',#1870,.T.);
#1244=FACE_OUTER_BOUND('',#1872,.T.);
#1245=FACE_OUTER_BOUND('',#1873,.T.);
#1246=FACE_OUTER_BOUND('',#1874,.T.);
#1247=FACE_OUTER_BOUND('',#1876,.T.);
#1248=FACE_OUTER_BOUND('',#1877,.T.);
#1249=FACE_OUTER_BOUND('',#1878,.T.);
#1250=FACE_OUTER_BOUND('',#1879,.T.);
#1251=FACE_OUTER_BOUND('',#1880,.T.);
#1252=FACE_OUTER_BOUND('',#1882,.T.);
#1253=FACE_OUTER_BOUND('',#1883,.T.);
#1254=FACE_OUTER_BOUND('',#1884,.T.);
#1255=FACE_OUTER_BOUND('',#1886,.T.);
#1256=FACE_OUTER_BOUND('',#1887,.T.);
#1257=FACE_OUTER_BOUND('',#1888,.T.);
#1258=FACE_OUTER_BOUND('',#1889,.T.);
#1259=FACE_OUTER_BOUND('',#1890,.T.);
#1260=FACE_OUTER_BOUND('',#1892,.T.);
#1261=FACE_OUTER_BOUND('',#1893,.T.);
#1262=FACE_OUTER_BOUND('',#1894,.T.);
#1263=FACE_OUTER_BOUND('',#1896,.T.);
#1264=FACE_OUTER_BOUND('',#1897,.T.);
#1265=FACE_OUTER_BOUND('',#1898,.T.);
#1266=FACE_OUTER_BOUND('',#1899,.T.);
#1267=FACE_OUTER_BOUND('',#1900,.T.);
#1268=FACE_OUTER_BOUND('',#1902,.T.);
#1269=FACE_OUTER_BOUND('',#1903,.T.);
#1270=FACE_OUTER_BOUND('',#1904,.T.);
#1271=FACE_OUTER_BOUND('',#1906,.T.);
#1272=FACE_OUTER_BOUND('',#1907,.T.);
#1273=FACE_OUTER_BOUND('',#1908,.T.);
#1274=FACE_OUTER_BOUND('',#1909,.T.);
#1275=FACE_OUTER_BOUND('',#1910,.T.);
#1276=FACE_OUTER_BOUND('',#1912,.T.);
#1277=FACE_OUTER_BOUND('',#1913,.T.);
#1278=FACE_OUTER_BOUND('',#1914,.T.);
#1279=FACE_OUTER_BOUND('',#1916,.T.);
#1280=FACE_OUTER_BOUND('',#1917,.T.);
#1281=FACE_OUTER_BOUND('',#1918,.T.);
#1282=FACE_OUTER_BOUND('',#1919,.T.);
#1283=FACE_OUTER_BOUND('',#1920,.T.);
#1284=FACE_OUTER_BOUND('',#1922,.T.);
#1285=FACE_OUTER_BOUND('',#1923,.T.);
#1286=FACE_OUTER_BOUND('',#1924,.T.);
#1287=FACE_OUTER_BOUND('',#1926,.T.);
#1288=FACE_OUTER_BOUND('',#1927,.T.);
#1289=FACE_OUTER_BOUND('',#1928,.T.);
#1290=FACE_OUTER_BOUND('',#1929,.T.);
#1291=FACE_OUTER_BOUND('',#1930,.T.);
#1292=FACE_OUTER_BOUND('',#1932,.T.);
#1293=EDGE_LOOP('',(#4493,#4494,#4495,#4496));
#1294=EDGE_LOOP('',(#4497));
#1295=EDGE_LOOP('',(#4498));
#1296=EDGE_LOOP('',(#4499,#4500,#4501,#4502));
#1297=EDGE_LOOP('',(#4503,#4504,#4505,#4506,#4507));
#1298=EDGE_LOOP('',(#4508,#4509,#4510,#4511,#4512,#4513));
#1299=EDGE_LOOP('',(#4514,#4515,#4516,#4517));
#1300=EDGE_LOOP('',(#4518));
#1301=EDGE_LOOP('',(#4519));
#1302=EDGE_LOOP('',(#4520,#4521,#4522,#4523,#4524));
#1303=EDGE_LOOP('',(#4525,#4526,#4527,#4528));
#1304=EDGE_LOOP('',(#4529));
#1305=EDGE_LOOP('',(#4530));
#1306=EDGE_LOOP('',(#4531,#4532,#4533,#4534));
#1307=EDGE_LOOP('',(#4535,#4536,#4537,#4538,#4539));
#1308=EDGE_LOOP('',(#4540,#4541,#4542,#4543,#4544,#4545));
#1309=EDGE_LOOP('',(#4546,#4547,#4548,#4549));
#1310=EDGE_LOOP('',(#4550));
#1311=EDGE_LOOP('',(#4551));
#1312=EDGE_LOOP('',(#4552,#4553,#4554,#4555,#4556));
#1313=EDGE_LOOP('',(#4557,#4558,#4559,#4560));
#1314=EDGE_LOOP('',(#4561));
#1315=EDGE_LOOP('',(#4562));
#1316=EDGE_LOOP('',(#4563,#4564,#4565,#4566));
#1317=EDGE_LOOP('',(#4567,#4568,#4569,#4570,#4571));
#1318=EDGE_LOOP('',(#4572,#4573,#4574,#4575,#4576,#4577));
#1319=EDGE_LOOP('',(#4578,#4579,#4580,#4581));
#1320=EDGE_LOOP('',(#4582));
#1321=EDGE_LOOP('',(#4583));
#1322=EDGE_LOOP('',(#4584,#4585,#4586,#4587,#4588));
#1323=EDGE_LOOP('',(#4589,#4590,#4591,#4592));
#1324=EDGE_LOOP('',(#4593));
#1325=EDGE_LOOP('',(#4594));
#1326=EDGE_LOOP('',(#4595,#4596,#4597,#4598));
#1327=EDGE_LOOP('',(#4599,#4600,#4601,#4602,#4603));
#1328=EDGE_LOOP('',(#4604,#4605,#4606,#4607,#4608,#4609));
#1329=EDGE_LOOP('',(#4610,#4611,#4612,#4613));
#1330=EDGE_LOOP('',(#4614));
#1331=EDGE_LOOP('',(#4615));
#1332=EDGE_LOOP('',(#4616,#4617,#4618,#4619,#4620));
#1333=EDGE_LOOP('',(#4621,#4622,#4623,#4624));
#1334=EDGE_LOOP('',(#4625));
#1335=EDGE_LOOP('',(#4626));
#1336=EDGE_LOOP('',(#4627,#4628,#4629,#4630));
#1337=EDGE_LOOP('',(#4631,#4632,#4633,#4634,#4635));
#1338=EDGE_LOOP('',(#4636,#4637,#4638,#4639,#4640,#4641));
#1339=EDGE_LOOP('',(#4642,#4643,#4644,#4645));
#1340=EDGE_LOOP('',(#4646));
#1341=EDGE_LOOP('',(#4647));
#1342=EDGE_LOOP('',(#4648,#4649,#4650,#4651,#4652));
#1343=EDGE_LOOP('',(#4653,#4654,#4655,#4656));
#1344=EDGE_LOOP('',(#4657));
#1345=EDGE_LOOP('',(#4658));
#1346=EDGE_LOOP('',(#4659,#4660,#4661,#4662));
#1347=EDGE_LOOP('',(#4663,#4664,#4665,#4666,#4667));
#1348=EDGE_LOOP('',(#4668,#4669,#4670,#4671,#4672,#4673));
#1349=EDGE_LOOP('',(#4674,#4675,#4676,#4677));
#1350=EDGE_LOOP('',(#4678));
#1351=EDGE_LOOP('',(#4679));
#1352=EDGE_LOOP('',(#4680,#4681,#4682,#4683,#4684));
#1353=EDGE_LOOP('',(#4685,#4686,#4687,#4688));
#1354=EDGE_LOOP('',(#4689));
#1355=EDGE_LOOP('',(#4690));
#1356=EDGE_LOOP('',(#4691,#4692,#4693,#4694));
#1357=EDGE_LOOP('',(#4695,#4696,#4697,#4698,#4699));
#1358=EDGE_LOOP('',(#4700,#4701,#4702,#4703,#4704,#4705));
#1359=EDGE_LOOP('',(#4706,#4707,#4708,#4709));
#1360=EDGE_LOOP('',(#4710));
#1361=EDGE_LOOP('',(#4711));
#1362=EDGE_LOOP('',(#4712,#4713,#4714,#4715,#4716));
#1363=EDGE_LOOP('',(#4717,#4718,#4719,#4720));
#1364=EDGE_LOOP('',(#4721));
#1365=EDGE_LOOP('',(#4722));
#1366=EDGE_LOOP('',(#4723,#4724,#4725,#4726));
#1367=EDGE_LOOP('',(#4727,#4728,#4729,#4730,#4731));
#1368=EDGE_LOOP('',(#4732,#4733,#4734,#4735,#4736,#4737));
#1369=EDGE_LOOP('',(#4738,#4739,#4740,#4741));
#1370=EDGE_LOOP('',(#4742));
#1371=EDGE_LOOP('',(#4743));
#1372=EDGE_LOOP('',(#4744,#4745,#4746,#4747,#4748));
#1373=EDGE_LOOP('',(#4749,#4750,#4751,#4752));
#1374=EDGE_LOOP('',(#4753));
#1375=EDGE_LOOP('',(#4754));
#1376=EDGE_LOOP('',(#4755,#4756,#4757,#4758));
#1377=EDGE_LOOP('',(#4759,#4760,#4761,#4762,#4763));
#1378=EDGE_LOOP('',(#4764,#4765,#4766,#4767,#4768,#4769));
#1379=EDGE_LOOP('',(#4770,#4771,#4772,#4773));
#1380=EDGE_LOOP('',(#4774));
#1381=EDGE_LOOP('',(#4775));
#1382=EDGE_LOOP('',(#4776,#4777,#4778,#4779,#4780));
#1383=EDGE_LOOP('',(#4781,#4782,#4783,#4784));
#1384=EDGE_LOOP('',(#4785));
#1385=EDGE_LOOP('',(#4786));
#1386=EDGE_LOOP('',(#4787,#4788,#4789,#4790));
#1387=EDGE_LOOP('',(#4791,#4792,#4793,#4794,#4795));
#1388=EDGE_LOOP('',(#4796,#4797,#4798,#4799,#4800,#4801));
#1389=EDGE_LOOP('',(#4802,#4803,#4804,#4805));
#1390=EDGE_LOOP('',(#4806));
#1391=EDGE_LOOP('',(#4807));
#1392=EDGE_LOOP('',(#4808,#4809,#4810,#4811,#4812));
#1393=EDGE_LOOP('',(#4813,#4814,#4815,#4816));
#1394=EDGE_LOOP('',(#4817));
#1395=EDGE_LOOP('',(#4818));
#1396=EDGE_LOOP('',(#4819,#4820,#4821,#4822));
#1397=EDGE_LOOP('',(#4823,#4824,#4825,#4826,#4827));
#1398=EDGE_LOOP('',(#4828,#4829,#4830,#4831,#4832,#4833));
#1399=EDGE_LOOP('',(#4834,#4835,#4836,#4837));
#1400=EDGE_LOOP('',(#4838));
#1401=EDGE_LOOP('',(#4839));
#1402=EDGE_LOOP('',(#4840,#4841,#4842,#4843,#4844));
#1403=EDGE_LOOP('',(#4845,#4846,#4847,#4848));
#1404=EDGE_LOOP('',(#4849));
#1405=EDGE_LOOP('',(#4850));
#1406=EDGE_LOOP('',(#4851,#4852,#4853,#4854));
#1407=EDGE_LOOP('',(#4855,#4856,#4857,#4858,#4859));
#1408=EDGE_LOOP('',(#4860,#4861,#4862,#4863,#4864,#4865));
#1409=EDGE_LOOP('',(#4866,#4867,#4868,#4869));
#1410=EDGE_LOOP('',(#4870));
#1411=EDGE_LOOP('',(#4871));
#1412=EDGE_LOOP('',(#4872,#4873,#4874,#4875,#4876));
#1413=EDGE_LOOP('',(#4877,#4878,#4879,#4880));
#1414=EDGE_LOOP('',(#4881));
#1415=EDGE_LOOP('',(#4882));
#1416=EDGE_LOOP('',(#4883,#4884,#4885,#4886));
#1417=EDGE_LOOP('',(#4887,#4888,#4889,#4890,#4891));
#1418=EDGE_LOOP('',(#4892,#4893,#4894,#4895,#4896,#4897));
#1419=EDGE_LOOP('',(#4898,#4899,#4900,#4901));
#1420=EDGE_LOOP('',(#4902));
#1421=EDGE_LOOP('',(#4903));
#1422=EDGE_LOOP('',(#4904,#4905,#4906,#4907,#4908));
#1423=EDGE_LOOP('',(#4909,#4910,#4911,#4912));
#1424=EDGE_LOOP('',(#4913));
#1425=EDGE_LOOP('',(#4914));
#1426=EDGE_LOOP('',(#4915,#4916,#4917,#4918));
#1427=EDGE_LOOP('',(#4919,#4920,#4921,#4922,#4923));
#1428=EDGE_LOOP('',(#4924,#4925,#4926,#4927,#4928,#4929));
#1429=EDGE_LOOP('',(#4930,#4931,#4932,#4933));
#1430=EDGE_LOOP('',(#4934));
#1431=EDGE_LOOP('',(#4935));
#1432=EDGE_LOOP('',(#4936,#4937,#4938,#4939,#4940));
#1433=EDGE_LOOP('',(#4941,#4942,#4943,#4944));
#1434=EDGE_LOOP('',(#4945));
#1435=EDGE_LOOP('',(#4946));
#1436=EDGE_LOOP('',(#4947,#4948,#4949,#4950));
#1437=EDGE_LOOP('',(#4951,#4952,#4953,#4954,#4955));
#1438=EDGE_LOOP('',(#4956,#4957,#4958,#4959,#4960,#4961));
#1439=EDGE_LOOP('',(#4962,#4963,#4964,#4965));
#1440=EDGE_LOOP('',(#4966));
#1441=EDGE_LOOP('',(#4967));
#1442=EDGE_LOOP('',(#4968,#4969,#4970,#4971,#4972));
#1443=EDGE_LOOP('',(#4973,#4974,#4975,#4976));
#1444=EDGE_LOOP('',(#4977));
#1445=EDGE_LOOP('',(#4978));
#1446=EDGE_LOOP('',(#4979,#4980,#4981,#4982));
#1447=EDGE_LOOP('',(#4983,#4984,#4985,#4986,#4987));
#1448=EDGE_LOOP('',(#4988,#4989,#4990,#4991,#4992,#4993));
#1449=EDGE_LOOP('',(#4994,#4995,#4996,#4997));
#1450=EDGE_LOOP('',(#4998));
#1451=EDGE_LOOP('',(#4999));
#1452=EDGE_LOOP('',(#5000,#5001,#5002,#5003,#5004));
#1453=EDGE_LOOP('',(#5005,#5006,#5007,#5008));
#1454=EDGE_LOOP('',(#5009));
#1455=EDGE_LOOP('',(#5010));
#1456=EDGE_LOOP('',(#5011,#5012,#5013,#5014));
#1457=EDGE_LOOP('',(#5015,#5016,#5017,#5018,#5019));
#1458=EDGE_LOOP('',(#5020,#5021,#5022,#5023,#5024,#5025));
#1459=EDGE_LOOP('',(#5026,#5027,#5028,#5029));
#1460=EDGE_LOOP('',(#5030));
#1461=EDGE_LOOP('',(#5031));
#1462=EDGE_LOOP('',(#5032,#5033,#5034,#5035,#5036));
#1463=EDGE_LOOP('',(#5037,#5038,#5039,#5040));
#1464=EDGE_LOOP('',(#5041));
#1465=EDGE_LOOP('',(#5042));
#1466=EDGE_LOOP('',(#5043,#5044,#5045,#5046));
#1467=EDGE_LOOP('',(#5047,#5048,#5049,#5050,#5051));
#1468=EDGE_LOOP('',(#5052,#5053,#5054,#5055,#5056,#5057));
#1469=EDGE_LOOP('',(#5058,#5059,#5060,#5061));
#1470=EDGE_LOOP('',(#5062));
#1471=EDGE_LOOP('',(#5063));
#1472=EDGE_LOOP('',(#5064,#5065,#5066,#5067,#5068));
#1473=EDGE_LOOP('',(#5069,#5070,#5071,#5072));
#1474=EDGE_LOOP('',(#5073));
#1475=EDGE_LOOP('',(#5074));
#1476=EDGE_LOOP('',(#5075,#5076,#5077,#5078));
#1477=EDGE_LOOP('',(#5079,#5080,#5081,#5082,#5083));
#1478=EDGE_LOOP('',(#5084,#5085,#5086,#5087,#5088,#5089));
#1479=EDGE_LOOP('',(#5090,#5091,#5092,#5093));
#1480=EDGE_LOOP('',(#5094));
#1481=EDGE_LOOP('',(#5095));
#1482=EDGE_LOOP('',(#5096,#5097,#5098,#5099,#5100));
#1483=EDGE_LOOP('',(#5101,#5102,#5103,#5104));
#1484=EDGE_LOOP('',(#5105));
#1485=EDGE_LOOP('',(#5106));
#1486=EDGE_LOOP('',(#5107,#5108,#5109,#5110));
#1487=EDGE_LOOP('',(#5111,#5112,#5113,#5114,#5115));
#1488=EDGE_LOOP('',(#5116,#5117,#5118,#5119,#5120,#5121));
#1489=EDGE_LOOP('',(#5122,#5123,#5124,#5125));
#1490=EDGE_LOOP('',(#5126));
#1491=EDGE_LOOP('',(#5127));
#1492=EDGE_LOOP('',(#5128,#5129,#5130,#5131,#5132));
#1493=EDGE_LOOP('',(#5133,#5134,#5135,#5136));
#1494=EDGE_LOOP('',(#5137));
#1495=EDGE_LOOP('',(#5138));
#1496=EDGE_LOOP('',(#5139,#5140,#5141,#5142));
#1497=EDGE_LOOP('',(#5143,#5144,#5145,#5146,#5147));
#1498=EDGE_LOOP('',(#5148,#5149,#5150,#5151,#5152,#5153));
#1499=EDGE_LOOP('',(#5154,#5155,#5156,#5157));
#1500=EDGE_LOOP('',(#5158));
#1501=EDGE_LOOP('',(#5159));
#1502=EDGE_LOOP('',(#5160,#5161,#5162,#5163,#5164));
#1503=EDGE_LOOP('',(#5165,#5166,#5167,#5168));
#1504=EDGE_LOOP('',(#5169));
#1505=EDGE_LOOP('',(#5170));
#1506=EDGE_LOOP('',(#5171,#5172,#5173,#5174));
#1507=EDGE_LOOP('',(#5175,#5176,#5177,#5178,#5179));
#1508=EDGE_LOOP('',(#5180,#5181,#5182,#5183,#5184,#5185));
#1509=EDGE_LOOP('',(#5186,#5187,#5188,#5189));
#1510=EDGE_LOOP('',(#5190));
#1511=EDGE_LOOP('',(#5191));
#1512=EDGE_LOOP('',(#5192,#5193,#5194,#5195,#5196));
#1513=EDGE_LOOP('',(#5197,#5198,#5199,#5200));
#1514=EDGE_LOOP('',(#5201));
#1515=EDGE_LOOP('',(#5202));
#1516=EDGE_LOOP('',(#5203,#5204,#5205,#5206));
#1517=EDGE_LOOP('',(#5207,#5208,#5209,#5210,#5211));
#1518=EDGE_LOOP('',(#5212,#5213,#5214,#5215,#5216,#5217));
#1519=EDGE_LOOP('',(#5218,#5219,#5220,#5221));
#1520=EDGE_LOOP('',(#5222));
#1521=EDGE_LOOP('',(#5223));
#1522=EDGE_LOOP('',(#5224,#5225,#5226,#5227,#5228));
#1523=EDGE_LOOP('',(#5229,#5230,#5231,#5232));
#1524=EDGE_LOOP('',(#5233));
#1525=EDGE_LOOP('',(#5234));
#1526=EDGE_LOOP('',(#5235,#5236,#5237,#5238));
#1527=EDGE_LOOP('',(#5239,#5240,#5241,#5242,#5243));
#1528=EDGE_LOOP('',(#5244,#5245,#5246,#5247,#5248,#5249));
#1529=EDGE_LOOP('',(#5250,#5251,#5252,#5253));
#1530=EDGE_LOOP('',(#5254));
#1531=EDGE_LOOP('',(#5255));
#1532=EDGE_LOOP('',(#5256,#5257,#5258,#5259,#5260));
#1533=EDGE_LOOP('',(#5261,#5262,#5263,#5264));
#1534=EDGE_LOOP('',(#5265));
#1535=EDGE_LOOP('',(#5266));
#1536=EDGE_LOOP('',(#5267,#5268,#5269,#5270));
#1537=EDGE_LOOP('',(#5271,#5272,#5273,#5274,#5275));
#1538=EDGE_LOOP('',(#5276,#5277,#5278,#5279,#5280,#5281));
#1539=EDGE_LOOP('',(#5282,#5283,#5284,#5285));
#1540=EDGE_LOOP('',(#5286));
#1541=EDGE_LOOP('',(#5287));
#1542=EDGE_LOOP('',(#5288,#5289,#5290,#5291,#5292));
#1543=EDGE_LOOP('',(#5293,#5294,#5295,#5296));
#1544=EDGE_LOOP('',(#5297));
#1545=EDGE_LOOP('',(#5298));
#1546=EDGE_LOOP('',(#5299,#5300,#5301,#5302));
#1547=EDGE_LOOP('',(#5303,#5304,#5305,#5306,#5307));
#1548=EDGE_LOOP('',(#5308,#5309,#5310,#5311,#5312,#5313));
#1549=EDGE_LOOP('',(#5314,#5315,#5316,#5317));
#1550=EDGE_LOOP('',(#5318));
#1551=EDGE_LOOP('',(#5319));
#1552=EDGE_LOOP('',(#5320,#5321,#5322,#5323,#5324));
#1553=EDGE_LOOP('',(#5325,#5326,#5327,#5328));
#1554=EDGE_LOOP('',(#5329));
#1555=EDGE_LOOP('',(#5330));
#1556=EDGE_LOOP('',(#5331,#5332,#5333,#5334));
#1557=EDGE_LOOP('',(#5335,#5336,#5337,#5338,#5339));
#1558=EDGE_LOOP('',(#5340,#5341,#5342,#5343,#5344,#5345));
#1559=EDGE_LOOP('',(#5346,#5347,#5348,#5349));
#1560=EDGE_LOOP('',(#5350));
#1561=EDGE_LOOP('',(#5351));
#1562=EDGE_LOOP('',(#5352,#5353,#5354,#5355,#5356));
#1563=EDGE_LOOP('',(#5357,#5358,#5359,#5360));
#1564=EDGE_LOOP('',(#5361));
#1565=EDGE_LOOP('',(#5362));
#1566=EDGE_LOOP('',(#5363,#5364,#5365,#5366));
#1567=EDGE_LOOP('',(#5367,#5368,#5369,#5370,#5371));
#1568=EDGE_LOOP('',(#5372,#5373,#5374,#5375,#5376,#5377));
#1569=EDGE_LOOP('',(#5378,#5379,#5380,#5381));
#1570=EDGE_LOOP('',(#5382));
#1571=EDGE_LOOP('',(#5383));
#1572=EDGE_LOOP('',(#5384,#5385,#5386,#5387,#5388));
#1573=EDGE_LOOP('',(#5389,#5390,#5391,#5392));
#1574=EDGE_LOOP('',(#5393));
#1575=EDGE_LOOP('',(#5394));
#1576=EDGE_LOOP('',(#5395,#5396,#5397,#5398));
#1577=EDGE_LOOP('',(#5399,#5400,#5401,#5402,#5403));
#1578=EDGE_LOOP('',(#5404,#5405,#5406,#5407,#5408,#5409));
#1579=EDGE_LOOP('',(#5410,#5411,#5412,#5413));
#1580=EDGE_LOOP('',(#5414));
#1581=EDGE_LOOP('',(#5415));
#1582=EDGE_LOOP('',(#5416,#5417,#5418,#5419,#5420));
#1583=EDGE_LOOP('',(#5421,#5422,#5423,#5424));
#1584=EDGE_LOOP('',(#5425));
#1585=EDGE_LOOP('',(#5426));
#1586=EDGE_LOOP('',(#5427,#5428,#5429,#5430));
#1587=EDGE_LOOP('',(#5431,#5432,#5433,#5434,#5435));
#1588=EDGE_LOOP('',(#5436,#5437,#5438,#5439,#5440,#5441));
#1589=EDGE_LOOP('',(#5442,#5443,#5444,#5445));
#1590=EDGE_LOOP('',(#5446));
#1591=EDGE_LOOP('',(#5447));
#1592=EDGE_LOOP('',(#5448,#5449,#5450,#5451,#5452));
#1593=EDGE_LOOP('',(#5453,#5454,#5455,#5456));
#1594=EDGE_LOOP('',(#5457));
#1595=EDGE_LOOP('',(#5458));
#1596=EDGE_LOOP('',(#5459,#5460,#5461,#5462));
#1597=EDGE_LOOP('',(#5463,#5464,#5465,#5466,#5467));
#1598=EDGE_LOOP('',(#5468,#5469,#5470,#5471,#5472,#5473));
#1599=EDGE_LOOP('',(#5474,#5475,#5476,#5477));
#1600=EDGE_LOOP('',(#5478));
#1601=EDGE_LOOP('',(#5479));
#1602=EDGE_LOOP('',(#5480,#5481,#5482,#5483,#5484));
#1603=EDGE_LOOP('',(#5485,#5486,#5487,#5488));
#1604=EDGE_LOOP('',(#5489));
#1605=EDGE_LOOP('',(#5490));
#1606=EDGE_LOOP('',(#5491,#5492,#5493,#5494));
#1607=EDGE_LOOP('',(#5495,#5496,#5497,#5498,#5499));
#1608=EDGE_LOOP('',(#5500,#5501,#5502,#5503,#5504,#5505));
#1609=EDGE_LOOP('',(#5506,#5507,#5508,#5509));
#1610=EDGE_LOOP('',(#5510));
#1611=EDGE_LOOP('',(#5511));
#1612=EDGE_LOOP('',(#5512,#5513,#5514,#5515,#5516));
#1613=EDGE_LOOP('',(#5517,#5518,#5519,#5520));
#1614=EDGE_LOOP('',(#5521));
#1615=EDGE_LOOP('',(#5522));
#1616=EDGE_LOOP('',(#5523,#5524,#5525,#5526));
#1617=EDGE_LOOP('',(#5527,#5528,#5529,#5530,#5531));
#1618=EDGE_LOOP('',(#5532,#5533,#5534,#5535,#5536,#5537));
#1619=EDGE_LOOP('',(#5538,#5539,#5540,#5541));
#1620=EDGE_LOOP('',(#5542));
#1621=EDGE_LOOP('',(#5543));
#1622=EDGE_LOOP('',(#5544,#5545,#5546,#5547,#5548));
#1623=EDGE_LOOP('',(#5549,#5550,#5551,#5552));
#1624=EDGE_LOOP('',(#5553));
#1625=EDGE_LOOP('',(#5554));
#1626=EDGE_LOOP('',(#5555,#5556,#5557,#5558));
#1627=EDGE_LOOP('',(#5559,#5560,#5561,#5562,#5563));
#1628=EDGE_LOOP('',(#5564,#5565,#5566,#5567,#5568,#5569));
#1629=EDGE_LOOP('',(#5570,#5571,#5572,#5573));
#1630=EDGE_LOOP('',(#5574));
#1631=EDGE_LOOP('',(#5575));
#1632=EDGE_LOOP('',(#5576,#5577,#5578,#5579,#5580));
#1633=EDGE_LOOP('',(#5581,#5582,#5583,#5584));
#1634=EDGE_LOOP('',(#5585));
#1635=EDGE_LOOP('',(#5586));
#1636=EDGE_LOOP('',(#5587,#5588,#5589,#5590));
#1637=EDGE_LOOP('',(#5591,#5592,#5593,#5594,#5595));
#1638=EDGE_LOOP('',(#5596,#5597,#5598,#5599,#5600,#5601));
#1639=EDGE_LOOP('',(#5602,#5603,#5604,#5605));
#1640=EDGE_LOOP('',(#5606));
#1641=EDGE_LOOP('',(#5607));
#1642=EDGE_LOOP('',(#5608,#5609,#5610,#5611,#5612));
#1643=EDGE_LOOP('',(#5613,#5614,#5615,#5616));
#1644=EDGE_LOOP('',(#5617));
#1645=EDGE_LOOP('',(#5618));
#1646=EDGE_LOOP('',(#5619,#5620,#5621,#5622));
#1647=EDGE_LOOP('',(#5623,#5624,#5625,#5626,#5627));
#1648=EDGE_LOOP('',(#5628,#5629,#5630,#5631,#5632,#5633));
#1649=EDGE_LOOP('',(#5634,#5635,#5636,#5637));
#1650=EDGE_LOOP('',(#5638));
#1651=EDGE_LOOP('',(#5639));
#1652=EDGE_LOOP('',(#5640,#5641,#5642,#5643,#5644));
#1653=EDGE_LOOP('',(#5645,#5646,#5647,#5648));
#1654=EDGE_LOOP('',(#5649));
#1655=EDGE_LOOP('',(#5650));
#1656=EDGE_LOOP('',(#5651,#5652,#5653,#5654));
#1657=EDGE_LOOP('',(#5655,#5656,#5657,#5658,#5659));
#1658=EDGE_LOOP('',(#5660,#5661,#5662,#5663,#5664,#5665));
#1659=EDGE_LOOP('',(#5666,#5667,#5668,#5669));
#1660=EDGE_LOOP('',(#5670));
#1661=EDGE_LOOP('',(#5671));
#1662=EDGE_LOOP('',(#5672,#5673,#5674,#5675,#5676));
#1663=EDGE_LOOP('',(#5677,#5678,#5679,#5680));
#1664=EDGE_LOOP('',(#5681));
#1665=EDGE_LOOP('',(#5682));
#1666=EDGE_LOOP('',(#5683,#5684,#5685,#5686));
#1667=EDGE_LOOP('',(#5687,#5688,#5689,#5690,#5691));
#1668=EDGE_LOOP('',(#5692,#5693,#5694,#5695,#5696,#5697));
#1669=EDGE_LOOP('',(#5698,#5699,#5700,#5701));
#1670=EDGE_LOOP('',(#5702));
#1671=EDGE_LOOP('',(#5703));
#1672=EDGE_LOOP('',(#5704,#5705,#5706,#5707,#5708));
#1673=EDGE_LOOP('',(#5709,#5710,#5711,#5712));
#1674=EDGE_LOOP('',(#5713));
#1675=EDGE_LOOP('',(#5714));
#1676=EDGE_LOOP('',(#5715,#5716,#5717,#5718));
#1677=EDGE_LOOP('',(#5719,#5720,#5721,#5722,#5723));
#1678=EDGE_LOOP('',(#5724,#5725,#5726,#5727,#5728,#5729));
#1679=EDGE_LOOP('',(#5730,#5731,#5732,#5733));
#1680=EDGE_LOOP('',(#5734));
#1681=EDGE_LOOP('',(#5735));
#1682=EDGE_LOOP('',(#5736,#5737,#5738,#5739,#5740));
#1683=EDGE_LOOP('',(#5741,#5742,#5743,#5744));
#1684=EDGE_LOOP('',(#5745));
#1685=EDGE_LOOP('',(#5746));
#1686=EDGE_LOOP('',(#5747,#5748,#5749,#5750));
#1687=EDGE_LOOP('',(#5751,#5752,#5753,#5754,#5755));
#1688=EDGE_LOOP('',(#5756,#5757,#5758,#5759,#5760,#5761));
#1689=EDGE_LOOP('',(#5762,#5763,#5764,#5765));
#1690=EDGE_LOOP('',(#5766));
#1691=EDGE_LOOP('',(#5767));
#1692=EDGE_LOOP('',(#5768,#5769,#5770,#5771,#5772));
#1693=EDGE_LOOP('',(#5773,#5774,#5775,#5776));
#1694=EDGE_LOOP('',(#5777));
#1695=EDGE_LOOP('',(#5778));
#1696=EDGE_LOOP('',(#5779,#5780,#5781,#5782));
#1697=EDGE_LOOP('',(#5783,#5784,#5785,#5786,#5787));
#1698=EDGE_LOOP('',(#5788,#5789,#5790,#5791,#5792,#5793));
#1699=EDGE_LOOP('',(#5794,#5795,#5796,#5797));
#1700=EDGE_LOOP('',(#5798));
#1701=EDGE_LOOP('',(#5799));
#1702=EDGE_LOOP('',(#5800,#5801,#5802,#5803,#5804));
#1703=EDGE_LOOP('',(#5805,#5806,#5807,#5808));
#1704=EDGE_LOOP('',(#5809));
#1705=EDGE_LOOP('',(#5810));
#1706=EDGE_LOOP('',(#5811,#5812,#5813,#5814));
#1707=EDGE_LOOP('',(#5815,#5816,#5817,#5818,#5819));
#1708=EDGE_LOOP('',(#5820,#5821,#5822,#5823,#5824,#5825));
#1709=EDGE_LOOP('',(#5826,#5827,#5828,#5829));
#1710=EDGE_LOOP('',(#5830));
#1711=EDGE_LOOP('',(#5831));
#1712=EDGE_LOOP('',(#5832,#5833,#5834,#5835,#5836));
#1713=EDGE_LOOP('',(#5837,#5838,#5839,#5840));
#1714=EDGE_LOOP('',(#5841));
#1715=EDGE_LOOP('',(#5842));
#1716=EDGE_LOOP('',(#5843,#5844,#5845,#5846));
#1717=EDGE_LOOP('',(#5847,#5848,#5849,#5850,#5851));
#1718=EDGE_LOOP('',(#5852,#5853,#5854,#5855,#5856,#5857));
#1719=EDGE_LOOP('',(#5858,#5859,#5860,#5861));
#1720=EDGE_LOOP('',(#5862));
#1721=EDGE_LOOP('',(#5863));
#1722=EDGE_LOOP('',(#5864,#5865,#5866,#5867,#5868));
#1723=EDGE_LOOP('',(#5869,#5870,#5871,#5872));
#1724=EDGE_LOOP('',(#5873));
#1725=EDGE_LOOP('',(#5874));
#1726=EDGE_LOOP('',(#5875,#5876,#5877,#5878));
#1727=EDGE_LOOP('',(#5879,#5880,#5881,#5882,#5883));
#1728=EDGE_LOOP('',(#5884,#5885,#5886,#5887,#5888,#5889));
#1729=EDGE_LOOP('',(#5890,#5891,#5892,#5893));
#1730=EDGE_LOOP('',(#5894));
#1731=EDGE_LOOP('',(#5895));
#1732=EDGE_LOOP('',(#5896,#5897,#5898,#5899,#5900));
#1733=EDGE_LOOP('',(#5901,#5902,#5903,#5904));
#1734=EDGE_LOOP('',(#5905));
#1735=EDGE_LOOP('',(#5906));
#1736=EDGE_LOOP('',(#5907,#5908,#5909,#5910));
#1737=EDGE_LOOP('',(#5911,#5912,#5913,#5914,#5915));
#1738=EDGE_LOOP('',(#5916,#5917,#5918,#5919,#5920,#5921));
#1739=EDGE_LOOP('',(#5922,#5923,#5924,#5925));
#1740=EDGE_LOOP('',(#5926));
#1741=EDGE_LOOP('',(#5927));
#1742=EDGE_LOOP('',(#5928,#5929,#5930,#5931,#5932));
#1743=EDGE_LOOP('',(#5933,#5934,#5935,#5936));
#1744=EDGE_LOOP('',(#5937));
#1745=EDGE_LOOP('',(#5938));
#1746=EDGE_LOOP('',(#5939,#5940,#5941,#5942));
#1747=EDGE_LOOP('',(#5943,#5944,#5945,#5946,#5947));
#1748=EDGE_LOOP('',(#5948,#5949,#5950,#5951,#5952,#5953));
#1749=EDGE_LOOP('',(#5954,#5955,#5956,#5957));
#1750=EDGE_LOOP('',(#5958));
#1751=EDGE_LOOP('',(#5959));
#1752=EDGE_LOOP('',(#5960,#5961,#5962,#5963,#5964));
#1753=EDGE_LOOP('',(#5965,#5966,#5967,#5968));
#1754=EDGE_LOOP('',(#5969));
#1755=EDGE_LOOP('',(#5970));
#1756=EDGE_LOOP('',(#5971,#5972,#5973,#5974));
#1757=EDGE_LOOP('',(#5975,#5976,#5977,#5978,#5979));
#1758=EDGE_LOOP('',(#5980,#5981,#5982,#5983,#5984,#5985));
#1759=EDGE_LOOP('',(#5986,#5987,#5988,#5989));
#1760=EDGE_LOOP('',(#5990));
#1761=EDGE_LOOP('',(#5991));
#1762=EDGE_LOOP('',(#5992,#5993,#5994,#5995,#5996));
#1763=EDGE_LOOP('',(#5997,#5998,#5999,#6000));
#1764=EDGE_LOOP('',(#6001));
#1765=EDGE_LOOP('',(#6002));
#1766=EDGE_LOOP('',(#6003,#6004,#6005,#6006));
#1767=EDGE_LOOP('',(#6007,#6008,#6009,#6010,#6011));
#1768=EDGE_LOOP('',(#6012,#6013,#6014,#6015,#6016,#6017));
#1769=EDGE_LOOP('',(#6018,#6019,#6020,#6021));
#1770=EDGE_LOOP('',(#6022));
#1771=EDGE_LOOP('',(#6023));
#1772=EDGE_LOOP('',(#6024,#6025,#6026,#6027,#6028));
#1773=EDGE_LOOP('',(#6029,#6030,#6031,#6032));
#1774=EDGE_LOOP('',(#6033));
#1775=EDGE_LOOP('',(#6034));
#1776=EDGE_LOOP('',(#6035,#6036,#6037,#6038));
#1777=EDGE_LOOP('',(#6039,#6040,#6041,#6042,#6043));
#1778=EDGE_LOOP('',(#6044,#6045,#6046,#6047,#6048,#6049));
#1779=EDGE_LOOP('',(#6050,#6051,#6052,#6053));
#1780=EDGE_LOOP('',(#6054));
#1781=EDGE_LOOP('',(#6055));
#1782=EDGE_LOOP('',(#6056,#6057,#6058,#6059,#6060));
#1783=EDGE_LOOP('',(#6061,#6062,#6063,#6064));
#1784=EDGE_LOOP('',(#6065));
#1785=EDGE_LOOP('',(#6066));
#1786=EDGE_LOOP('',(#6067,#6068,#6069,#6070));
#1787=EDGE_LOOP('',(#6071,#6072,#6073,#6074,#6075));
#1788=EDGE_LOOP('',(#6076,#6077,#6078,#6079,#6080,#6081));
#1789=EDGE_LOOP('',(#6082,#6083,#6084,#6085));
#1790=EDGE_LOOP('',(#6086));
#1791=EDGE_LOOP('',(#6087));
#1792=EDGE_LOOP('',(#6088,#6089,#6090,#6091,#6092));
#1793=EDGE_LOOP('',(#6093,#6094,#6095,#6096));
#1794=EDGE_LOOP('',(#6097));
#1795=EDGE_LOOP('',(#6098));
#1796=EDGE_LOOP('',(#6099,#6100,#6101,#6102));
#1797=EDGE_LOOP('',(#6103,#6104,#6105,#6106,#6107));
#1798=EDGE_LOOP('',(#6108,#6109,#6110,#6111,#6112,#6113));
#1799=EDGE_LOOP('',(#6114,#6115,#6116,#6117));
#1800=EDGE_LOOP('',(#6118));
#1801=EDGE_LOOP('',(#6119));
#1802=EDGE_LOOP('',(#6120,#6121,#6122,#6123,#6124));
#1803=EDGE_LOOP('',(#6125,#6126,#6127,#6128));
#1804=EDGE_LOOP('',(#6129));
#1805=EDGE_LOOP('',(#6130));
#1806=EDGE_LOOP('',(#6131,#6132,#6133,#6134));
#1807=EDGE_LOOP('',(#6135,#6136,#6137,#6138,#6139));
#1808=EDGE_LOOP('',(#6140,#6141,#6142,#6143,#6144,#6145));
#1809=EDGE_LOOP('',(#6146,#6147,#6148,#6149));
#1810=EDGE_LOOP('',(#6150));
#1811=EDGE_LOOP('',(#6151));
#1812=EDGE_LOOP('',(#6152,#6153,#6154,#6155,#6156));
#1813=EDGE_LOOP('',(#6157,#6158,#6159,#6160));
#1814=EDGE_LOOP('',(#6161));
#1815=EDGE_LOOP('',(#6162));
#1816=EDGE_LOOP('',(#6163,#6164,#6165,#6166));
#1817=EDGE_LOOP('',(#6167,#6168,#6169,#6170,#6171));
#1818=EDGE_LOOP('',(#6172,#6173,#6174,#6175,#6176,#6177));
#1819=EDGE_LOOP('',(#6178,#6179,#6180,#6181));
#1820=EDGE_LOOP('',(#6182));
#1821=EDGE_LOOP('',(#6183));
#1822=EDGE_LOOP('',(#6184,#6185,#6186,#6187,#6188));
#1823=EDGE_LOOP('',(#6189,#6190,#6191,#6192));
#1824=EDGE_LOOP('',(#6193));
#1825=EDGE_LOOP('',(#6194));
#1826=EDGE_LOOP('',(#6195,#6196,#6197,#6198));
#1827=EDGE_LOOP('',(#6199,#6200,#6201,#6202,#6203));
#1828=EDGE_LOOP('',(#6204,#6205,#6206,#6207,#6208,#6209));
#1829=EDGE_LOOP('',(#6210,#6211,#6212,#6213));
#1830=EDGE_LOOP('',(#6214));
#1831=EDGE_LOOP('',(#6215));
#1832=EDGE_LOOP('',(#6216,#6217,#6218,#6219,#6220));
#1833=EDGE_LOOP('',(#6221,#6222,#6223,#6224));
#1834=EDGE_LOOP('',(#6225));
#1835=EDGE_LOOP('',(#6226));
#1836=EDGE_LOOP('',(#6227,#6228,#6229,#6230));
#1837=EDGE_LOOP('',(#6231,#6232,#6233,#6234,#6235));
#1838=EDGE_LOOP('',(#6236,#6237,#6238,#6239,#6240,#6241));
#1839=EDGE_LOOP('',(#6242,#6243,#6244,#6245));
#1840=EDGE_LOOP('',(#6246));
#1841=EDGE_LOOP('',(#6247));
#1842=EDGE_LOOP('',(#6248,#6249,#6250,#6251,#6252));
#1843=EDGE_LOOP('',(#6253,#6254,#6255,#6256));
#1844=EDGE_LOOP('',(#6257));
#1845=EDGE_LOOP('',(#6258));
#1846=EDGE_LOOP('',(#6259,#6260,#6261,#6262));
#1847=EDGE_LOOP('',(#6263,#6264,#6265,#6266,#6267));
#1848=EDGE_LOOP('',(#6268,#6269,#6270,#6271,#6272,#6273));
#1849=EDGE_LOOP('',(#6274,#6275,#6276,#6277));
#1850=EDGE_LOOP('',(#6278));
#1851=EDGE_LOOP('',(#6279));
#1852=EDGE_LOOP('',(#6280,#6281,#6282,#6283,#6284));
#1853=EDGE_LOOP('',(#6285,#6286,#6287,#6288));
#1854=EDGE_LOOP('',(#6289));
#1855=EDGE_LOOP('',(#6290));
#1856=EDGE_LOOP('',(#6291,#6292,#6293,#6294));
#1857=EDGE_LOOP('',(#6295,#6296,#6297,#6298,#6299));
#1858=EDGE_LOOP('',(#6300,#6301,#6302,#6303,#6304,#6305));
#1859=EDGE_LOOP('',(#6306,#6307,#6308,#6309));
#1860=EDGE_LOOP('',(#6310));
#1861=EDGE_LOOP('',(#6311));
#1862=EDGE_LOOP('',(#6312,#6313,#6314,#6315,#6316));
#1863=EDGE_LOOP('',(#6317,#6318,#6319,#6320));
#1864=EDGE_LOOP('',(#6321));
#1865=EDGE_LOOP('',(#6322));
#1866=EDGE_LOOP('',(#6323,#6324,#6325,#6326));
#1867=EDGE_LOOP('',(#6327,#6328,#6329,#6330,#6331));
#1868=EDGE_LOOP('',(#6332,#6333,#6334,#6335,#6336,#6337));
#1869=EDGE_LOOP('',(#6338,#6339,#6340,#6341));
#1870=EDGE_LOOP('',(#6342));
#1871=EDGE_LOOP('',(#6343));
#1872=EDGE_LOOP('',(#6344,#6345,#6346,#6347,#6348));
#1873=EDGE_LOOP('',(#6349,#6350,#6351,#6352));
#1874=EDGE_LOOP('',(#6353));
#1875=EDGE_LOOP('',(#6354));
#1876=EDGE_LOOP('',(#6355,#6356,#6357,#6358));
#1877=EDGE_LOOP('',(#6359,#6360,#6361,#6362,#6363));
#1878=EDGE_LOOP('',(#6364,#6365,#6366,#6367,#6368,#6369));
#1879=EDGE_LOOP('',(#6370,#6371,#6372,#6373));
#1880=EDGE_LOOP('',(#6374));
#1881=EDGE_LOOP('',(#6375));
#1882=EDGE_LOOP('',(#6376,#6377,#6378,#6379,#6380));
#1883=EDGE_LOOP('',(#6381,#6382,#6383,#6384));
#1884=EDGE_LOOP('',(#6385));
#1885=EDGE_LOOP('',(#6386));
#1886=EDGE_LOOP('',(#6387,#6388,#6389,#6390));
#1887=EDGE_LOOP('',(#6391,#6392,#6393,#6394,#6395));
#1888=EDGE_LOOP('',(#6396,#6397,#6398,#6399,#6400,#6401));
#1889=EDGE_LOOP('',(#6402,#6403,#6404,#6405));
#1890=EDGE_LOOP('',(#6406));
#1891=EDGE_LOOP('',(#6407));
#1892=EDGE_LOOP('',(#6408,#6409,#6410,#6411,#6412));
#1893=EDGE_LOOP('',(#6413,#6414,#6415,#6416));
#1894=EDGE_LOOP('',(#6417));
#1895=EDGE_LOOP('',(#6418));
#1896=EDGE_LOOP('',(#6419,#6420,#6421,#6422));
#1897=EDGE_LOOP('',(#6423,#6424,#6425,#6426,#6427));
#1898=EDGE_LOOP('',(#6428,#6429,#6430,#6431,#6432,#6433));
#1899=EDGE_LOOP('',(#6434,#6435,#6436,#6437));
#1900=EDGE_LOOP('',(#6438));
#1901=EDGE_LOOP('',(#6439));
#1902=EDGE_LOOP('',(#6440,#6441,#6442,#6443,#6444));
#1903=EDGE_LOOP('',(#6445,#6446,#6447,#6448));
#1904=EDGE_LOOP('',(#6449));
#1905=EDGE_LOOP('',(#6450));
#1906=EDGE_LOOP('',(#6451,#6452,#6453,#6454));
#1907=EDGE_LOOP('',(#6455,#6456,#6457,#6458,#6459));
#1908=EDGE_LOOP('',(#6460,#6461,#6462,#6463,#6464,#6465));
#1909=EDGE_LOOP('',(#6466,#6467,#6468,#6469));
#1910=EDGE_LOOP('',(#6470));
#1911=EDGE_LOOP('',(#6471));
#1912=EDGE_LOOP('',(#6472,#6473,#6474,#6475,#6476));
#1913=EDGE_LOOP('',(#6477,#6478,#6479,#6480));
#1914=EDGE_LOOP('',(#6481));
#1915=EDGE_LOOP('',(#6482));
#1916=EDGE_LOOP('',(#6483,#6484,#6485,#6486));
#1917=EDGE_LOOP('',(#6487,#6488,#6489,#6490,#6491));
#1918=EDGE_LOOP('',(#6492,#6493,#6494,#6495,#6496,#6497));
#1919=EDGE_LOOP('',(#6498,#6499,#6500,#6501));
#1920=EDGE_LOOP('',(#6502));
#1921=EDGE_LOOP('',(#6503));
#1922=EDGE_LOOP('',(#6504,#6505,#6506,#6507,#6508));
#1923=EDGE_LOOP('',(#6509,#6510,#6511,#6512));
#1924=EDGE_LOOP('',(#6513));
#1925=EDGE_LOOP('',(#6514));
#1926=EDGE_LOOP('',(#6515,#6516,#6517,#6518));
#1927=EDGE_LOOP('',(#6519,#6520,#6521,#6522,#6523));
#1928=EDGE_LOOP('',(#6524,#6525,#6526,#6527,#6528,#6529));
#1929=EDGE_LOOP('',(#6530,#6531,#6532,#6533));
#1930=EDGE_LOOP('',(#6534));
#1931=EDGE_LOOP('',(#6535));
#1932=EDGE_LOOP('',(#6536,#6537,#6538,#6539,#6540));
#1933=CIRCLE('',#7387,3.2);
#1934=CIRCLE('',#7388,0.2);
#1935=CIRCLE('',#7389,3.);
#1936=CIRCLE('',#7391,1.8);
#1937=CIRCLE('',#7393,3.2);
#1938=CIRCLE('',#7395,1.6);
#1939=CIRCLE('',#7396,0.2);
#1940=CIRCLE('',#7397,1.6);
#1941=CIRCLE('',#7399,1.6);
#1942=CIRCLE('',#7400,1.6);
#1943=CIRCLE('',#7402,3.);
#1944=CIRCLE('',#7403,0.2);
#1945=CIRCLE('',#7405,1.8);
#1946=CIRCLE('',#7407,0.2);
#1947=CIRCLE('',#7409,3.2);
#1948=CIRCLE('',#7410,0.2);
#1949=CIRCLE('',#7411,3.);
#1950=CIRCLE('',#7413,1.8);
#1951=CIRCLE('',#7415,3.2);
#1952=CIRCLE('',#7417,1.6);
#1953=CIRCLE('',#7418,0.2);
#1954=CIRCLE('',#7419,1.6);
#1955=CIRCLE('',#7421,1.6);
#1956=CIRCLE('',#7422,1.6);
#1957=CIRCLE('',#7424,3.);
#1958=CIRCLE('',#7425,0.2);
#1959=CIRCLE('',#7427,1.8);
#1960=CIRCLE('',#7429,0.2);
#1961=CIRCLE('',#7431,3.2);
#1962=CIRCLE('',#7432,0.2);
#1963=CIRCLE('',#7433,3.);
#1964=CIRCLE('',#7435,1.8);
#1965=CIRCLE('',#7437,3.2);
#1966=CIRCLE('',#7439,1.6);
#1967=CIRCLE('',#7440,0.2);
#1968=CIRCLE('',#7441,1.6);
#1969=CIRCLE('',#7443,1.6);
#1970=CIRCLE('',#7444,1.6);
#1971=CIRCLE('',#7446,3.);
#1972=CIRCLE('',#7447,0.2);
#1973=CIRCLE('',#7449,1.8);
#1974=CIRCLE('',#7451,0.2);
#1975=CIRCLE('',#7453,3.2);
#1976=CIRCLE('',#7454,0.2);
#1977=CIRCLE('',#7455,3.);
#1978=CIRCLE('',#7457,1.8);
#1979=CIRCLE('',#7459,3.2);
#1980=CIRCLE('',#7461,1.6);
#1981=CIRCLE('',#7462,0.2);
#1982=CIRCLE('',#7463,1.6);
#1983=CIRCLE('',#7465,1.6);
#1984=CIRCLE('',#7466,1.6);
#1985=CIRCLE('',#7468,3.);
#1986=CIRCLE('',#7469,0.2);
#1987=CIRCLE('',#7471,1.8);
#1988=CIRCLE('',#7473,0.2);
#1989=CIRCLE('',#7475,3.2);
#1990=CIRCLE('',#7476,0.2);
#1991=CIRCLE('',#7477,3.);
#1992=CIRCLE('',#7479,1.8);
#1993=CIRCLE('',#7481,3.2);
#1994=CIRCLE('',#7483,1.6);
#1995=CIRCLE('',#7484,0.2);
#1996=CIRCLE('',#7485,1.6);
#1997=CIRCLE('',#7487,1.6);
#1998=CIRCLE('',#7488,1.6);
#1999=CIRCLE('',#7490,3.);
#2000=CIRCLE('',#7491,0.2);
#2001=CIRCLE('',#7493,1.8);
#2002=CIRCLE('',#7495,0.2);
#2003=CIRCLE('',#7497,3.2);
#2004=CIRCLE('',#7498,0.2);
#2005=CIRCLE('',#7499,3.);
#2006=CIRCLE('',#7501,1.8);
#2007=CIRCLE('',#7503,3.2);
#2008=CIRCLE('',#7505,1.6);
#2009=CIRCLE('',#7506,0.2);
#2010=CIRCLE('',#7507,1.6);
#2011=CIRCLE('',#7509,1.6);
#2012=CIRCLE('',#7510,1.6);
#2013=CIRCLE('',#7512,3.);
#2014=CIRCLE('',#7513,0.2);
#2015=CIRCLE('',#7515,1.8);
#2016=CIRCLE('',#7517,0.2);
#2017=CIRCLE('',#7519,3.2);
#2018=CIRCLE('',#7520,0.2);
#2019=CIRCLE('',#7521,3.);
#2020=CIRCLE('',#7523,1.8);
#2021=CIRCLE('',#7525,3.2);
#2022=CIRCLE('',#7527,1.6);
#2023=CIRCLE('',#7528,0.2);
#2024=CIRCLE('',#7529,1.6);
#2025=CIRCLE('',#7531,1.6);
#2026=CIRCLE('',#7532,1.6);
#2027=CIRCLE('',#7534,3.);
#2028=CIRCLE('',#7535,0.2);
#2029=CIRCLE('',#7537,1.8);
#2030=CIRCLE('',#7539,0.2);
#2031=CIRCLE('',#7541,3.2);
#2032=CIRCLE('',#7542,0.2);
#2033=CIRCLE('',#7543,3.);
#2034=CIRCLE('',#7545,1.8);
#2035=CIRCLE('',#7547,3.2);
#2036=CIRCLE('',#7549,1.6);
#2037=CIRCLE('',#7550,0.2);
#2038=CIRCLE('',#7551,1.6);
#2039=CIRCLE('',#7553,1.6);
#2040=CIRCLE('',#7554,1.6);
#2041=CIRCLE('',#7556,3.);
#2042=CIRCLE('',#7557,0.2);
#2043=CIRCLE('',#7559,1.8);
#2044=CIRCLE('',#7561,0.2);
#2045=CIRCLE('',#7563,3.2);
#2046=CIRCLE('',#7564,0.2);
#2047=CIRCLE('',#7565,3.);
#2048=CIRCLE('',#7567,1.8);
#2049=CIRCLE('',#7569,3.2);
#2050=CIRCLE('',#7571,1.6);
#2051=CIRCLE('',#7572,0.2);
#2052=CIRCLE('',#7573,1.6);
#2053=CIRCLE('',#7575,1.6);
#2054=CIRCLE('',#7576,1.6);
#2055=CIRCLE('',#7578,3.);
#2056=CIRCLE('',#7579,0.2);
#2057=CIRCLE('',#7581,1.8);
#2058=CIRCLE('',#7583,0.2);
#2059=CIRCLE('',#7585,3.2);
#2060=CIRCLE('',#7586,0.2);
#2061=CIRCLE('',#7587,3.);
#2062=CIRCLE('',#7589,1.8);
#2063=CIRCLE('',#7591,3.2);
#2064=CIRCLE('',#7593,1.6);
#2065=CIRCLE('',#7594,0.2);
#2066=CIRCLE('',#7595,1.6);
#2067=CIRCLE('',#7597,1.6);
#2068=CIRCLE('',#7598,1.6);
#2069=CIRCLE('',#7600,3.);
#2070=CIRCLE('',#7601,0.2);
#2071=CIRCLE('',#7603,1.8);
#2072=CIRCLE('',#7605,0.2);
#2073=CIRCLE('',#7607,3.2);
#2074=CIRCLE('',#7608,0.2);
#2075=CIRCLE('',#7609,3.);
#2076=CIRCLE('',#7611,1.8);
#2077=CIRCLE('',#7613,3.2);
#2078=CIRCLE('',#7615,1.6);
#2079=CIRCLE('',#7616,0.2);
#2080=CIRCLE('',#7617,1.6);
#2081=CIRCLE('',#7619,1.6);
#2082=CIRCLE('',#7620,1.6);
#2083=CIRCLE('',#7622,3.);
#2084=CIRCLE('',#7623,0.2);
#2085=CIRCLE('',#7625,1.8);
#2086=CIRCLE('',#7627,0.2);
#2087=CIRCLE('',#7629,3.2);
#2088=CIRCLE('',#7630,0.2);
#2089=CIRCLE('',#7631,3.);
#2090=CIRCLE('',#7633,1.8);
#2091=CIRCLE('',#7635,3.2);
#2092=CIRCLE('',#7637,1.6);
#2093=CIRCLE('',#7638,0.2);
#2094=CIRCLE('',#7639,1.6);
#2095=CIRCLE('',#7641,1.6);
#2096=CIRCLE('',#7642,1.6);
#2097=CIRCLE('',#7644,3.);
#2098=CIRCLE('',#7645,0.2);
#2099=CIRCLE('',#7647,1.8);
#2100=CIRCLE('',#7649,0.2);
#2101=CIRCLE('',#7651,3.2);
#2102=CIRCLE('',#7652,0.2);
#2103=CIRCLE('',#7653,3.);
#2104=CIRCLE('',#7655,1.8);
#2105=CIRCLE('',#7657,3.2);
#2106=CIRCLE('',#7659,1.6);
#2107=CIRCLE('',#7660,0.2);
#2108=CIRCLE('',#7661,1.6);
#2109=CIRCLE('',#7663,1.6);
#2110=CIRCLE('',#7664,1.6);
#2111=CIRCLE('',#7666,3.);
#2112=CIRCLE('',#7667,0.2);
#2113=CIRCLE('',#7669,1.8);
#2114=CIRCLE('',#7671,0.2);
#2115=CIRCLE('',#7673,3.2);
#2116=CIRCLE('',#7674,0.2);
#2117=CIRCLE('',#7675,3.);
#2118=CIRCLE('',#7677,1.8);
#2119=CIRCLE('',#7679,3.2);
#2120=CIRCLE('',#7681,1.6);
#2121=CIRCLE('',#7682,0.2);
#2122=CIRCLE('',#7683,1.6);
#2123=CIRCLE('',#7685,1.6);
#2124=CIRCLE('',#7686,1.6);
#2125=CIRCLE('',#7688,3.);
#2126=CIRCLE('',#7689,0.2);
#2127=CIRCLE('',#7691,1.8);
#2128=CIRCLE('',#7693,0.2);
#2129=CIRCLE('',#7695,3.2);
#2130=CIRCLE('',#7696,0.2);
#2131=CIRCLE('',#7697,3.);
#2132=CIRCLE('',#7699,1.8);
#2133=CIRCLE('',#7701,3.2);
#2134=CIRCLE('',#7703,1.6);
#2135=CIRCLE('',#7704,0.2);
#2136=CIRCLE('',#7705,1.6);
#2137=CIRCLE('',#7707,1.6);
#2138=CIRCLE('',#7708,1.6);
#2139=CIRCLE('',#7710,3.);
#2140=CIRCLE('',#7711,0.2);
#2141=CIRCLE('',#7713,1.8);
#2142=CIRCLE('',#7715,0.2);
#2143=CIRCLE('',#7717,3.2);
#2144=CIRCLE('',#7718,0.2);
#2145=CIRCLE('',#7719,3.);
#2146=CIRCLE('',#7721,1.8);
#2147=CIRCLE('',#7723,3.2);
#2148=CIRCLE('',#7725,1.6);
#2149=CIRCLE('',#7726,0.2);
#2150=CIRCLE('',#7727,1.6);
#2151=CIRCLE('',#7729,1.6);
#2152=CIRCLE('',#7730,1.6);
#2153=CIRCLE('',#7732,3.);
#2154=CIRCLE('',#7733,0.2);
#2155=CIRCLE('',#7735,1.8);
#2156=CIRCLE('',#7737,0.2);
#2157=CIRCLE('',#7739,3.2);
#2158=CIRCLE('',#7740,0.2);
#2159=CIRCLE('',#7741,3.);
#2160=CIRCLE('',#7743,1.8);
#2161=CIRCLE('',#7745,3.2);
#2162=CIRCLE('',#7747,1.6);
#2163=CIRCLE('',#7748,0.2);
#2164=CIRCLE('',#7749,1.6);
#2165=CIRCLE('',#7751,1.6);
#2166=CIRCLE('',#7752,1.6);
#2167=CIRCLE('',#7754,3.);
#2168=CIRCLE('',#7755,0.2);
#2169=CIRCLE('',#7757,1.8);
#2170=CIRCLE('',#7759,0.2);
#2171=CIRCLE('',#7761,3.2);
#2172=CIRCLE('',#7762,0.2);
#2173=CIRCLE('',#7763,3.);
#2174=CIRCLE('',#7765,1.8);
#2175=CIRCLE('',#7767,3.2);
#2176=CIRCLE('',#7769,1.6);
#2177=CIRCLE('',#7770,0.2);
#2178=CIRCLE('',#7771,1.6);
#2179=CIRCLE('',#7773,1.6);
#2180=CIRCLE('',#7774,1.6);
#2181=CIRCLE('',#7776,3.);
#2182=CIRCLE('',#7777,0.2);
#2183=CIRCLE('',#7779,1.8);
#2184=CIRCLE('',#7781,0.2);
#2185=CIRCLE('',#7783,3.2);
#2186=CIRCLE('',#7784,0.2);
#2187=CIRCLE('',#7785,3.);
#2188=CIRCLE('',#7787,1.8);
#2189=CIRCLE('',#7789,3.2);
#2190=CIRCLE('',#7791,1.6);
#2191=CIRCLE('',#7792,0.2);
#2192=CIRCLE('',#7793,1.6);
#2193=CIRCLE('',#7795,1.6);
#2194=CIRCLE('',#7796,1.6);
#2195=CIRCLE('',#7798,3.);
#2196=CIRCLE('',#7799,0.2);
#2197=CIRCLE('',#7801,1.8);
#2198=CIRCLE('',#7803,0.2);
#2199=CIRCLE('',#7805,3.2);
#2200=CIRCLE('',#7806,0.2);
#2201=CIRCLE('',#7807,3.);
#2202=CIRCLE('',#7809,1.8);
#2203=CIRCLE('',#7811,3.2);
#2204=CIRCLE('',#7813,1.6);
#2205=CIRCLE('',#7814,0.2);
#2206=CIRCLE('',#7815,1.6);
#2207=CIRCLE('',#7817,1.6);
#2208=CIRCLE('',#7818,1.6);
#2209=CIRCLE('',#7820,3.);
#2210=CIRCLE('',#7821,0.2);
#2211=CIRCLE('',#7823,1.8);
#2212=CIRCLE('',#7825,0.2);
#2213=CIRCLE('',#7827,3.2);
#2214=CIRCLE('',#7828,0.2);
#2215=CIRCLE('',#7829,3.);
#2216=CIRCLE('',#7831,1.8);
#2217=CIRCLE('',#7833,3.2);
#2218=CIRCLE('',#7835,1.6);
#2219=CIRCLE('',#7836,0.2);
#2220=CIRCLE('',#7837,1.6);
#2221=CIRCLE('',#7839,1.6);
#2222=CIRCLE('',#7840,1.6);
#2223=CIRCLE('',#7842,3.);
#2224=CIRCLE('',#7843,0.2);
#2225=CIRCLE('',#7845,1.8);
#2226=CIRCLE('',#7847,0.2);
#2227=CIRCLE('',#7849,3.2);
#2228=CIRCLE('',#7850,0.2);
#2229=CIRCLE('',#7851,3.);
#2230=CIRCLE('',#7853,1.8);
#2231=CIRCLE('',#7855,3.2);
#2232=CIRCLE('',#7857,1.6);
#2233=CIRCLE('',#7858,0.2);
#2234=CIRCLE('',#7859,1.6);
#2235=CIRCLE('',#7861,1.6);
#2236=CIRCLE('',#7862,1.6);
#2237=CIRCLE('',#7864,3.);
#2238=CIRCLE('',#7865,0.2);
#2239=CIRCLE('',#7867,1.8);
#2240=CIRCLE('',#7869,0.2);
#2241=CIRCLE('',#7871,3.2);
#2242=CIRCLE('',#7872,0.2);
#2243=CIRCLE('',#7873,3.);
#2244=CIRCLE('',#7875,1.8);
#2245=CIRCLE('',#7877,3.2);
#2246=CIRCLE('',#7879,1.6);
#2247=CIRCLE('',#7880,0.2);
#2248=CIRCLE('',#7881,1.6);
#2249=CIRCLE('',#7883,1.6);
#2250=CIRCLE('',#7884,1.6);
#2251=CIRCLE('',#7886,3.);
#2252=CIRCLE('',#7887,0.2);
#2253=CIRCLE('',#7889,1.8);
#2254=CIRCLE('',#7891,0.2);
#2255=CIRCLE('',#7893,3.2);
#2256=CIRCLE('',#7894,0.2);
#2257=CIRCLE('',#7895,3.);
#2258=CIRCLE('',#7897,1.8);
#2259=CIRCLE('',#7899,3.2);
#2260=CIRCLE('',#7901,1.6);
#2261=CIRCLE('',#7902,0.2);
#2262=CIRCLE('',#7903,1.6);
#2263=CIRCLE('',#7905,1.6);
#2264=CIRCLE('',#7906,1.6);
#2265=CIRCLE('',#7908,3.);
#2266=CIRCLE('',#7909,0.2);
#2267=CIRCLE('',#7911,1.8);
#2268=CIRCLE('',#7913,0.2);
#2269=CIRCLE('',#7915,3.2);
#2270=CIRCLE('',#7916,0.2);
#2271=CIRCLE('',#7917,3.);
#2272=CIRCLE('',#7919,1.8);
#2273=CIRCLE('',#7921,3.2);
#2274=CIRCLE('',#7923,1.6);
#2275=CIRCLE('',#7924,0.2);
#2276=CIRCLE('',#7925,1.6);
#2277=CIRCLE('',#7927,1.6);
#2278=CIRCLE('',#7928,1.6);
#2279=CIRCLE('',#7930,3.);
#2280=CIRCLE('',#7931,0.2);
#2281=CIRCLE('',#7933,1.8);
#2282=CIRCLE('',#7935,0.2);
#2283=CIRCLE('',#7937,3.2);
#2284=CIRCLE('',#7938,0.2);
#2285=CIRCLE('',#7939,3.);
#2286=CIRCLE('',#7941,1.8);
#2287=CIRCLE('',#7943,3.2);
#2288=CIRCLE('',#7945,1.6);
#2289=CIRCLE('',#7946,0.2);
#2290=CIRCLE('',#7947,1.6);
#2291=CIRCLE('',#7949,1.6);
#2292=CIRCLE('',#7950,1.6);
#2293=CIRCLE('',#7952,3.);
#2294=CIRCLE('',#7953,0.2);
#2295=CIRCLE('',#7955,1.8);
#2296=CIRCLE('',#7957,0.2);
#2297=CIRCLE('',#7959,3.2);
#2298=CIRCLE('',#7960,0.2);
#2299=CIRCLE('',#7961,3.);
#2300=CIRCLE('',#7963,1.8);
#2301=CIRCLE('',#7965,3.2);
#2302=CIRCLE('',#7967,1.6);
#2303=CIRCLE('',#7968,0.2);
#2304=CIRCLE('',#7969,1.6);
#2305=CIRCLE('',#7971,1.6);
#2306=CIRCLE('',#7972,1.6);
#2307=CIRCLE('',#7974,3.);
#2308=CIRCLE('',#7975,0.2);
#2309=CIRCLE('',#7977,1.8);
#2310=CIRCLE('',#7979,0.2);
#2311=CIRCLE('',#7981,3.2);
#2312=CIRCLE('',#7982,0.2);
#2313=CIRCLE('',#7983,3.);
#2314=CIRCLE('',#7985,1.8);
#2315=CIRCLE('',#7987,3.2);
#2316=CIRCLE('',#7989,1.6);
#2317=CIRCLE('',#7990,0.2);
#2318=CIRCLE('',#7991,1.6);
#2319=CIRCLE('',#7993,1.6);
#2320=CIRCLE('',#7994,1.6);
#2321=CIRCLE('',#7996,3.);
#2322=CIRCLE('',#7997,0.2);
#2323=CIRCLE('',#7999,1.8);
#2324=CIRCLE('',#8001,0.2);
#2325=CIRCLE('',#8003,3.2);
#2326=CIRCLE('',#8004,0.2);
#2327=CIRCLE('',#8005,3.);
#2328=CIRCLE('',#8007,1.8);
#2329=CIRCLE('',#8009,3.2);
#2330=CIRCLE('',#8011,1.6);
#2331=CIRCLE('',#8012,0.2);
#2332=CIRCLE('',#8013,1.6);
#2333=CIRCLE('',#8015,1.6);
#2334=CIRCLE('',#8016,1.6);
#2335=CIRCLE('',#8018,3.);
#2336=CIRCLE('',#8019,0.2);
#2337=CIRCLE('',#8021,1.8);
#2338=CIRCLE('',#8023,0.2);
#2339=CIRCLE('',#8025,3.2);
#2340=CIRCLE('',#8026,0.2);
#2341=CIRCLE('',#8027,3.);
#2342=CIRCLE('',#8029,1.8);
#2343=CIRCLE('',#8031,3.2);
#2344=CIRCLE('',#8033,1.6);
#2345=CIRCLE('',#8034,0.2);
#2346=CIRCLE('',#8035,1.6);
#2347=CIRCLE('',#8037,1.6);
#2348=CIRCLE('',#8038,1.6);
#2349=CIRCLE('',#8040,3.);
#2350=CIRCLE('',#8041,0.2);
#2351=CIRCLE('',#8043,1.8);
#2352=CIRCLE('',#8045,0.2);
#2353=CIRCLE('',#8047,3.2);
#2354=CIRCLE('',#8048,0.2);
#2355=CIRCLE('',#8049,3.);
#2356=CIRCLE('',#8051,1.8);
#2357=CIRCLE('',#8053,3.2);
#2358=CIRCLE('',#8055,1.6);
#2359=CIRCLE('',#8056,0.2);
#2360=CIRCLE('',#8057,1.6);
#2361=CIRCLE('',#8059,1.6);
#2362=CIRCLE('',#8060,1.6);
#2363=CIRCLE('',#8062,3.);
#2364=CIRCLE('',#8063,0.2);
#2365=CIRCLE('',#8065,1.8);
#2366=CIRCLE('',#8067,0.2);
#2367=CIRCLE('',#8069,3.2);
#2368=CIRCLE('',#8070,0.2);
#2369=CIRCLE('',#8071,3.);
#2370=CIRCLE('',#8073,1.8);
#2371=CIRCLE('',#8075,3.2);
#2372=CIRCLE('',#8077,1.6);
#2373=CIRCLE('',#8078,0.2);
#2374=CIRCLE('',#8079,1.6);
#2375=CIRCLE('',#8081,1.6);
#2376=CIRCLE('',#8082,1.6);
#2377=CIRCLE('',#8084,3.);
#2378=CIRCLE('',#8085,0.2);
#2379=CIRCLE('',#8087,1.8);
#2380=CIRCLE('',#8089,0.2);
#2381=CIRCLE('',#8091,3.2);
#2382=CIRCLE('',#8092,0.2);
#2383=CIRCLE('',#8093,3.);
#2384=CIRCLE('',#8095,1.8);
#2385=CIRCLE('',#8097,3.2);
#2386=CIRCLE('',#8099,1.6);
#2387=CIRCLE('',#8100,0.2);
#2388=CIRCLE('',#8101,1.6);
#2389=CIRCLE('',#8103,1.6);
#2390=CIRCLE('',#8104,1.6);
#2391=CIRCLE('',#8106,3.);
#2392=CIRCLE('',#8107,0.2);
#2393=CIRCLE('',#8109,1.8);
#2394=CIRCLE('',#8111,0.2);
#2395=CIRCLE('',#8113,3.2);
#2396=CIRCLE('',#8114,0.2);
#2397=CIRCLE('',#8115,3.);
#2398=CIRCLE('',#8117,1.8);
#2399=CIRCLE('',#8119,3.2);
#2400=CIRCLE('',#8121,1.6);
#2401=CIRCLE('',#8122,0.2);
#2402=CIRCLE('',#8123,1.6);
#2403=CIRCLE('',#8125,1.6);
#2404=CIRCLE('',#8126,1.6);
#2405=CIRCLE('',#8128,3.);
#2406=CIRCLE('',#8129,0.2);
#2407=CIRCLE('',#8131,1.8);
#2408=CIRCLE('',#8133,0.2);
#2409=CIRCLE('',#8135,3.2);
#2410=CIRCLE('',#8136,0.2);
#2411=CIRCLE('',#8137,3.);
#2412=CIRCLE('',#8139,1.8);
#2413=CIRCLE('',#8141,3.2);
#2414=CIRCLE('',#8143,1.6);
#2415=CIRCLE('',#8144,0.2);
#2416=CIRCLE('',#8145,1.6);
#2417=CIRCLE('',#8147,1.6);
#2418=CIRCLE('',#8148,1.6);
#2419=CIRCLE('',#8150,3.);
#2420=CIRCLE('',#8151,0.2);
#2421=CIRCLE('',#8153,1.8);
#2422=CIRCLE('',#8155,0.2);
#2423=CIRCLE('',#8157,3.2);
#2424=CIRCLE('',#8158,0.2);
#2425=CIRCLE('',#8159,3.);
#2426=CIRCLE('',#8161,1.8);
#2427=CIRCLE('',#8163,3.2);
#2428=CIRCLE('',#8165,1.6);
#2429=CIRCLE('',#8166,0.2);
#2430=CIRCLE('',#8167,1.6);
#2431=CIRCLE('',#8169,1.6);
#2432=CIRCLE('',#8170,1.6);
#2433=CIRCLE('',#8172,3.);
#2434=CIRCLE('',#8173,0.2);
#2435=CIRCLE('',#8175,1.8);
#2436=CIRCLE('',#8177,0.2);
#2437=CIRCLE('',#8179,3.2);
#2438=CIRCLE('',#8180,0.2);
#2439=CIRCLE('',#8181,3.);
#2440=CIRCLE('',#8183,1.8);
#2441=CIRCLE('',#8185,3.2);
#2442=CIRCLE('',#8187,1.6);
#2443=CIRCLE('',#8188,0.2);
#2444=CIRCLE('',#8189,1.6);
#2445=CIRCLE('',#8191,1.6);
#2446=CIRCLE('',#8192,1.6);
#2447=CIRCLE('',#8194,3.);
#2448=CIRCLE('',#8195,0.2);
#2449=CIRCLE('',#8197,1.8);
#2450=CIRCLE('',#8199,0.2);
#2451=CIRCLE('',#8201,3.2);
#2452=CIRCLE('',#8202,0.2);
#2453=CIRCLE('',#8203,3.);
#2454=CIRCLE('',#8205,1.8);
#2455=CIRCLE('',#8207,3.2);
#2456=CIRCLE('',#8209,1.6);
#2457=CIRCLE('',#8210,0.2);
#2458=CIRCLE('',#8211,1.6);
#2459=CIRCLE('',#8213,1.6);
#2460=CIRCLE('',#8214,1.6);
#2461=CIRCLE('',#8216,3.);
#2462=CIRCLE('',#8217,0.2);
#2463=CIRCLE('',#8219,1.8);
#2464=CIRCLE('',#8221,0.2);
#2465=CIRCLE('',#8223,3.2);
#2466=CIRCLE('',#8224,0.2);
#2467=CIRCLE('',#8225,3.);
#2468=CIRCLE('',#8227,1.8);
#2469=CIRCLE('',#8229,3.2);
#2470=CIRCLE('',#8231,1.6);
#2471=CIRCLE('',#8232,0.2);
#2472=CIRCLE('',#8233,1.6);
#2473=CIRCLE('',#8235,1.6);
#2474=CIRCLE('',#8236,1.6);
#2475=CIRCLE('',#8238,3.);
#2476=CIRCLE('',#8239,0.2);
#2477=CIRCLE('',#8241,1.8);
#2478=CIRCLE('',#8243,0.2);
#2479=CIRCLE('',#8245,3.2);
#2480=CIRCLE('',#8246,0.2);
#2481=CIRCLE('',#8247,3.);
#2482=CIRCLE('',#8249,1.8);
#2483=CIRCLE('',#8251,3.2);
#2484=CIRCLE('',#8253,1.6);
#2485=CIRCLE('',#8254,0.2);
#2486=CIRCLE('',#8255,1.6);
#2487=CIRCLE('',#8257,1.6);
#2488=CIRCLE('',#8258,1.6);
#2489=CIRCLE('',#8260,3.);
#2490=CIRCLE('',#8261,0.2);
#2491=CIRCLE('',#8263,1.8);
#2492=CIRCLE('',#8265,0.2);
#2493=CIRCLE('',#8267,3.2);
#2494=CIRCLE('',#8268,0.2);
#2495=CIRCLE('',#8269,3.);
#2496=CIRCLE('',#8271,1.8);
#2497=CIRCLE('',#8273,3.2);
#2498=CIRCLE('',#8275,1.6);
#2499=CIRCLE('',#8276,0.2);
#2500=CIRCLE('',#8277,1.6);
#2501=CIRCLE('',#8279,1.6);
#2502=CIRCLE('',#8280,1.6);
#2503=CIRCLE('',#8282,3.);
#2504=CIRCLE('',#8283,0.2);
#2505=CIRCLE('',#8285,1.8);
#2506=CIRCLE('',#8287,0.2);
#2507=CIRCLE('',#8289,3.2);
#2508=CIRCLE('',#8290,0.2);
#2509=CIRCLE('',#8291,3.);
#2510=CIRCLE('',#8293,1.8);
#2511=CIRCLE('',#8295,3.2);
#2512=CIRCLE('',#8297,1.6);
#2513=CIRCLE('',#8298,0.2);
#2514=CIRCLE('',#8299,1.6);
#2515=CIRCLE('',#8301,1.6);
#2516=CIRCLE('',#8302,1.6);
#2517=CIRCLE('',#8304,3.);
#2518=CIRCLE('',#8305,0.2);
#2519=CIRCLE('',#8307,1.8);
#2520=CIRCLE('',#8309,0.2);
#2521=CIRCLE('',#8311,3.2);
#2522=CIRCLE('',#8312,0.2);
#2523=CIRCLE('',#8313,3.);
#2524=CIRCLE('',#8315,1.8);
#2525=CIRCLE('',#8317,3.2);
#2526=CIRCLE('',#8319,1.6);
#2527=CIRCLE('',#8320,0.2);
#2528=CIRCLE('',#8321,1.6);
#2529=CIRCLE('',#8323,1.6);
#2530=CIRCLE('',#8324,1.6);
#2531=CIRCLE('',#8326,3.);
#2532=CIRCLE('',#8327,0.2);
#2533=CIRCLE('',#8329,1.8);
#2534=CIRCLE('',#8331,0.2);
#2535=CIRCLE('',#8333,3.2);
#2536=CIRCLE('',#8334,0.2);
#2537=CIRCLE('',#8335,3.);
#2538=CIRCLE('',#8337,1.8);
#2539=CIRCLE('',#8339,3.2);
#2540=CIRCLE('',#8341,1.6);
#2541=CIRCLE('',#8342,0.2);
#2542=CIRCLE('',#8343,1.6);
#2543=CIRCLE('',#8345,1.6);
#2544=CIRCLE('',#8346,1.6);
#2545=CIRCLE('',#8348,3.);
#2546=CIRCLE('',#8349,0.2);
#2547=CIRCLE('',#8351,1.8);
#2548=CIRCLE('',#8353,0.2);
#2549=CIRCLE('',#8355,3.2);
#2550=CIRCLE('',#8356,0.2);
#2551=CIRCLE('',#8357,3.);
#2552=CIRCLE('',#8359,1.8);
#2553=CIRCLE('',#8361,3.2);
#2554=CIRCLE('',#8363,1.6);
#2555=CIRCLE('',#8364,0.2);
#2556=CIRCLE('',#8365,1.6);
#2557=CIRCLE('',#8367,1.6);
#2558=CIRCLE('',#8368,1.6);
#2559=CIRCLE('',#8370,3.);
#2560=CIRCLE('',#8371,0.2);
#2561=CIRCLE('',#8373,1.8);
#2562=CIRCLE('',#8375,0.2);
#2563=CIRCLE('',#8377,3.2);
#2564=CIRCLE('',#8378,0.2);
#2565=CIRCLE('',#8379,3.);
#2566=CIRCLE('',#8381,1.8);
#2567=CIRCLE('',#8383,3.2);
#2568=CIRCLE('',#8385,1.6);
#2569=CIRCLE('',#8386,0.2);
#2570=CIRCLE('',#8387,1.6);
#2571=CIRCLE('',#8389,1.6);
#2572=CIRCLE('',#8390,1.6);
#2573=CIRCLE('',#8392,3.);
#2574=CIRCLE('',#8393,0.2);
#2575=CIRCLE('',#8395,1.8);
#2576=CIRCLE('',#8397,0.2);
#2577=CIRCLE('',#8399,3.2);
#2578=CIRCLE('',#8400,0.2);
#2579=CIRCLE('',#8401,3.);
#2580=CIRCLE('',#8403,1.8);
#2581=CIRCLE('',#8405,3.2);
#2582=CIRCLE('',#8407,1.6);
#2583=CIRCLE('',#8408,0.2);
#2584=CIRCLE('',#8409,1.6);
#2585=CIRCLE('',#8411,1.6);
#2586=CIRCLE('',#8412,1.6);
#2587=CIRCLE('',#8414,3.);
#2588=CIRCLE('',#8415,0.2);
#2589=CIRCLE('',#8417,1.8);
#2590=CIRCLE('',#8419,0.2);
#2591=CIRCLE('',#8421,3.2);
#2592=CIRCLE('',#8422,0.2);
#2593=CIRCLE('',#8423,3.);
#2594=CIRCLE('',#8425,1.8);
#2595=CIRCLE('',#8427,3.2);
#2596=CIRCLE('',#8429,1.6);
#2597=CIRCLE('',#8430,0.2);
#2598=CIRCLE('',#8431,1.6);
#2599=CIRCLE('',#8433,1.6);
#2600=CIRCLE('',#8434,1.6);
#2601=CIRCLE('',#8436,3.);
#2602=CIRCLE('',#8437,0.2);
#2603=CIRCLE('',#8439,1.8);
#2604=CIRCLE('',#8441,0.2);
#2605=CIRCLE('',#8443,3.2);
#2606=CIRCLE('',#8444,0.2);
#2607=CIRCLE('',#8445,3.);
#2608=CIRCLE('',#8447,1.8);
#2609=CIRCLE('',#8449,3.2);
#2610=CIRCLE('',#8451,1.6);
#2611=CIRCLE('',#8452,0.2);
#2612=CIRCLE('',#8453,1.6);
#2613=CIRCLE('',#8455,1.6);
#2614=CIRCLE('',#8456,1.6);
#2615=CIRCLE('',#8458,3.);
#2616=CIRCLE('',#8459,0.2);
#2617=CIRCLE('',#8461,1.8);
#2618=CIRCLE('',#8463,0.2);
#2619=CIRCLE('',#8465,3.2);
#2620=CIRCLE('',#8466,0.2);
#2621=CIRCLE('',#8467,3.);
#2622=CIRCLE('',#8469,1.8);
#2623=CIRCLE('',#8471,3.2);
#2624=CIRCLE('',#8473,1.6);
#2625=CIRCLE('',#8474,0.2);
#2626=CIRCLE('',#8475,1.6);
#2627=CIRCLE('',#8477,1.6);
#2628=CIRCLE('',#8478,1.6);
#2629=CIRCLE('',#8480,3.);
#2630=CIRCLE('',#8481,0.2);
#2631=CIRCLE('',#8483,1.8);
#2632=CIRCLE('',#8485,0.2);
#2633=CIRCLE('',#8487,3.2);
#2634=CIRCLE('',#8488,0.2);
#2635=CIRCLE('',#8489,3.);
#2636=CIRCLE('',#8491,1.8);
#2637=CIRCLE('',#8493,3.2);
#2638=CIRCLE('',#8495,1.6);
#2639=CIRCLE('',#8496,0.2);
#2640=CIRCLE('',#8497,1.6);
#2641=CIRCLE('',#8499,1.6);
#2642=CIRCLE('',#8500,1.6);
#2643=CIRCLE('',#8502,3.);
#2644=CIRCLE('',#8503,0.2);
#2645=CIRCLE('',#8505,1.8);
#2646=CIRCLE('',#8507,0.2);
#2647=CIRCLE('',#8509,3.2);
#2648=CIRCLE('',#8510,0.2);
#2649=CIRCLE('',#8511,3.);
#2650=CIRCLE('',#8513,1.8);
#2651=CIRCLE('',#8515,3.2);
#2652=CIRCLE('',#8517,1.6);
#2653=CIRCLE('',#8518,0.2);
#2654=CIRCLE('',#8519,1.6);
#2655=CIRCLE('',#8521,1.6);
#2656=CIRCLE('',#8522,1.6);
#2657=CIRCLE('',#8524,3.);
#2658=CIRCLE('',#8525,0.2);
#2659=CIRCLE('',#8527,1.8);
#2660=CIRCLE('',#8529,0.2);
#2661=CIRCLE('',#8531,3.2);
#2662=CIRCLE('',#8532,0.2);
#2663=CIRCLE('',#8533,3.);
#2664=CIRCLE('',#8535,1.8);
#2665=CIRCLE('',#8537,3.2);
#2666=CIRCLE('',#8539,1.6);
#2667=CIRCLE('',#8540,0.2);
#2668=CIRCLE('',#8541,1.6);
#2669=CIRCLE('',#8543,1.6);
#2670=CIRCLE('',#8544,1.6);
#2671=CIRCLE('',#8546,3.);
#2672=CIRCLE('',#8547,0.2);
#2673=CIRCLE('',#8549,1.8);
#2674=CIRCLE('',#8551,0.2);
#2675=CIRCLE('',#8553,3.2);
#2676=CIRCLE('',#8554,0.2);
#2677=CIRCLE('',#8555,3.);
#2678=CIRCLE('',#8557,1.8);
#2679=CIRCLE('',#8559,3.2);
#2680=CIRCLE('',#8561,1.6);
#2681=CIRCLE('',#8562,0.2);
#2682=CIRCLE('',#8563,1.6);
#2683=CIRCLE('',#8565,1.6);
#2684=CIRCLE('',#8566,1.6);
#2685=CIRCLE('',#8568,3.);
#2686=CIRCLE('',#8569,0.2);
#2687=CIRCLE('',#8571,1.8);
#2688=CIRCLE('',#8573,0.2);
#2689=CIRCLE('',#8575,3.2);
#2690=CIRCLE('',#8576,0.2);
#2691=CIRCLE('',#8577,3.);
#2692=CIRCLE('',#8579,1.8);
#2693=CIRCLE('',#8581,3.2);
#2694=CIRCLE('',#8583,1.6);
#2695=CIRCLE('',#8584,0.2);
#2696=CIRCLE('',#8585,1.6);
#2697=CIRCLE('',#8587,1.6);
#2698=CIRCLE('',#8588,1.6);
#2699=CIRCLE('',#8590,3.);
#2700=CIRCLE('',#8591,0.2);
#2701=CIRCLE('',#8593,1.8);
#2702=CIRCLE('',#8595,0.2);
#2703=CIRCLE('',#8597,3.2);
#2704=CIRCLE('',#8598,0.2);
#2705=CIRCLE('',#8599,3.);
#2706=CIRCLE('',#8601,1.8);
#2707=CIRCLE('',#8603,3.2);
#2708=CIRCLE('',#8605,1.6);
#2709=CIRCLE('',#8606,0.2);
#2710=CIRCLE('',#8607,1.6);
#2711=CIRCLE('',#8609,1.6);
#2712=CIRCLE('',#8610,1.6);
#2713=CIRCLE('',#8612,3.);
#2714=CIRCLE('',#8613,0.2);
#2715=CIRCLE('',#8615,1.8);
#2716=CIRCLE('',#8617,0.2);
#2717=CIRCLE('',#8619,3.2);
#2718=CIRCLE('',#8620,0.2);
#2719=CIRCLE('',#8621,3.);
#2720=CIRCLE('',#8623,1.8);
#2721=CIRCLE('',#8625,3.2);
#2722=CIRCLE('',#8627,1.6);
#2723=CIRCLE('',#8628,0.2);
#2724=CIRCLE('',#8629,1.6);
#2725=CIRCLE('',#8631,1.6);
#2726=CIRCLE('',#8632,1.6);
#2727=CIRCLE('',#8634,3.);
#2728=CIRCLE('',#8635,0.2);
#2729=CIRCLE('',#8637,1.8);
#2730=CIRCLE('',#8639,0.2);
#2731=CIRCLE('',#8641,3.2);
#2732=CIRCLE('',#8642,0.2);
#2733=CIRCLE('',#8643,3.);
#2734=CIRCLE('',#8645,1.8);
#2735=CIRCLE('',#8647,3.2);
#2736=CIRCLE('',#8649,1.6);
#2737=CIRCLE('',#8650,0.2);
#2738=CIRCLE('',#8651,1.6);
#2739=CIRCLE('',#8653,1.6);
#2740=CIRCLE('',#8654,1.6);
#2741=CIRCLE('',#8656,3.);
#2742=CIRCLE('',#8657,0.2);
#2743=CIRCLE('',#8659,1.8);
#2744=CIRCLE('',#8661,0.2);
#2745=CIRCLE('',#8663,3.2);
#2746=CIRCLE('',#8664,0.2);
#2747=CIRCLE('',#8665,3.);
#2748=CIRCLE('',#8667,1.8);
#2749=CIRCLE('',#8669,3.2);
#2750=CIRCLE('',#8671,1.6);
#2751=CIRCLE('',#8672,0.2);
#2752=CIRCLE('',#8673,1.6);
#2753=CIRCLE('',#8675,1.6);
#2754=CIRCLE('',#8676,1.6);
#2755=CIRCLE('',#8678,3.);
#2756=CIRCLE('',#8679,0.2);
#2757=CIRCLE('',#8681,1.8);
#2758=CIRCLE('',#8683,0.2);
#2759=CIRCLE('',#8685,3.2);
#2760=CIRCLE('',#8686,0.2);
#2761=CIRCLE('',#8687,3.);
#2762=CIRCLE('',#8689,1.8);
#2763=CIRCLE('',#8691,3.2);
#2764=CIRCLE('',#8693,1.6);
#2765=CIRCLE('',#8694,0.2);
#2766=CIRCLE('',#8695,1.6);
#2767=CIRCLE('',#8697,1.6);
#2768=CIRCLE('',#8698,1.6);
#2769=CIRCLE('',#8700,3.);
#2770=CIRCLE('',#8701,0.2);
#2771=CIRCLE('',#8703,1.8);
#2772=CIRCLE('',#8705,0.2);
#2773=CIRCLE('',#8707,3.2);
#2774=CIRCLE('',#8708,0.2);
#2775=CIRCLE('',#8709,3.);
#2776=CIRCLE('',#8711,1.8);
#2777=CIRCLE('',#8713,3.2);
#2778=CIRCLE('',#8715,1.6);
#2779=CIRCLE('',#8716,0.2);
#2780=CIRCLE('',#8717,1.6);
#2781=CIRCLE('',#8719,1.6);
#2782=CIRCLE('',#8720,1.6);
#2783=CIRCLE('',#8722,3.);
#2784=CIRCLE('',#8723,0.2);
#2785=CIRCLE('',#8725,1.8);
#2786=CIRCLE('',#8727,0.2);
#2787=CIRCLE('',#8729,3.2);
#2788=CIRCLE('',#8730,0.2);
#2789=CIRCLE('',#8731,3.);
#2790=CIRCLE('',#8733,1.8);
#2791=CIRCLE('',#8735,3.2);
#2792=CIRCLE('',#8737,1.6);
#2793=CIRCLE('',#8738,0.2);
#2794=CIRCLE('',#8739,1.6);
#2795=CIRCLE('',#8741,1.6);
#2796=CIRCLE('',#8742,1.6);
#2797=CIRCLE('',#8744,3.);
#2798=CIRCLE('',#8745,0.2);
#2799=CIRCLE('',#8747,1.8);
#2800=CIRCLE('',#8749,0.2);
#2801=CIRCLE('',#8751,3.2);
#2802=CIRCLE('',#8752,0.2);
#2803=CIRCLE('',#8753,3.);
#2804=CIRCLE('',#8755,1.8);
#2805=CIRCLE('',#8757,3.2);
#2806=CIRCLE('',#8759,1.6);
#2807=CIRCLE('',#8760,0.2);
#2808=CIRCLE('',#8761,1.6);
#2809=CIRCLE('',#8763,1.6);
#2810=CIRCLE('',#8764,1.6);
#2811=CIRCLE('',#8766,3.);
#2812=CIRCLE('',#8767,0.2);
#2813=CIRCLE('',#8769,1.8);
#2814=CIRCLE('',#8771,0.2);
#2815=CIRCLE('',#8773,3.2);
#2816=CIRCLE('',#8774,0.2);
#2817=CIRCLE('',#8775,3.);
#2818=CIRCLE('',#8777,1.8);
#2819=CIRCLE('',#8779,3.2);
#2820=CIRCLE('',#8781,1.6);
#2821=CIRCLE('',#8782,0.2);
#2822=CIRCLE('',#8783,1.6);
#2823=CIRCLE('',#8785,1.6);
#2824=CIRCLE('',#8786,1.6);
#2825=CIRCLE('',#8788,3.);
#2826=CIRCLE('',#8789,0.2);
#2827=CIRCLE('',#8791,1.8);
#2828=CIRCLE('',#8793,0.2);
#2829=VERTEX_POINT('',#11742);
#2830=VERTEX_POINT('',#11744);
#2831=VERTEX_POINT('',#11748);
#2832=VERTEX_POINT('',#11751);
#2833=VERTEX_POINT('',#11755);
#2834=VERTEX_POINT('',#11756);
#2835=VERTEX_POINT('',#11761);
#2836=VERTEX_POINT('',#11762);
#2837=VERTEX_POINT('',#11767);
#2838=VERTEX_POINT('',#11771);
#2839=VERTEX_POINT('',#11776);
#2840=VERTEX_POINT('',#11778);
#2841=VERTEX_POINT('',#11782);
#2842=VERTEX_POINT('',#11785);
#2843=VERTEX_POINT('',#11789);
#2844=VERTEX_POINT('',#11790);
#2845=VERTEX_POINT('',#11795);
#2846=VERTEX_POINT('',#11796);
#2847=VERTEX_POINT('',#11801);
#2848=VERTEX_POINT('',#11805);
#2849=VERTEX_POINT('',#11810);
#2850=VERTEX_POINT('',#11812);
#2851=VERTEX_POINT('',#11816);
#2852=VERTEX_POINT('',#11819);
#2853=VERTEX_POINT('',#11823);
#2854=VERTEX_POINT('',#11824);
#2855=VERTEX_POINT('',#11829);
#2856=VERTEX_POINT('',#11830);
#2857=VERTEX_POINT('',#11835);
#2858=VERTEX_POINT('',#11839);
#2859=VERTEX_POINT('',#11844);
#2860=VERTEX_POINT('',#11846);
#2861=VERTEX_POINT('',#11850);
#2862=VERTEX_POINT('',#11853);
#2863=VERTEX_POINT('',#11857);
#2864=VERTEX_POINT('',#11858);
#2865=VERTEX_POINT('',#11863);
#2866=VERTEX_POINT('',#11864);
#2867=VERTEX_POINT('',#11869);
#2868=VERTEX_POINT('',#11873);
#2869=VERTEX_POINT('',#11878);
#2870=VERTEX_POINT('',#11880);
#2871=VERTEX_POINT('',#11884);
#2872=VERTEX_POINT('',#11887);
#2873=VERTEX_POINT('',#11891);
#2874=VERTEX_POINT('',#11892);
#2875=VERTEX_POINT('',#11897);
#2876=VERTEX_POINT('',#11898);
#2877=VERTEX_POINT('',#11903);
#2878=VERTEX_POINT('',#11907);
#2879=VERTEX_POINT('',#11912);
#2880=VERTEX_POINT('',#11914);
#2881=VERTEX_POINT('',#11918);
#2882=VERTEX_POINT('',#11921);
#2883=VERTEX_POINT('',#11925);
#2884=VERTEX_POINT('',#11926);
#2885=VERTEX_POINT('',#11931);
#2886=VERTEX_POINT('',#11932);
#2887=VERTEX_POINT('',#11937);
#2888=VERTEX_POINT('',#11941);
#2889=VERTEX_POINT('',#11946);
#2890=VERTEX_POINT('',#11948);
#2891=VERTEX_POINT('',#11952);
#2892=VERTEX_POINT('',#11955);
#2893=VERTEX_POINT('',#11959);
#2894=VERTEX_POINT('',#11960);
#2895=VERTEX_POINT('',#11965);
#2896=VERTEX_POINT('',#11966);
#2897=VERTEX_POINT('',#11971);
#2898=VERTEX_POINT('',#11975);
#2899=VERTEX_POINT('',#11980);
#2900=VERTEX_POINT('',#11982);
#2901=VERTEX_POINT('',#11986);
#2902=VERTEX_POINT('',#11989);
#2903=VERTEX_POINT('',#11993);
#2904=VERTEX_POINT('',#11994);
#2905=VERTEX_POINT('',#11999);
#2906=VERTEX_POINT('',#12000);
#2907=VERTEX_POINT('',#12005);
#2908=VERTEX_POINT('',#12009);
#2909=VERTEX_POINT('',#12014);
#2910=VERTEX_POINT('',#12016);
#2911=VERTEX_POINT('',#12020);
#2912=VERTEX_POINT('',#12023);
#2913=VERTEX_POINT('',#12027);
#2914=VERTEX_POINT('',#12028);
#2915=VERTEX_POINT('',#12033);
#2916=VERTEX_POINT('',#12034);
#2917=VERTEX_POINT('',#12039);
#2918=VERTEX_POINT('',#12043);
#2919=VERTEX_POINT('',#12048);
#2920=VERTEX_POINT('',#12050);
#2921=VERTEX_POINT('',#12054);
#2922=VERTEX_POINT('',#12057);
#2923=VERTEX_POINT('',#12061);
#2924=VERTEX_POINT('',#12062);
#2925=VERTEX_POINT('',#12067);
#2926=VERTEX_POINT('',#12068);
#2927=VERTEX_POINT('',#12073);
#2928=VERTEX_POINT('',#12077);
#2929=VERTEX_POINT('',#12082);
#2930=VERTEX_POINT('',#12084);
#2931=VERTEX_POINT('',#12088);
#2932=VERTEX_POINT('',#12091);
#2933=VERTEX_POINT('',#12095);
#2934=VERTEX_POINT('',#12096);
#2935=VERTEX_POINT('',#12101);
#2936=VERTEX_POINT('',#12102);
#2937=VERTEX_POINT('',#12107);
#2938=VERTEX_POINT('',#12111);
#2939=VERTEX_POINT('',#12116);
#2940=VERTEX_POINT('',#12118);
#2941=VERTEX_POINT('',#12122);
#2942=VERTEX_POINT('',#12125);
#2943=VERTEX_POINT('',#12129);
#2944=VERTEX_POINT('',#12130);
#2945=VERTEX_POINT('',#12135);
#2946=VERTEX_POINT('',#12136);
#2947=VERTEX_POINT('',#12141);
#2948=VERTEX_POINT('',#12145);
#2949=VERTEX_POINT('',#12150);
#2950=VERTEX_POINT('',#12152);
#2951=VERTEX_POINT('',#12156);
#2952=VERTEX_POINT('',#12159);
#2953=VERTEX_POINT('',#12163);
#2954=VERTEX_POINT('',#12164);
#2955=VERTEX_POINT('',#12169);
#2956=VERTEX_POINT('',#12170);
#2957=VERTEX_POINT('',#12175);
#2958=VERTEX_POINT('',#12179);
#2959=VERTEX_POINT('',#12184);
#2960=VERTEX_POINT('',#12186);
#2961=VERTEX_POINT('',#12190);
#2962=VERTEX_POINT('',#12193);
#2963=VERTEX_POINT('',#12197);
#2964=VERTEX_POINT('',#12198);
#2965=VERTEX_POINT('',#12203);
#2966=VERTEX_POINT('',#12204);
#2967=VERTEX_POINT('',#12209);
#2968=VERTEX_POINT('',#12213);
#2969=VERTEX_POINT('',#12218);
#2970=VERTEX_POINT('',#12220);
#2971=VERTEX_POINT('',#12224);
#2972=VERTEX_POINT('',#12227);
#2973=VERTEX_POINT('',#12231);
#2974=VERTEX_POINT('',#12232);
#2975=VERTEX_POINT('',#12237);
#2976=VERTEX_POINT('',#12238);
#2977=VERTEX_POINT('',#12243);
#2978=VERTEX_POINT('',#12247);
#2979=VERTEX_POINT('',#12252);
#2980=VERTEX_POINT('',#12254);
#2981=VERTEX_POINT('',#12258);
#2982=VERTEX_POINT('',#12261);
#2983=VERTEX_POINT('',#12265);
#2984=VERTEX_POINT('',#12266);
#2985=VERTEX_POINT('',#12271);
#2986=VERTEX_POINT('',#12272);
#2987=VERTEX_POINT('',#12277);
#2988=VERTEX_POINT('',#12281);
#2989=VERTEX_POINT('',#12286);
#2990=VERTEX_POINT('',#12288);
#2991=VERTEX_POINT('',#12292);
#2992=VERTEX_POINT('',#12295);
#2993=VERTEX_POINT('',#12299);
#2994=VERTEX_POINT('',#12300);
#2995=VERTEX_POINT('',#12305);
#2996=VERTEX_POINT('',#12306);
#2997=VERTEX_POINT('',#12311);
#2998=VERTEX_POINT('',#12315);
#2999=VERTEX_POINT('',#12320);
#3000=VERTEX_POINT('',#12322);
#3001=VERTEX_POINT('',#12326);
#3002=VERTEX_POINT('',#12329);
#3003=VERTEX_POINT('',#12333);
#3004=VERTEX_POINT('',#12334);
#3005=VERTEX_POINT('',#12339);
#3006=VERTEX_POINT('',#12340);
#3007=VERTEX_POINT('',#12345);
#3008=VERTEX_POINT('',#12349);
#3009=VERTEX_POINT('',#12354);
#3010=VERTEX_POINT('',#12356);
#3011=VERTEX_POINT('',#12360);
#3012=VERTEX_POINT('',#12363);
#3013=VERTEX_POINT('',#12367);
#3014=VERTEX_POINT('',#12368);
#3015=VERTEX_POINT('',#12373);
#3016=VERTEX_POINT('',#12374);
#3017=VERTEX_POINT('',#12379);
#3018=VERTEX_POINT('',#12383);
#3019=VERTEX_POINT('',#12388);
#3020=VERTEX_POINT('',#12390);
#3021=VERTEX_POINT('',#12394);
#3022=VERTEX_POINT('',#12397);
#3023=VERTEX_POINT('',#12401);
#3024=VERTEX_POINT('',#12402);
#3025=VERTEX_POINT('',#12407);
#3026=VERTEX_POINT('',#12408);
#3027=VERTEX_POINT('',#12413);
#3028=VERTEX_POINT('',#12417);
#3029=VERTEX_POINT('',#12422);
#3030=VERTEX_POINT('',#12424);
#3031=VERTEX_POINT('',#12428);
#3032=VERTEX_POINT('',#12431);
#3033=VERTEX_POINT('',#12435);
#3034=VERTEX_POINT('',#12436);
#3035=VERTEX_POINT('',#12441);
#3036=VERTEX_POINT('',#12442);
#3037=VERTEX_POINT('',#12447);
#3038=VERTEX_POINT('',#12451);
#3039=VERTEX_POINT('',#12456);
#3040=VERTEX_POINT('',#12458);
#3041=VERTEX_POINT('',#12462);
#3042=VERTEX_POINT('',#12465);
#3043=VERTEX_POINT('',#12469);
#3044=VERTEX_POINT('',#12470);
#3045=VERTEX_POINT('',#12475);
#3046=VERTEX_POINT('',#12476);
#3047=VERTEX_POINT('',#12481);
#3048=VERTEX_POINT('',#12485);
#3049=VERTEX_POINT('',#12490);
#3050=VERTEX_POINT('',#12492);
#3051=VERTEX_POINT('',#12496);
#3052=VERTEX_POINT('',#12499);
#3053=VERTEX_POINT('',#12503);
#3054=VERTEX_POINT('',#12504);
#3055=VERTEX_POINT('',#12509);
#3056=VERTEX_POINT('',#12510);
#3057=VERTEX_POINT('',#12515);
#3058=VERTEX_POINT('',#12519);
#3059=VERTEX_POINT('',#12524);
#3060=VERTEX_POINT('',#12526);
#3061=VERTEX_POINT('',#12530);
#3062=VERTEX_POINT('',#12533);
#3063=VERTEX_POINT('',#12537);
#3064=VERTEX_POINT('',#12538);
#3065=VERTEX_POINT('',#12543);
#3066=VERTEX_POINT('',#12544);
#3067=VERTEX_POINT('',#12549);
#3068=VERTEX_POINT('',#12553);
#3069=VERTEX_POINT('',#12558);
#3070=VERTEX_POINT('',#12560);
#3071=VERTEX_POINT('',#12564);
#3072=VERTEX_POINT('',#12567);
#3073=VERTEX_POINT('',#12571);
#3074=VERTEX_POINT('',#12572);
#3075=VERTEX_POINT('',#12577);
#3076=VERTEX_POINT('',#12578);
#3077=VERTEX_POINT('',#12583);
#3078=VERTEX_POINT('',#12587);
#3079=VERTEX_POINT('',#12592);
#3080=VERTEX_POINT('',#12594);
#3081=VERTEX_POINT('',#12598);
#3082=VERTEX_POINT('',#12601);
#3083=VERTEX_POINT('',#12605);
#3084=VERTEX_POINT('',#12606);
#3085=VERTEX_POINT('',#12611);
#3086=VERTEX_POINT('',#12612);
#3087=VERTEX_POINT('',#12617);
#3088=VERTEX_POINT('',#12621);
#3089=VERTEX_POINT('',#12626);
#3090=VERTEX_POINT('',#12628);
#3091=VERTEX_POINT('',#12632);
#3092=VERTEX_POINT('',#12635);
#3093=VERTEX_POINT('',#12639);
#3094=VERTEX_POINT('',#12640);
#3095=VERTEX_POINT('',#12645);
#3096=VERTEX_POINT('',#12646);
#3097=VERTEX_POINT('',#12651);
#3098=VERTEX_POINT('',#12655);
#3099=VERTEX_POINT('',#12660);
#3100=VERTEX_POINT('',#12662);
#3101=VERTEX_POINT('',#12666);
#3102=VERTEX_POINT('',#12669);
#3103=VERTEX_POINT('',#12673);
#3104=VERTEX_POINT('',#12674);
#3105=VERTEX_POINT('',#12679);
#3106=VERTEX_POINT('',#12680);
#3107=VERTEX_POINT('',#12685);
#3108=VERTEX_POINT('',#12689);
#3109=VERTEX_POINT('',#12694);
#3110=VERTEX_POINT('',#12696);
#3111=VERTEX_POINT('',#12700);
#3112=VERTEX_POINT('',#12703);
#3113=VERTEX_POINT('',#12707);
#3114=VERTEX_POINT('',#12708);
#3115=VERTEX_POINT('',#12713);
#3116=VERTEX_POINT('',#12714);
#3117=VERTEX_POINT('',#12719);
#3118=VERTEX_POINT('',#12723);
#3119=VERTEX_POINT('',#12728);
#3120=VERTEX_POINT('',#12730);
#3121=VERTEX_POINT('',#12734);
#3122=VERTEX_POINT('',#12737);
#3123=VERTEX_POINT('',#12741);
#3124=VERTEX_POINT('',#12742);
#3125=VERTEX_POINT('',#12747);
#3126=VERTEX_POINT('',#12748);
#3127=VERTEX_POINT('',#12753);
#3128=VERTEX_POINT('',#12757);
#3129=VERTEX_POINT('',#12762);
#3130=VERTEX_POINT('',#12764);
#3131=VERTEX_POINT('',#12768);
#3132=VERTEX_POINT('',#12771);
#3133=VERTEX_POINT('',#12775);
#3134=VERTEX_POINT('',#12776);
#3135=VERTEX_POINT('',#12781);
#3136=VERTEX_POINT('',#12782);
#3137=VERTEX_POINT('',#12787);
#3138=VERTEX_POINT('',#12791);
#3139=VERTEX_POINT('',#12796);
#3140=VERTEX_POINT('',#12798);
#3141=VERTEX_POINT('',#12802);
#3142=VERTEX_POINT('',#12805);
#3143=VERTEX_POINT('',#12809);
#3144=VERTEX_POINT('',#12810);
#3145=VERTEX_POINT('',#12815);
#3146=VERTEX_POINT('',#12816);
#3147=VERTEX_POINT('',#12821);
#3148=VERTEX_POINT('',#12825);
#3149=VERTEX_POINT('',#12830);
#3150=VERTEX_POINT('',#12832);
#3151=VERTEX_POINT('',#12836);
#3152=VERTEX_POINT('',#12839);
#3153=VERTEX_POINT('',#12843);
#3154=VERTEX_POINT('',#12844);
#3155=VERTEX_POINT('',#12849);
#3156=VERTEX_POINT('',#12850);
#3157=VERTEX_POINT('',#12855);
#3158=VERTEX_POINT('',#12859);
#3159=VERTEX_POINT('',#12864);
#3160=VERTEX_POINT('',#12866);
#3161=VERTEX_POINT('',#12870);
#3162=VERTEX_POINT('',#12873);
#3163=VERTEX_POINT('',#12877);
#3164=VERTEX_POINT('',#12878);
#3165=VERTEX_POINT('',#12883);
#3166=VERTEX_POINT('',#12884);
#3167=VERTEX_POINT('',#12889);
#3168=VERTEX_POINT('',#12893);
#3169=VERTEX_POINT('',#12898);
#3170=VERTEX_POINT('',#12900);
#3171=VERTEX_POINT('',#12904);
#3172=VERTEX_POINT('',#12907);
#3173=VERTEX_POINT('',#12911);
#3174=VERTEX_POINT('',#12912);
#3175=VERTEX_POINT('',#12917);
#3176=VERTEX_POINT('',#12918);
#3177=VERTEX_POINT('',#12923);
#3178=VERTEX_POINT('',#12927);
#3179=VERTEX_POINT('',#12932);
#3180=VERTEX_POINT('',#12934);
#3181=VERTEX_POINT('',#12938);
#3182=VERTEX_POINT('',#12941);
#3183=VERTEX_POINT('',#12945);
#3184=VERTEX_POINT('',#12946);
#3185=VERTEX_POINT('',#12951);
#3186=VERTEX_POINT('',#12952);
#3187=VERTEX_POINT('',#12957);
#3188=VERTEX_POINT('',#12961);
#3189=VERTEX_POINT('',#12966);
#3190=VERTEX_POINT('',#12968);
#3191=VERTEX_POINT('',#12972);
#3192=VERTEX_POINT('',#12975);
#3193=VERTEX_POINT('',#12979);
#3194=VERTEX_POINT('',#12980);
#3195=VERTEX_POINT('',#12985);
#3196=VERTEX_POINT('',#12986);
#3197=VERTEX_POINT('',#12991);
#3198=VERTEX_POINT('',#12995);
#3199=VERTEX_POINT('',#13000);
#3200=VERTEX_POINT('',#13002);
#3201=VERTEX_POINT('',#13006);
#3202=VERTEX_POINT('',#13009);
#3203=VERTEX_POINT('',#13013);
#3204=VERTEX_POINT('',#13014);
#3205=VERTEX_POINT('',#13019);
#3206=VERTEX_POINT('',#13020);
#3207=VERTEX_POINT('',#13025);
#3208=VERTEX_POINT('',#13029);
#3209=VERTEX_POINT('',#13034);
#3210=VERTEX_POINT('',#13036);
#3211=VERTEX_POINT('',#13040);
#3212=VERTEX_POINT('',#13043);
#3213=VERTEX_POINT('',#13047);
#3214=VERTEX_POINT('',#13048);
#3215=VERTEX_POINT('',#13053);
#3216=VERTEX_POINT('',#13054);
#3217=VERTEX_POINT('',#13059);
#3218=VERTEX_POINT('',#13063);
#3219=VERTEX_POINT('',#13068);
#3220=VERTEX_POINT('',#13070);
#3221=VERTEX_POINT('',#13074);
#3222=VERTEX_POINT('',#13077);
#3223=VERTEX_POINT('',#13081);
#3224=VERTEX_POINT('',#13082);
#3225=VERTEX_POINT('',#13087);
#3226=VERTEX_POINT('',#13088);
#3227=VERTEX_POINT('',#13093);
#3228=VERTEX_POINT('',#13097);
#3229=VERTEX_POINT('',#13102);
#3230=VERTEX_POINT('',#13104);
#3231=VERTEX_POINT('',#13108);
#3232=VERTEX_POINT('',#13111);
#3233=VERTEX_POINT('',#13115);
#3234=VERTEX_POINT('',#13116);
#3235=VERTEX_POINT('',#13121);
#3236=VERTEX_POINT('',#13122);
#3237=VERTEX_POINT('',#13127);
#3238=VERTEX_POINT('',#13131);
#3239=VERTEX_POINT('',#13136);
#3240=VERTEX_POINT('',#13138);
#3241=VERTEX_POINT('',#13142);
#3242=VERTEX_POINT('',#13145);
#3243=VERTEX_POINT('',#13149);
#3244=VERTEX_POINT('',#13150);
#3245=VERTEX_POINT('',#13155);
#3246=VERTEX_POINT('',#13156);
#3247=VERTEX_POINT('',#13161);
#3248=VERTEX_POINT('',#13165);
#3249=VERTEX_POINT('',#13170);
#3250=VERTEX_POINT('',#13172);
#3251=VERTEX_POINT('',#13176);
#3252=VERTEX_POINT('',#13179);
#3253=VERTEX_POINT('',#13183);
#3254=VERTEX_POINT('',#13184);
#3255=VERTEX_POINT('',#13189);
#3256=VERTEX_POINT('',#13190);
#3257=VERTEX_POINT('',#13195);
#3258=VERTEX_POINT('',#13199);
#3259=VERTEX_POINT('',#13204);
#3260=VERTEX_POINT('',#13206);
#3261=VERTEX_POINT('',#13210);
#3262=VERTEX_POINT('',#13213);
#3263=VERTEX_POINT('',#13217);
#3264=VERTEX_POINT('',#13218);
#3265=VERTEX_POINT('',#13223);
#3266=VERTEX_POINT('',#13224);
#3267=VERTEX_POINT('',#13229);
#3268=VERTEX_POINT('',#13233);
#3269=VERTEX_POINT('',#13238);
#3270=VERTEX_POINT('',#13240);
#3271=VERTEX_POINT('',#13244);
#3272=VERTEX_POINT('',#13247);
#3273=VERTEX_POINT('',#13251);
#3274=VERTEX_POINT('',#13252);
#3275=VERTEX_POINT('',#13257);
#3276=VERTEX_POINT('',#13258);
#3277=VERTEX_POINT('',#13263);
#3278=VERTEX_POINT('',#13267);
#3279=VERTEX_POINT('',#13272);
#3280=VERTEX_POINT('',#13274);
#3281=VERTEX_POINT('',#13278);
#3282=VERTEX_POINT('',#13281);
#3283=VERTEX_POINT('',#13285);
#3284=VERTEX_POINT('',#13286);
#3285=VERTEX_POINT('',#13291);
#3286=VERTEX_POINT('',#13292);
#3287=VERTEX_POINT('',#13297);
#3288=VERTEX_POINT('',#13301);
#3289=VERTEX_POINT('',#13306);
#3290=VERTEX_POINT('',#13308);
#3291=VERTEX_POINT('',#13312);
#3292=VERTEX_POINT('',#13315);
#3293=VERTEX_POINT('',#13319);
#3294=VERTEX_POINT('',#13320);
#3295=VERTEX_POINT('',#13325);
#3296=VERTEX_POINT('',#13326);
#3297=VERTEX_POINT('',#13331);
#3298=VERTEX_POINT('',#13335);
#3299=VERTEX_POINT('',#13340);
#3300=VERTEX_POINT('',#13342);
#3301=VERTEX_POINT('',#13346);
#3302=VERTEX_POINT('',#13349);
#3303=VERTEX_POINT('',#13353);
#3304=VERTEX_POINT('',#13354);
#3305=VERTEX_POINT('',#13359);
#3306=VERTEX_POINT('',#13360);
#3307=VERTEX_POINT('',#13365);
#3308=VERTEX_POINT('',#13369);
#3309=VERTEX_POINT('',#13374);
#3310=VERTEX_POINT('',#13376);
#3311=VERTEX_POINT('',#13380);
#3312=VERTEX_POINT('',#13383);
#3313=VERTEX_POINT('',#13387);
#3314=VERTEX_POINT('',#13388);
#3315=VERTEX_POINT('',#13393);
#3316=VERTEX_POINT('',#13394);
#3317=VERTEX_POINT('',#13399);
#3318=VERTEX_POINT('',#13403);
#3319=VERTEX_POINT('',#13408);
#3320=VERTEX_POINT('',#13410);
#3321=VERTEX_POINT('',#13414);
#3322=VERTEX_POINT('',#13417);
#3323=VERTEX_POINT('',#13421);
#3324=VERTEX_POINT('',#13422);
#3325=VERTEX_POINT('',#13427);
#3326=VERTEX_POINT('',#13428);
#3327=VERTEX_POINT('',#13433);
#3328=VERTEX_POINT('',#13437);
#3329=VERTEX_POINT('',#13442);
#3330=VERTEX_POINT('',#13444);
#3331=VERTEX_POINT('',#13448);
#3332=VERTEX_POINT('',#13451);
#3333=VERTEX_POINT('',#13455);
#3334=VERTEX_POINT('',#13456);
#3335=VERTEX_POINT('',#13461);
#3336=VERTEX_POINT('',#13462);
#3337=VERTEX_POINT('',#13467);
#3338=VERTEX_POINT('',#13471);
#3339=VERTEX_POINT('',#13476);
#3340=VERTEX_POINT('',#13478);
#3341=VERTEX_POINT('',#13482);
#3342=VERTEX_POINT('',#13485);
#3343=VERTEX_POINT('',#13489);
#3344=VERTEX_POINT('',#13490);
#3345=VERTEX_POINT('',#13495);
#3346=VERTEX_POINT('',#13496);
#3347=VERTEX_POINT('',#13501);
#3348=VERTEX_POINT('',#13505);
#3349=VERTEX_POINT('',#13510);
#3350=VERTEX_POINT('',#13512);
#3351=VERTEX_POINT('',#13516);
#3352=VERTEX_POINT('',#13519);
#3353=VERTEX_POINT('',#13523);
#3354=VERTEX_POINT('',#13524);
#3355=VERTEX_POINT('',#13529);
#3356=VERTEX_POINT('',#13530);
#3357=VERTEX_POINT('',#13535);
#3358=VERTEX_POINT('',#13539);
#3359=VERTEX_POINT('',#13544);
#3360=VERTEX_POINT('',#13546);
#3361=VERTEX_POINT('',#13550);
#3362=VERTEX_POINT('',#13553);
#3363=VERTEX_POINT('',#13557);
#3364=VERTEX_POINT('',#13558);
#3365=VERTEX_POINT('',#13563);
#3366=VERTEX_POINT('',#13564);
#3367=VERTEX_POINT('',#13569);
#3368=VERTEX_POINT('',#13573);
#3369=VERTEX_POINT('',#13578);
#3370=VERTEX_POINT('',#13580);
#3371=VERTEX_POINT('',#13584);
#3372=VERTEX_POINT('',#13587);
#3373=VERTEX_POINT('',#13591);
#3374=VERTEX_POINT('',#13592);
#3375=VERTEX_POINT('',#13597);
#3376=VERTEX_POINT('',#13598);
#3377=VERTEX_POINT('',#13603);
#3378=VERTEX_POINT('',#13607);
#3379=VERTEX_POINT('',#13612);
#3380=VERTEX_POINT('',#13614);
#3381=VERTEX_POINT('',#13618);
#3382=VERTEX_POINT('',#13621);
#3383=VERTEX_POINT('',#13625);
#3384=VERTEX_POINT('',#13626);
#3385=VERTEX_POINT('',#13631);
#3386=VERTEX_POINT('',#13632);
#3387=VERTEX_POINT('',#13637);
#3388=VERTEX_POINT('',#13641);
#3389=VERTEX_POINT('',#13646);
#3390=VERTEX_POINT('',#13648);
#3391=VERTEX_POINT('',#13652);
#3392=VERTEX_POINT('',#13655);
#3393=VERTEX_POINT('',#13659);
#3394=VERTEX_POINT('',#13660);
#3395=VERTEX_POINT('',#13665);
#3396=VERTEX_POINT('',#13666);
#3397=VERTEX_POINT('',#13671);
#3398=VERTEX_POINT('',#13675);
#3399=VERTEX_POINT('',#13680);
#3400=VERTEX_POINT('',#13682);
#3401=VERTEX_POINT('',#13686);
#3402=VERTEX_POINT('',#13689);
#3403=VERTEX_POINT('',#13693);
#3404=VERTEX_POINT('',#13694);
#3405=VERTEX_POINT('',#13699);
#3406=VERTEX_POINT('',#13700);
#3407=VERTEX_POINT('',#13705);
#3408=VERTEX_POINT('',#13709);
#3409=VERTEX_POINT('',#13714);
#3410=VERTEX_POINT('',#13716);
#3411=VERTEX_POINT('',#13720);
#3412=VERTEX_POINT('',#13723);
#3413=VERTEX_POINT('',#13727);
#3414=VERTEX_POINT('',#13728);
#3415=VERTEX_POINT('',#13733);
#3416=VERTEX_POINT('',#13734);
#3417=VERTEX_POINT('',#13739);
#3418=VERTEX_POINT('',#13743);
#3419=VERTEX_POINT('',#13748);
#3420=VERTEX_POINT('',#13750);
#3421=VERTEX_POINT('',#13754);
#3422=VERTEX_POINT('',#13757);
#3423=VERTEX_POINT('',#13761);
#3424=VERTEX_POINT('',#13762);
#3425=VERTEX_POINT('',#13767);
#3426=VERTEX_POINT('',#13768);
#3427=VERTEX_POINT('',#13773);
#3428=VERTEX_POINT('',#13777);
#3429=VERTEX_POINT('',#13782);
#3430=VERTEX_POINT('',#13784);
#3431=VERTEX_POINT('',#13788);
#3432=VERTEX_POINT('',#13791);
#3433=VERTEX_POINT('',#13795);
#3434=VERTEX_POINT('',#13796);
#3435=VERTEX_POINT('',#13801);
#3436=VERTEX_POINT('',#13802);
#3437=VERTEX_POINT('',#13807);
#3438=VERTEX_POINT('',#13811);
#3439=VERTEX_POINT('',#13816);
#3440=VERTEX_POINT('',#13818);
#3441=VERTEX_POINT('',#13822);
#3442=VERTEX_POINT('',#13825);
#3443=VERTEX_POINT('',#13829);
#3444=VERTEX_POINT('',#13830);
#3445=VERTEX_POINT('',#13835);
#3446=VERTEX_POINT('',#13836);
#3447=VERTEX_POINT('',#13841);
#3448=VERTEX_POINT('',#13845);
#3449=VERTEX_POINT('',#13850);
#3450=VERTEX_POINT('',#13852);
#3451=VERTEX_POINT('',#13856);
#3452=VERTEX_POINT('',#13859);
#3453=VERTEX_POINT('',#13863);
#3454=VERTEX_POINT('',#13864);
#3455=VERTEX_POINT('',#13869);
#3456=VERTEX_POINT('',#13870);
#3457=VERTEX_POINT('',#13875);
#3458=VERTEX_POINT('',#13879);
#3459=VERTEX_POINT('',#13884);
#3460=VERTEX_POINT('',#13886);
#3461=VERTEX_POINT('',#13890);
#3462=VERTEX_POINT('',#13893);
#3463=VERTEX_POINT('',#13897);
#3464=VERTEX_POINT('',#13898);
#3465=VERTEX_POINT('',#13903);
#3466=VERTEX_POINT('',#13904);
#3467=VERTEX_POINT('',#13909);
#3468=VERTEX_POINT('',#13913);
#3469=EDGE_CURVE('',#2829,#2829,#1933,.T.);
#3470=EDGE_CURVE('',#2829,#2830,#1934,.T.);
#3471=EDGE_CURVE('',#2830,#2830,#1935,.T.);
#3472=EDGE_CURVE('',#2831,#2831,#1936,.T.);
#3473=EDGE_CURVE('',#2832,#2832,#1937,.T.);
#3474=EDGE_CURVE('',#2832,#2829,#141,.T.);
#3475=EDGE_CURVE('',#2833,#2834,#1938,.T.);
#3476=EDGE_CURVE('',#2834,#2831,#1939,.T.);
#3477=EDGE_CURVE('',#2834,#2833,#1940,.T.);
#3478=EDGE_CURVE('',#2835,#2836,#1941,.T.);
#3479=EDGE_CURVE('',#2835,#2833,#142,.T.);
#3480=EDGE_CURVE('',#2836,#2835,#1942,.T.);
#3481=EDGE_CURVE('',#2837,#2837,#1943,.T.);
#3482=EDGE_CURVE('',#2837,#2832,#1944,.T.);
#3483=EDGE_CURVE('',#2838,#2838,#1945,.T.);
#3484=EDGE_CURVE('',#2838,#2836,#1946,.T.);
#3485=EDGE_CURVE('',#2839,#2839,#1947,.T.);
#3486=EDGE_CURVE('',#2839,#2840,#1948,.T.);
#3487=EDGE_CURVE('',#2840,#2840,#1949,.T.);
#3488=EDGE_CURVE('',#2841,#2841,#1950,.T.);
#3489=EDGE_CURVE('',#2842,#2842,#1951,.T.);
#3490=EDGE_CURVE('',#2842,#2839,#143,.T.);
#3491=EDGE_CURVE('',#2843,#2844,#1952,.T.);
#3492=EDGE_CURVE('',#2844,#2841,#1953,.T.);
#3493=EDGE_CURVE('',#2844,#2843,#1954,.T.);
#3494=EDGE_CURVE('',#2845,#2846,#1955,.T.);
#3495=EDGE_CURVE('',#2845,#2843,#144,.T.);
#3496=EDGE_CURVE('',#2846,#2845,#1956,.T.);
#3497=EDGE_CURVE('',#2847,#2847,#1957,.T.);
#3498=EDGE_CURVE('',#2847,#2842,#1958,.T.);
#3499=EDGE_CURVE('',#2848,#2848,#1959,.T.);
#3500=EDGE_CURVE('',#2848,#2846,#1960,.T.);
#3501=EDGE_CURVE('',#2849,#2849,#1961,.T.);
#3502=EDGE_CURVE('',#2849,#2850,#1962,.T.);
#3503=EDGE_CURVE('',#2850,#2850,#1963,.T.);
#3504=EDGE_CURVE('',#2851,#2851,#1964,.T.);
#3505=EDGE_CURVE('',#2852,#2852,#1965,.T.);
#3506=EDGE_CURVE('',#2852,#2849,#145,.T.);
#3507=EDGE_CURVE('',#2853,#2854,#1966,.T.);
#3508=EDGE_CURVE('',#2854,#2851,#1967,.T.);
#3509=EDGE_CURVE('',#2854,#2853,#1968,.T.);
#3510=EDGE_CURVE('',#2855,#2856,#1969,.T.);
#3511=EDGE_CURVE('',#2855,#2853,#146,.T.);
#3512=EDGE_CURVE('',#2856,#2855,#1970,.T.);
#3513=EDGE_CURVE('',#2857,#2857,#1971,.T.);
#3514=EDGE_CURVE('',#2857,#2852,#1972,.T.);
#3515=EDGE_CURVE('',#2858,#2858,#1973,.T.);
#3516=EDGE_CURVE('',#2858,#2856,#1974,.T.);
#3517=EDGE_CURVE('',#2859,#2859,#1975,.T.);
#3518=EDGE_CURVE('',#2859,#2860,#1976,.T.);
#3519=EDGE_CURVE('',#2860,#2860,#1977,.T.);
#3520=EDGE_CURVE('',#2861,#2861,#1978,.T.);
#3521=EDGE_CURVE('',#2862,#2862,#1979,.T.);
#3522=EDGE_CURVE('',#2862,#2859,#147,.T.);
#3523=EDGE_CURVE('',#2863,#2864,#1980,.T.);
#3524=EDGE_CURVE('',#2864,#2861,#1981,.T.);
#3525=EDGE_CURVE('',#2864,#2863,#1982,.T.);
#3526=EDGE_CURVE('',#2865,#2866,#1983,.T.);
#3527=EDGE_CURVE('',#2865,#2863,#148,.T.);
#3528=EDGE_CURVE('',#2866,#2865,#1984,.T.);
#3529=EDGE_CURVE('',#2867,#2867,#1985,.T.);
#3530=EDGE_CURVE('',#2867,#2862,#1986,.T.);
#3531=EDGE_CURVE('',#2868,#2868,#1987,.T.);
#3532=EDGE_CURVE('',#2868,#2866,#1988,.T.);
#3533=EDGE_CURVE('',#2869,#2869,#1989,.T.);
#3534=EDGE_CURVE('',#2869,#2870,#1990,.T.);
#3535=EDGE_CURVE('',#2870,#2870,#1991,.T.);
#3536=EDGE_CURVE('',#2871,#2871,#1992,.T.);
#3537=EDGE_CURVE('',#2872,#2872,#1993,.T.);
#3538=EDGE_CURVE('',#2872,#2869,#149,.T.);
#3539=EDGE_CURVE('',#2873,#2874,#1994,.T.);
#3540=EDGE_CURVE('',#2874,#2871,#1995,.T.);
#3541=EDGE_CURVE('',#2874,#2873,#1996,.T.);
#3542=EDGE_CURVE('',#2875,#2876,#1997,.T.);
#3543=EDGE_CURVE('',#2875,#2873,#150,.T.);
#3544=EDGE_CURVE('',#2876,#2875,#1998,.T.);
#3545=EDGE_CURVE('',#2877,#2877,#1999,.T.);
#3546=EDGE_CURVE('',#2877,#2872,#2000,.T.);
#3547=EDGE_CURVE('',#2878,#2878,#2001,.T.);
#3548=EDGE_CURVE('',#2878,#2876,#2002,.T.);
#3549=EDGE_CURVE('',#2879,#2879,#2003,.T.);
#3550=EDGE_CURVE('',#2879,#2880,#2004,.T.);
#3551=EDGE_CURVE('',#2880,#2880,#2005,.T.);
#3552=EDGE_CURVE('',#2881,#2881,#2006,.T.);
#3553=EDGE_CURVE('',#2882,#2882,#2007,.T.);
#3554=EDGE_CURVE('',#2882,#2879,#151,.T.);
#3555=EDGE_CURVE('',#2883,#2884,#2008,.T.);
#3556=EDGE_CURVE('',#2884,#2881,#2009,.T.);
#3557=EDGE_CURVE('',#2884,#2883,#2010,.T.);
#3558=EDGE_CURVE('',#2885,#2886,#2011,.T.);
#3559=EDGE_CURVE('',#2885,#2883,#152,.T.);
#3560=EDGE_CURVE('',#2886,#2885,#2012,.T.);
#3561=EDGE_CURVE('',#2887,#2887,#2013,.T.);
#3562=EDGE_CURVE('',#2887,#2882,#2014,.T.);
#3563=EDGE_CURVE('',#2888,#2888,#2015,.T.);
#3564=EDGE_CURVE('',#2888,#2886,#2016,.T.);
#3565=EDGE_CURVE('',#2889,#2889,#2017,.T.);
#3566=EDGE_CURVE('',#2889,#2890,#2018,.T.);
#3567=EDGE_CURVE('',#2890,#2890,#2019,.T.);
#3568=EDGE_CURVE('',#2891,#2891,#2020,.T.);
#3569=EDGE_CURVE('',#2892,#2892,#2021,.T.);
#3570=EDGE_CURVE('',#2892,#2889,#153,.T.);
#3571=EDGE_CURVE('',#2893,#2894,#2022,.T.);
#3572=EDGE_CURVE('',#2894,#2891,#2023,.T.);
#3573=EDGE_CURVE('',#2894,#2893,#2024,.T.);
#3574=EDGE_CURVE('',#2895,#2896,#2025,.T.);
#3575=EDGE_CURVE('',#2895,#2893,#154,.T.);
#3576=EDGE_CURVE('',#2896,#2895,#2026,.T.);
#3577=EDGE_CURVE('',#2897,#2897,#2027,.T.);
#3578=EDGE_CURVE('',#2897,#2892,#2028,.T.);
#3579=EDGE_CURVE('',#2898,#2898,#2029,.T.);
#3580=EDGE_CURVE('',#2898,#2896,#2030,.T.);
#3581=EDGE_CURVE('',#2899,#2899,#2031,.T.);
#3582=EDGE_CURVE('',#2899,#2900,#2032,.T.);
#3583=EDGE_CURVE('',#2900,#2900,#2033,.T.);
#3584=EDGE_CURVE('',#2901,#2901,#2034,.T.);
#3585=EDGE_CURVE('',#2902,#2902,#2035,.T.);
#3586=EDGE_CURVE('',#2902,#2899,#155,.T.);
#3587=EDGE_CURVE('',#2903,#2904,#2036,.T.);
#3588=EDGE_CURVE('',#2904,#2901,#2037,.T.);
#3589=EDGE_CURVE('',#2904,#2903,#2038,.T.);
#3590=EDGE_CURVE('',#2905,#2906,#2039,.T.);
#3591=EDGE_CURVE('',#2905,#2903,#156,.T.);
#3592=EDGE_CURVE('',#2906,#2905,#2040,.T.);
#3593=EDGE_CURVE('',#2907,#2907,#2041,.T.);
#3594=EDGE_CURVE('',#2907,#2902,#2042,.T.);
#3595=EDGE_CURVE('',#2908,#2908,#2043,.T.);
#3596=EDGE_CURVE('',#2908,#2906,#2044,.T.);
#3597=EDGE_CURVE('',#2909,#2909,#2045,.T.);
#3598=EDGE_CURVE('',#2909,#2910,#2046,.T.);
#3599=EDGE_CURVE('',#2910,#2910,#2047,.T.);
#3600=EDGE_CURVE('',#2911,#2911,#2048,.T.);
#3601=EDGE_CURVE('',#2912,#2912,#2049,.T.);
#3602=EDGE_CURVE('',#2912,#2909,#157,.T.);
#3603=EDGE_CURVE('',#2913,#2914,#2050,.T.);
#3604=EDGE_CURVE('',#2914,#2911,#2051,.T.);
#3605=EDGE_CURVE('',#2914,#2913,#2052,.T.);
#3606=EDGE_CURVE('',#2915,#2916,#2053,.T.);
#3607=EDGE_CURVE('',#2915,#2913,#158,.T.);
#3608=EDGE_CURVE('',#2916,#2915,#2054,.T.);
#3609=EDGE_CURVE('',#2917,#2917,#2055,.T.);
#3610=EDGE_CURVE('',#2917,#2912,#2056,.T.);
#3611=EDGE_CURVE('',#2918,#2918,#2057,.T.);
#3612=EDGE_CURVE('',#2918,#2916,#2058,.T.);
#3613=EDGE_CURVE('',#2919,#2919,#2059,.T.);
#3614=EDGE_CURVE('',#2919,#2920,#2060,.T.);
#3615=EDGE_CURVE('',#2920,#2920,#2061,.T.);
#3616=EDGE_CURVE('',#2921,#2921,#2062,.T.);
#3617=EDGE_CURVE('',#2922,#2922,#2063,.T.);
#3618=EDGE_CURVE('',#2922,#2919,#159,.T.);
#3619=EDGE_CURVE('',#2923,#2924,#2064,.T.);
#3620=EDGE_CURVE('',#2924,#2921,#2065,.T.);
#3621=EDGE_CURVE('',#2924,#2923,#2066,.T.);
#3622=EDGE_CURVE('',#2925,#2926,#2067,.T.);
#3623=EDGE_CURVE('',#2925,#2923,#160,.T.);
#3624=EDGE_CURVE('',#2926,#2925,#2068,.T.);
#3625=EDGE_CURVE('',#2927,#2927,#2069,.T.);
#3626=EDGE_CURVE('',#2927,#2922,#2070,.T.);
#3627=EDGE_CURVE('',#2928,#2928,#2071,.T.);
#3628=EDGE_CURVE('',#2928,#2926,#2072,.T.);
#3629=EDGE_CURVE('',#2929,#2929,#2073,.T.);
#3630=EDGE_CURVE('',#2929,#2930,#2074,.T.);
#3631=EDGE_CURVE('',#2930,#2930,#2075,.T.);
#3632=EDGE_CURVE('',#2931,#2931,#2076,.T.);
#3633=EDGE_CURVE('',#2932,#2932,#2077,.T.);
#3634=EDGE_CURVE('',#2932,#2929,#161,.T.);
#3635=EDGE_CURVE('',#2933,#2934,#2078,.T.);
#3636=EDGE_CURVE('',#2934,#2931,#2079,.T.);
#3637=EDGE_CURVE('',#2934,#2933,#2080,.T.);
#3638=EDGE_CURVE('',#2935,#2936,#2081,.T.);
#3639=EDGE_CURVE('',#2935,#2933,#162,.T.);
#3640=EDGE_CURVE('',#2936,#2935,#2082,.T.);
#3641=EDGE_CURVE('',#2937,#2937,#2083,.T.);
#3642=EDGE_CURVE('',#2937,#2932,#2084,.T.);
#3643=EDGE_CURVE('',#2938,#2938,#2085,.T.);
#3644=EDGE_CURVE('',#2938,#2936,#2086,.T.);
#3645=EDGE_CURVE('',#2939,#2939,#2087,.T.);
#3646=EDGE_CURVE('',#2939,#2940,#2088,.T.);
#3647=EDGE_CURVE('',#2940,#2940,#2089,.T.);
#3648=EDGE_CURVE('',#2941,#2941,#2090,.T.);
#3649=EDGE_CURVE('',#2942,#2942,#2091,.T.);
#3650=EDGE_CURVE('',#2942,#2939,#163,.T.);
#3651=EDGE_CURVE('',#2943,#2944,#2092,.T.);
#3652=EDGE_CURVE('',#2944,#2941,#2093,.T.);
#3653=EDGE_CURVE('',#2944,#2943,#2094,.T.);
#3654=EDGE_CURVE('',#2945,#2946,#2095,.T.);
#3655=EDGE_CURVE('',#2945,#2943,#164,.T.);
#3656=EDGE_CURVE('',#2946,#2945,#2096,.T.);
#3657=EDGE_CURVE('',#2947,#2947,#2097,.T.);
#3658=EDGE_CURVE('',#2947,#2942,#2098,.T.);
#3659=EDGE_CURVE('',#2948,#2948,#2099,.T.);
#3660=EDGE_CURVE('',#2948,#2946,#2100,.T.);
#3661=EDGE_CURVE('',#2949,#2949,#2101,.T.);
#3662=EDGE_CURVE('',#2949,#2950,#2102,.T.);
#3663=EDGE_CURVE('',#2950,#2950,#2103,.T.);
#3664=EDGE_CURVE('',#2951,#2951,#2104,.T.);
#3665=EDGE_CURVE('',#2952,#2952,#2105,.T.);
#3666=EDGE_CURVE('',#2952,#2949,#165,.T.);
#3667=EDGE_CURVE('',#2953,#2954,#2106,.T.);
#3668=EDGE_CURVE('',#2954,#2951,#2107,.T.);
#3669=EDGE_CURVE('',#2954,#2953,#2108,.T.);
#3670=EDGE_CURVE('',#2955,#2956,#2109,.T.);
#3671=EDGE_CURVE('',#2955,#2953,#166,.T.);
#3672=EDGE_CURVE('',#2956,#2955,#2110,.T.);
#3673=EDGE_CURVE('',#2957,#2957,#2111,.T.);
#3674=EDGE_CURVE('',#2957,#2952,#2112,.T.);
#3675=EDGE_CURVE('',#2958,#2958,#2113,.T.);
#3676=EDGE_CURVE('',#2958,#2956,#2114,.T.);
#3677=EDGE_CURVE('',#2959,#2959,#2115,.T.);
#3678=EDGE_CURVE('',#2959,#2960,#2116,.T.);
#3679=EDGE_CURVE('',#2960,#2960,#2117,.T.);
#3680=EDGE_CURVE('',#2961,#2961,#2118,.T.);
#3681=EDGE_CURVE('',#2962,#2962,#2119,.T.);
#3682=EDGE_CURVE('',#2962,#2959,#167,.T.);
#3683=EDGE_CURVE('',#2963,#2964,#2120,.T.);
#3684=EDGE_CURVE('',#2964,#2961,#2121,.T.);
#3685=EDGE_CURVE('',#2964,#2963,#2122,.T.);
#3686=EDGE_CURVE('',#2965,#2966,#2123,.T.);
#3687=EDGE_CURVE('',#2965,#2963,#168,.T.);
#3688=EDGE_CURVE('',#2966,#2965,#2124,.T.);
#3689=EDGE_CURVE('',#2967,#2967,#2125,.T.);
#3690=EDGE_CURVE('',#2967,#2962,#2126,.T.);
#3691=EDGE_CURVE('',#2968,#2968,#2127,.T.);
#3692=EDGE_CURVE('',#2968,#2966,#2128,.T.);
#3693=EDGE_CURVE('',#2969,#2969,#2129,.T.);
#3694=EDGE_CURVE('',#2969,#2970,#2130,.T.);
#3695=EDGE_CURVE('',#2970,#2970,#2131,.T.);
#3696=EDGE_CURVE('',#2971,#2971,#2132,.T.);
#3697=EDGE_CURVE('',#2972,#2972,#2133,.T.);
#3698=EDGE_CURVE('',#2972,#2969,#169,.T.);
#3699=EDGE_CURVE('',#2973,#2974,#2134,.T.);
#3700=EDGE_CURVE('',#2974,#2971,#2135,.T.);
#3701=EDGE_CURVE('',#2974,#2973,#2136,.T.);
#3702=EDGE_CURVE('',#2975,#2976,#2137,.T.);
#3703=EDGE_CURVE('',#2975,#2973,#170,.T.);
#3704=EDGE_CURVE('',#2976,#2975,#2138,.T.);
#3705=EDGE_CURVE('',#2977,#2977,#2139,.T.);
#3706=EDGE_CURVE('',#2977,#2972,#2140,.T.);
#3707=EDGE_CURVE('',#2978,#2978,#2141,.T.);
#3708=EDGE_CURVE('',#2978,#2976,#2142,.T.);
#3709=EDGE_CURVE('',#2979,#2979,#2143,.T.);
#3710=EDGE_CURVE('',#2979,#2980,#2144,.T.);
#3711=EDGE_CURVE('',#2980,#2980,#2145,.T.);
#3712=EDGE_CURVE('',#2981,#2981,#2146,.T.);
#3713=EDGE_CURVE('',#2982,#2982,#2147,.T.);
#3714=EDGE_CURVE('',#2982,#2979,#171,.T.);
#3715=EDGE_CURVE('',#2983,#2984,#2148,.T.);
#3716=EDGE_CURVE('',#2984,#2981,#2149,.T.);
#3717=EDGE_CURVE('',#2984,#2983,#2150,.T.);
#3718=EDGE_CURVE('',#2985,#2986,#2151,.T.);
#3719=EDGE_CURVE('',#2985,#2983,#172,.T.);
#3720=EDGE_CURVE('',#2986,#2985,#2152,.T.);
#3721=EDGE_CURVE('',#2987,#2987,#2153,.T.);
#3722=EDGE_CURVE('',#2987,#2982,#2154,.T.);
#3723=EDGE_CURVE('',#2988,#2988,#2155,.T.);
#3724=EDGE_CURVE('',#2988,#2986,#2156,.T.);
#3725=EDGE_CURVE('',#2989,#2989,#2157,.T.);
#3726=EDGE_CURVE('',#2989,#2990,#2158,.T.);
#3727=EDGE_CURVE('',#2990,#2990,#2159,.T.);
#3728=EDGE_CURVE('',#2991,#2991,#2160,.T.);
#3729=EDGE_CURVE('',#2992,#2992,#2161,.T.);
#3730=EDGE_CURVE('',#2992,#2989,#173,.T.);
#3731=EDGE_CURVE('',#2993,#2994,#2162,.T.);
#3732=EDGE_CURVE('',#2994,#2991,#2163,.T.);
#3733=EDGE_CURVE('',#2994,#2993,#2164,.T.);
#3734=EDGE_CURVE('',#2995,#2996,#2165,.T.);
#3735=EDGE_CURVE('',#2995,#2993,#174,.T.);
#3736=EDGE_CURVE('',#2996,#2995,#2166,.T.);
#3737=EDGE_CURVE('',#2997,#2997,#2167,.T.);
#3738=EDGE_CURVE('',#2997,#2992,#2168,.T.);
#3739=EDGE_CURVE('',#2998,#2998,#2169,.T.);
#3740=EDGE_CURVE('',#2998,#2996,#2170,.T.);
#3741=EDGE_CURVE('',#2999,#2999,#2171,.T.);
#3742=EDGE_CURVE('',#2999,#3000,#2172,.T.);
#3743=EDGE_CURVE('',#3000,#3000,#2173,.T.);
#3744=EDGE_CURVE('',#3001,#3001,#2174,.T.);
#3745=EDGE_CURVE('',#3002,#3002,#2175,.T.);
#3746=EDGE_CURVE('',#3002,#2999,#175,.T.);
#3747=EDGE_CURVE('',#3003,#3004,#2176,.T.);
#3748=EDGE_CURVE('',#3004,#3001,#2177,.T.);
#3749=EDGE_CURVE('',#3004,#3003,#2178,.T.);
#3750=EDGE_CURVE('',#3005,#3006,#2179,.T.);
#3751=EDGE_CURVE('',#3005,#3003,#176,.T.);
#3752=EDGE_CURVE('',#3006,#3005,#2180,.T.);
#3753=EDGE_CURVE('',#3007,#3007,#2181,.T.);
#3754=EDGE_CURVE('',#3007,#3002,#2182,.T.);
#3755=EDGE_CURVE('',#3008,#3008,#2183,.T.);
#3756=EDGE_CURVE('',#3008,#3006,#2184,.T.);
#3757=EDGE_CURVE('',#3009,#3009,#2185,.T.);
#3758=EDGE_CURVE('',#3009,#3010,#2186,.T.);
#3759=EDGE_CURVE('',#3010,#3010,#2187,.T.);
#3760=EDGE_CURVE('',#3011,#3011,#2188,.T.);
#3761=EDGE_CURVE('',#3012,#3012,#2189,.T.);
#3762=EDGE_CURVE('',#3012,#3009,#177,.T.);
#3763=EDGE_CURVE('',#3013,#3014,#2190,.T.);
#3764=EDGE_CURVE('',#3014,#3011,#2191,.T.);
#3765=EDGE_CURVE('',#3014,#3013,#2192,.T.);
#3766=EDGE_CURVE('',#3015,#3016,#2193,.T.);
#3767=EDGE_CURVE('',#3015,#3013,#178,.T.);
#3768=EDGE_CURVE('',#3016,#3015,#2194,.T.);
#3769=EDGE_CURVE('',#3017,#3017,#2195,.T.);
#3770=EDGE_CURVE('',#3017,#3012,#2196,.T.);
#3771=EDGE_CURVE('',#3018,#3018,#2197,.T.);
#3772=EDGE_CURVE('',#3018,#3016,#2198,.T.);
#3773=EDGE_CURVE('',#3019,#3019,#2199,.T.);
#3774=EDGE_CURVE('',#3019,#3020,#2200,.T.);
#3775=EDGE_CURVE('',#3020,#3020,#2201,.T.);
#3776=EDGE_CURVE('',#3021,#3021,#2202,.T.);
#3777=EDGE_CURVE('',#3022,#3022,#2203,.T.);
#3778=EDGE_CURVE('',#3022,#3019,#179,.T.);
#3779=EDGE_CURVE('',#3023,#3024,#2204,.T.);
#3780=EDGE_CURVE('',#3024,#3021,#2205,.T.);
#3781=EDGE_CURVE('',#3024,#3023,#2206,.T.);
#3782=EDGE_CURVE('',#3025,#3026,#2207,.T.);
#3783=EDGE_CURVE('',#3025,#3023,#180,.T.);
#3784=EDGE_CURVE('',#3026,#3025,#2208,.T.);
#3785=EDGE_CURVE('',#3027,#3027,#2209,.T.);
#3786=EDGE_CURVE('',#3027,#3022,#2210,.T.);
#3787=EDGE_CURVE('',#3028,#3028,#2211,.T.);
#3788=EDGE_CURVE('',#3028,#3026,#2212,.T.);
#3789=EDGE_CURVE('',#3029,#3029,#2213,.T.);
#3790=EDGE_CURVE('',#3029,#3030,#2214,.T.);
#3791=EDGE_CURVE('',#3030,#3030,#2215,.T.);
#3792=EDGE_CURVE('',#3031,#3031,#2216,.T.);
#3793=EDGE_CURVE('',#3032,#3032,#2217,.T.);
#3794=EDGE_CURVE('',#3032,#3029,#181,.T.);
#3795=EDGE_CURVE('',#3033,#3034,#2218,.T.);
#3796=EDGE_CURVE('',#3034,#3031,#2219,.T.);
#3797=EDGE_CURVE('',#3034,#3033,#2220,.T.);
#3798=EDGE_CURVE('',#3035,#3036,#2221,.T.);
#3799=EDGE_CURVE('',#3035,#3033,#182,.T.);
#3800=EDGE_CURVE('',#3036,#3035,#2222,.T.);
#3801=EDGE_CURVE('',#3037,#3037,#2223,.T.);
#3802=EDGE_CURVE('',#3037,#3032,#2224,.T.);
#3803=EDGE_CURVE('',#3038,#3038,#2225,.T.);
#3804=EDGE_CURVE('',#3038,#3036,#2226,.T.);
#3805=EDGE_CURVE('',#3039,#3039,#2227,.T.);
#3806=EDGE_CURVE('',#3039,#3040,#2228,.T.);
#3807=EDGE_CURVE('',#3040,#3040,#2229,.T.);
#3808=EDGE_CURVE('',#3041,#3041,#2230,.T.);
#3809=EDGE_CURVE('',#3042,#3042,#2231,.T.);
#3810=EDGE_CURVE('',#3042,#3039,#183,.T.);
#3811=EDGE_CURVE('',#3043,#3044,#2232,.T.);
#3812=EDGE_CURVE('',#3044,#3041,#2233,.T.);
#3813=EDGE_CURVE('',#3044,#3043,#2234,.T.);
#3814=EDGE_CURVE('',#3045,#3046,#2235,.T.);
#3815=EDGE_CURVE('',#3045,#3043,#184,.T.);
#3816=EDGE_CURVE('',#3046,#3045,#2236,.T.);
#3817=EDGE_CURVE('',#3047,#3047,#2237,.T.);
#3818=EDGE_CURVE('',#3047,#3042,#2238,.T.);
#3819=EDGE_CURVE('',#3048,#3048,#2239,.T.);
#3820=EDGE_CURVE('',#3048,#3046,#2240,.T.);
#3821=EDGE_CURVE('',#3049,#3049,#2241,.T.);
#3822=EDGE_CURVE('',#3049,#3050,#2242,.T.);
#3823=EDGE_CURVE('',#3050,#3050,#2243,.T.);
#3824=EDGE_CURVE('',#3051,#3051,#2244,.T.);
#3825=EDGE_CURVE('',#3052,#3052,#2245,.T.);
#3826=EDGE_CURVE('',#3052,#3049,#185,.T.);
#3827=EDGE_CURVE('',#3053,#3054,#2246,.T.);
#3828=EDGE_CURVE('',#3054,#3051,#2247,.T.);
#3829=EDGE_CURVE('',#3054,#3053,#2248,.T.);
#3830=EDGE_CURVE('',#3055,#3056,#2249,.T.);
#3831=EDGE_CURVE('',#3055,#3053,#186,.T.);
#3832=EDGE_CURVE('',#3056,#3055,#2250,.T.);
#3833=EDGE_CURVE('',#3057,#3057,#2251,.T.);
#3834=EDGE_CURVE('',#3057,#3052,#2252,.T.);
#3835=EDGE_CURVE('',#3058,#3058,#2253,.T.);
#3836=EDGE_CURVE('',#3058,#3056,#2254,.T.);
#3837=EDGE_CURVE('',#3059,#3059,#2255,.T.);
#3838=EDGE_CURVE('',#3059,#3060,#2256,.T.);
#3839=EDGE_CURVE('',#3060,#3060,#2257,.T.);
#3840=EDGE_CURVE('',#3061,#3061,#2258,.T.);
#3841=EDGE_CURVE('',#3062,#3062,#2259,.T.);
#3842=EDGE_CURVE('',#3062,#3059,#187,.T.);
#3843=EDGE_CURVE('',#3063,#3064,#2260,.T.);
#3844=EDGE_CURVE('',#3064,#3061,#2261,.T.);
#3845=EDGE_CURVE('',#3064,#3063,#2262,.T.);
#3846=EDGE_CURVE('',#3065,#3066,#2263,.T.);
#3847=EDGE_CURVE('',#3065,#3063,#188,.T.);
#3848=EDGE_CURVE('',#3066,#3065,#2264,.T.);
#3849=EDGE_CURVE('',#3067,#3067,#2265,.T.);
#3850=EDGE_CURVE('',#3067,#3062,#2266,.T.);
#3851=EDGE_CURVE('',#3068,#3068,#2267,.T.);
#3852=EDGE_CURVE('',#3068,#3066,#2268,.T.);
#3853=EDGE_CURVE('',#3069,#3069,#2269,.T.);
#3854=EDGE_CURVE('',#3069,#3070,#2270,.T.);
#3855=EDGE_CURVE('',#3070,#3070,#2271,.T.);
#3856=EDGE_CURVE('',#3071,#3071,#2272,.T.);
#3857=EDGE_CURVE('',#3072,#3072,#2273,.T.);
#3858=EDGE_CURVE('',#3072,#3069,#189,.T.);
#3859=EDGE_CURVE('',#3073,#3074,#2274,.T.);
#3860=EDGE_CURVE('',#3074,#3071,#2275,.T.);
#3861=EDGE_CURVE('',#3074,#3073,#2276,.T.);
#3862=EDGE_CURVE('',#3075,#3076,#2277,.T.);
#3863=EDGE_CURVE('',#3075,#3073,#190,.T.);
#3864=EDGE_CURVE('',#3076,#3075,#2278,.T.);
#3865=EDGE_CURVE('',#3077,#3077,#2279,.T.);
#3866=EDGE_CURVE('',#3077,#3072,#2280,.T.);
#3867=EDGE_CURVE('',#3078,#3078,#2281,.T.);
#3868=EDGE_CURVE('',#3078,#3076,#2282,.T.);
#3869=EDGE_CURVE('',#3079,#3079,#2283,.T.);
#3870=EDGE_CURVE('',#3079,#3080,#2284,.T.);
#3871=EDGE_CURVE('',#3080,#3080,#2285,.T.);
#3872=EDGE_CURVE('',#3081,#3081,#2286,.T.);
#3873=EDGE_CURVE('',#3082,#3082,#2287,.T.);
#3874=EDGE_CURVE('',#3082,#3079,#191,.T.);
#3875=EDGE_CURVE('',#3083,#3084,#2288,.T.);
#3876=EDGE_CURVE('',#3084,#3081,#2289,.T.);
#3877=EDGE_CURVE('',#3084,#3083,#2290,.T.);
#3878=EDGE_CURVE('',#3085,#3086,#2291,.T.);
#3879=EDGE_CURVE('',#3085,#3083,#192,.T.);
#3880=EDGE_CURVE('',#3086,#3085,#2292,.T.);
#3881=EDGE_CURVE('',#3087,#3087,#2293,.T.);
#3882=EDGE_CURVE('',#3087,#3082,#2294,.T.);
#3883=EDGE_CURVE('',#3088,#3088,#2295,.T.);
#3884=EDGE_CURVE('',#3088,#3086,#2296,.T.);
#3885=EDGE_CURVE('',#3089,#3089,#2297,.T.);
#3886=EDGE_CURVE('',#3089,#3090,#2298,.T.);
#3887=EDGE_CURVE('',#3090,#3090,#2299,.T.);
#3888=EDGE_CURVE('',#3091,#3091,#2300,.T.);
#3889=EDGE_CURVE('',#3092,#3092,#2301,.T.);
#3890=EDGE_CURVE('',#3092,#3089,#193,.T.);
#3891=EDGE_CURVE('',#3093,#3094,#2302,.T.);
#3892=EDGE_CURVE('',#3094,#3091,#2303,.T.);
#3893=EDGE_CURVE('',#3094,#3093,#2304,.T.);
#3894=EDGE_CURVE('',#3095,#3096,#2305,.T.);
#3895=EDGE_CURVE('',#3095,#3093,#194,.T.);
#3896=EDGE_CURVE('',#3096,#3095,#2306,.T.);
#3897=EDGE_CURVE('',#3097,#3097,#2307,.T.);
#3898=EDGE_CURVE('',#3097,#3092,#2308,.T.);
#3899=EDGE_CURVE('',#3098,#3098,#2309,.T.);
#3900=EDGE_CURVE('',#3098,#3096,#2310,.T.);
#3901=EDGE_CURVE('',#3099,#3099,#2311,.T.);
#3902=EDGE_CURVE('',#3099,#3100,#2312,.T.);
#3903=EDGE_CURVE('',#3100,#3100,#2313,.T.);
#3904=EDGE_CURVE('',#3101,#3101,#2314,.T.);
#3905=EDGE_CURVE('',#3102,#3102,#2315,.T.);
#3906=EDGE_CURVE('',#3102,#3099,#195,.T.);
#3907=EDGE_CURVE('',#3103,#3104,#2316,.T.);
#3908=EDGE_CURVE('',#3104,#3101,#2317,.T.);
#3909=EDGE_CURVE('',#3104,#3103,#2318,.T.);
#3910=EDGE_CURVE('',#3105,#3106,#2319,.T.);
#3911=EDGE_CURVE('',#3105,#3103,#196,.T.);
#3912=EDGE_CURVE('',#3106,#3105,#2320,.T.);
#3913=EDGE_CURVE('',#3107,#3107,#2321,.T.);
#3914=EDGE_CURVE('',#3107,#3102,#2322,.T.);
#3915=EDGE_CURVE('',#3108,#3108,#2323,.T.);
#3916=EDGE_CURVE('',#3108,#3106,#2324,.T.);
#3917=EDGE_CURVE('',#3109,#3109,#2325,.T.);
#3918=EDGE_CURVE('',#3109,#3110,#2326,.T.);
#3919=EDGE_CURVE('',#3110,#3110,#2327,.T.);
#3920=EDGE_CURVE('',#3111,#3111,#2328,.T.);
#3921=EDGE_CURVE('',#3112,#3112,#2329,.T.);
#3922=EDGE_CURVE('',#3112,#3109,#197,.T.);
#3923=EDGE_CURVE('',#3113,#3114,#2330,.T.);
#3924=EDGE_CURVE('',#3114,#3111,#2331,.T.);
#3925=EDGE_CURVE('',#3114,#3113,#2332,.T.);
#3926=EDGE_CURVE('',#3115,#3116,#2333,.T.);
#3927=EDGE_CURVE('',#3115,#3113,#198,.T.);
#3928=EDGE_CURVE('',#3116,#3115,#2334,.T.);
#3929=EDGE_CURVE('',#3117,#3117,#2335,.T.);
#3930=EDGE_CURVE('',#3117,#3112,#2336,.T.);
#3931=EDGE_CURVE('',#3118,#3118,#2337,.T.);
#3932=EDGE_CURVE('',#3118,#3116,#2338,.T.);
#3933=EDGE_CURVE('',#3119,#3119,#2339,.T.);
#3934=EDGE_CURVE('',#3119,#3120,#2340,.T.);
#3935=EDGE_CURVE('',#3120,#3120,#2341,.T.);
#3936=EDGE_CURVE('',#3121,#3121,#2342,.T.);
#3937=EDGE_CURVE('',#3122,#3122,#2343,.T.);
#3938=EDGE_CURVE('',#3122,#3119,#199,.T.);
#3939=EDGE_CURVE('',#3123,#3124,#2344,.T.);
#3940=EDGE_CURVE('',#3124,#3121,#2345,.T.);
#3941=EDGE_CURVE('',#3124,#3123,#2346,.T.);
#3942=EDGE_CURVE('',#3125,#3126,#2347,.T.);
#3943=EDGE_CURVE('',#3125,#3123,#200,.T.);
#3944=EDGE_CURVE('',#3126,#3125,#2348,.T.);
#3945=EDGE_CURVE('',#3127,#3127,#2349,.T.);
#3946=EDGE_CURVE('',#3127,#3122,#2350,.T.);
#3947=EDGE_CURVE('',#3128,#3128,#2351,.T.);
#3948=EDGE_CURVE('',#3128,#3126,#2352,.T.);
#3949=EDGE_CURVE('',#3129,#3129,#2353,.T.);
#3950=EDGE_CURVE('',#3129,#3130,#2354,.T.);
#3951=EDGE_CURVE('',#3130,#3130,#2355,.T.);
#3952=EDGE_CURVE('',#3131,#3131,#2356,.T.);
#3953=EDGE_CURVE('',#3132,#3132,#2357,.T.);
#3954=EDGE_CURVE('',#3132,#3129,#201,.T.);
#3955=EDGE_CURVE('',#3133,#3134,#2358,.T.);
#3956=EDGE_CURVE('',#3134,#3131,#2359,.T.);
#3957=EDGE_CURVE('',#3134,#3133,#2360,.T.);
#3958=EDGE_CURVE('',#3135,#3136,#2361,.T.);
#3959=EDGE_CURVE('',#3135,#3133,#202,.T.);
#3960=EDGE_CURVE('',#3136,#3135,#2362,.T.);
#3961=EDGE_CURVE('',#3137,#3137,#2363,.T.);
#3962=EDGE_CURVE('',#3137,#3132,#2364,.T.);
#3963=EDGE_CURVE('',#3138,#3138,#2365,.T.);
#3964=EDGE_CURVE('',#3138,#3136,#2366,.T.);
#3965=EDGE_CURVE('',#3139,#3139,#2367,.T.);
#3966=EDGE_CURVE('',#3139,#3140,#2368,.T.);
#3967=EDGE_CURVE('',#3140,#3140,#2369,.T.);
#3968=EDGE_CURVE('',#3141,#3141,#2370,.T.);
#3969=EDGE_CURVE('',#3142,#3142,#2371,.T.);
#3970=EDGE_CURVE('',#3142,#3139,#203,.T.);
#3971=EDGE_CURVE('',#3143,#3144,#2372,.T.);
#3972=EDGE_CURVE('',#3144,#3141,#2373,.T.);
#3973=EDGE_CURVE('',#3144,#3143,#2374,.T.);
#3974=EDGE_CURVE('',#3145,#3146,#2375,.T.);
#3975=EDGE_CURVE('',#3145,#3143,#204,.T.);
#3976=EDGE_CURVE('',#3146,#3145,#2376,.T.);
#3977=EDGE_CURVE('',#3147,#3147,#2377,.T.);
#3978=EDGE_CURVE('',#3147,#3142,#2378,.T.);
#3979=EDGE_CURVE('',#3148,#3148,#2379,.T.);
#3980=EDGE_CURVE('',#3148,#3146,#2380,.T.);
#3981=EDGE_CURVE('',#3149,#3149,#2381,.T.);
#3982=EDGE_CURVE('',#3149,#3150,#2382,.T.);
#3983=EDGE_CURVE('',#3150,#3150,#2383,.T.);
#3984=EDGE_CURVE('',#3151,#3151,#2384,.T.);
#3985=EDGE_CURVE('',#3152,#3152,#2385,.T.);
#3986=EDGE_CURVE('',#3152,#3149,#205,.T.);
#3987=EDGE_CURVE('',#3153,#3154,#2386,.T.);
#3988=EDGE_CURVE('',#3154,#3151,#2387,.T.);
#3989=EDGE_CURVE('',#3154,#3153,#2388,.T.);
#3990=EDGE_CURVE('',#3155,#3156,#2389,.T.);
#3991=EDGE_CURVE('',#3155,#3153,#206,.T.);
#3992=EDGE_CURVE('',#3156,#3155,#2390,.T.);
#3993=EDGE_CURVE('',#3157,#3157,#2391,.T.);
#3994=EDGE_CURVE('',#3157,#3152,#2392,.T.);
#3995=EDGE_CURVE('',#3158,#3158,#2393,.T.);
#3996=EDGE_CURVE('',#3158,#3156,#2394,.T.);
#3997=EDGE_CURVE('',#3159,#3159,#2395,.T.);
#3998=EDGE_CURVE('',#3159,#3160,#2396,.T.);
#3999=EDGE_CURVE('',#3160,#3160,#2397,.T.);
#4000=EDGE_CURVE('',#3161,#3161,#2398,.T.);
#4001=EDGE_CURVE('',#3162,#3162,#2399,.T.);
#4002=EDGE_CURVE('',#3162,#3159,#207,.T.);
#4003=EDGE_CURVE('',#3163,#3164,#2400,.T.);
#4004=EDGE_CURVE('',#3164,#3161,#2401,.T.);
#4005=EDGE_CURVE('',#3164,#3163,#2402,.T.);
#4006=EDGE_CURVE('',#3165,#3166,#2403,.T.);
#4007=EDGE_CURVE('',#3165,#3163,#208,.T.);
#4008=EDGE_CURVE('',#3166,#3165,#2404,.T.);
#4009=EDGE_CURVE('',#3167,#3167,#2405,.T.);
#4010=EDGE_CURVE('',#3167,#3162,#2406,.T.);
#4011=EDGE_CURVE('',#3168,#3168,#2407,.T.);
#4012=EDGE_CURVE('',#3168,#3166,#2408,.T.);
#4013=EDGE_CURVE('',#3169,#3169,#2409,.T.);
#4014=EDGE_CURVE('',#3169,#3170,#2410,.T.);
#4015=EDGE_CURVE('',#3170,#3170,#2411,.T.);
#4016=EDGE_CURVE('',#3171,#3171,#2412,.T.);
#4017=EDGE_CURVE('',#3172,#3172,#2413,.T.);
#4018=EDGE_CURVE('',#3172,#3169,#209,.T.);
#4019=EDGE_CURVE('',#3173,#3174,#2414,.T.);
#4020=EDGE_CURVE('',#3174,#3171,#2415,.T.);
#4021=EDGE_CURVE('',#3174,#3173,#2416,.T.);
#4022=EDGE_CURVE('',#3175,#3176,#2417,.T.);
#4023=EDGE_CURVE('',#3175,#3173,#210,.T.);
#4024=EDGE_CURVE('',#3176,#3175,#2418,.T.);
#4025=EDGE_CURVE('',#3177,#3177,#2419,.T.);
#4026=EDGE_CURVE('',#3177,#3172,#2420,.T.);
#4027=EDGE_CURVE('',#3178,#3178,#2421,.T.);
#4028=EDGE_CURVE('',#3178,#3176,#2422,.T.);
#4029=EDGE_CURVE('',#3179,#3179,#2423,.T.);
#4030=EDGE_CURVE('',#3179,#3180,#2424,.T.);
#4031=EDGE_CURVE('',#3180,#3180,#2425,.T.);
#4032=EDGE_CURVE('',#3181,#3181,#2426,.T.);
#4033=EDGE_CURVE('',#3182,#3182,#2427,.T.);
#4034=EDGE_CURVE('',#3182,#3179,#211,.T.);
#4035=EDGE_CURVE('',#3183,#3184,#2428,.T.);
#4036=EDGE_CURVE('',#3184,#3181,#2429,.T.);
#4037=EDGE_CURVE('',#3184,#3183,#2430,.T.);
#4038=EDGE_CURVE('',#3185,#3186,#2431,.T.);
#4039=EDGE_CURVE('',#3185,#3183,#212,.T.);
#4040=EDGE_CURVE('',#3186,#3185,#2432,.T.);
#4041=EDGE_CURVE('',#3187,#3187,#2433,.T.);
#4042=EDGE_CURVE('',#3187,#3182,#2434,.T.);
#4043=EDGE_CURVE('',#3188,#3188,#2435,.T.);
#4044=EDGE_CURVE('',#3188,#3186,#2436,.T.);
#4045=EDGE_CURVE('',#3189,#3189,#2437,.T.);
#4046=EDGE_CURVE('',#3189,#3190,#2438,.T.);
#4047=EDGE_CURVE('',#3190,#3190,#2439,.T.);
#4048=EDGE_CURVE('',#3191,#3191,#2440,.T.);
#4049=EDGE_CURVE('',#3192,#3192,#2441,.T.);
#4050=EDGE_CURVE('',#3192,#3189,#213,.T.);
#4051=EDGE_CURVE('',#3193,#3194,#2442,.T.);
#4052=EDGE_CURVE('',#3194,#3191,#2443,.T.);
#4053=EDGE_CURVE('',#3194,#3193,#2444,.T.);
#4054=EDGE_CURVE('',#3195,#3196,#2445,.T.);
#4055=EDGE_CURVE('',#3195,#3193,#214,.T.);
#4056=EDGE_CURVE('',#3196,#3195,#2446,.T.);
#4057=EDGE_CURVE('',#3197,#3197,#2447,.T.);
#4058=EDGE_CURVE('',#3197,#3192,#2448,.T.);
#4059=EDGE_CURVE('',#3198,#3198,#2449,.T.);
#4060=EDGE_CURVE('',#3198,#3196,#2450,.T.);
#4061=EDGE_CURVE('',#3199,#3199,#2451,.T.);
#4062=EDGE_CURVE('',#3199,#3200,#2452,.T.);
#4063=EDGE_CURVE('',#3200,#3200,#2453,.T.);
#4064=EDGE_CURVE('',#3201,#3201,#2454,.T.);
#4065=EDGE_CURVE('',#3202,#3202,#2455,.T.);
#4066=EDGE_CURVE('',#3202,#3199,#215,.T.);
#4067=EDGE_CURVE('',#3203,#3204,#2456,.T.);
#4068=EDGE_CURVE('',#3204,#3201,#2457,.T.);
#4069=EDGE_CURVE('',#3204,#3203,#2458,.T.);
#4070=EDGE_CURVE('',#3205,#3206,#2459,.T.);
#4071=EDGE_CURVE('',#3205,#3203,#216,.T.);
#4072=EDGE_CURVE('',#3206,#3205,#2460,.T.);
#4073=EDGE_CURVE('',#3207,#3207,#2461,.T.);
#4074=EDGE_CURVE('',#3207,#3202,#2462,.T.);
#4075=EDGE_CURVE('',#3208,#3208,#2463,.T.);
#4076=EDGE_CURVE('',#3208,#3206,#2464,.T.);
#4077=EDGE_CURVE('',#3209,#3209,#2465,.T.);
#4078=EDGE_CURVE('',#3209,#3210,#2466,.T.);
#4079=EDGE_CURVE('',#3210,#3210,#2467,.T.);
#4080=EDGE_CURVE('',#3211,#3211,#2468,.T.);
#4081=EDGE_CURVE('',#3212,#3212,#2469,.T.);
#4082=EDGE_CURVE('',#3212,#3209,#217,.T.);
#4083=EDGE_CURVE('',#3213,#3214,#2470,.T.);
#4084=EDGE_CURVE('',#3214,#3211,#2471,.T.);
#4085=EDGE_CURVE('',#3214,#3213,#2472,.T.);
#4086=EDGE_CURVE('',#3215,#3216,#2473,.T.);
#4087=EDGE_CURVE('',#3215,#3213,#218,.T.);
#4088=EDGE_CURVE('',#3216,#3215,#2474,.T.);
#4089=EDGE_CURVE('',#3217,#3217,#2475,.T.);
#4090=EDGE_CURVE('',#3217,#3212,#2476,.T.);
#4091=EDGE_CURVE('',#3218,#3218,#2477,.T.);
#4092=EDGE_CURVE('',#3218,#3216,#2478,.T.);
#4093=EDGE_CURVE('',#3219,#3219,#2479,.T.);
#4094=EDGE_CURVE('',#3219,#3220,#2480,.T.);
#4095=EDGE_CURVE('',#3220,#3220,#2481,.T.);
#4096=EDGE_CURVE('',#3221,#3221,#2482,.T.);
#4097=EDGE_CURVE('',#3222,#3222,#2483,.T.);
#4098=EDGE_CURVE('',#3222,#3219,#219,.T.);
#4099=EDGE_CURVE('',#3223,#3224,#2484,.T.);
#4100=EDGE_CURVE('',#3224,#3221,#2485,.T.);
#4101=EDGE_CURVE('',#3224,#3223,#2486,.T.);
#4102=EDGE_CURVE('',#3225,#3226,#2487,.T.);
#4103=EDGE_CURVE('',#3225,#3223,#220,.T.);
#4104=EDGE_CURVE('',#3226,#3225,#2488,.T.);
#4105=EDGE_CURVE('',#3227,#3227,#2489,.T.);
#4106=EDGE_CURVE('',#3227,#3222,#2490,.T.);
#4107=EDGE_CURVE('',#3228,#3228,#2491,.T.);
#4108=EDGE_CURVE('',#3228,#3226,#2492,.T.);
#4109=EDGE_CURVE('',#3229,#3229,#2493,.T.);
#4110=EDGE_CURVE('',#3229,#3230,#2494,.T.);
#4111=EDGE_CURVE('',#3230,#3230,#2495,.T.);
#4112=EDGE_CURVE('',#3231,#3231,#2496,.T.);
#4113=EDGE_CURVE('',#3232,#3232,#2497,.T.);
#4114=EDGE_CURVE('',#3232,#3229,#221,.T.);
#4115=EDGE_CURVE('',#3233,#3234,#2498,.T.);
#4116=EDGE_CURVE('',#3234,#3231,#2499,.T.);
#4117=EDGE_CURVE('',#3234,#3233,#2500,.T.);
#4118=EDGE_CURVE('',#3235,#3236,#2501,.T.);
#4119=EDGE_CURVE('',#3235,#3233,#222,.T.);
#4120=EDGE_CURVE('',#3236,#3235,#2502,.T.);
#4121=EDGE_CURVE('',#3237,#3237,#2503,.T.);
#4122=EDGE_CURVE('',#3237,#3232,#2504,.T.);
#4123=EDGE_CURVE('',#3238,#3238,#2505,.T.);
#4124=EDGE_CURVE('',#3238,#3236,#2506,.T.);
#4125=EDGE_CURVE('',#3239,#3239,#2507,.T.);
#4126=EDGE_CURVE('',#3239,#3240,#2508,.T.);
#4127=EDGE_CURVE('',#3240,#3240,#2509,.T.);
#4128=EDGE_CURVE('',#3241,#3241,#2510,.T.);
#4129=EDGE_CURVE('',#3242,#3242,#2511,.T.);
#4130=EDGE_CURVE('',#3242,#3239,#223,.T.);
#4131=EDGE_CURVE('',#3243,#3244,#2512,.T.);
#4132=EDGE_CURVE('',#3244,#3241,#2513,.T.);
#4133=EDGE_CURVE('',#3244,#3243,#2514,.T.);
#4134=EDGE_CURVE('',#3245,#3246,#2515,.T.);
#4135=EDGE_CURVE('',#3245,#3243,#224,.T.);
#4136=EDGE_CURVE('',#3246,#3245,#2516,.T.);
#4137=EDGE_CURVE('',#3247,#3247,#2517,.T.);
#4138=EDGE_CURVE('',#3247,#3242,#2518,.T.);
#4139=EDGE_CURVE('',#3248,#3248,#2519,.T.);
#4140=EDGE_CURVE('',#3248,#3246,#2520,.T.);
#4141=EDGE_CURVE('',#3249,#3249,#2521,.T.);
#4142=EDGE_CURVE('',#3249,#3250,#2522,.T.);
#4143=EDGE_CURVE('',#3250,#3250,#2523,.T.);
#4144=EDGE_CURVE('',#3251,#3251,#2524,.T.);
#4145=EDGE_CURVE('',#3252,#3252,#2525,.T.);
#4146=EDGE_CURVE('',#3252,#3249,#225,.T.);
#4147=EDGE_CURVE('',#3253,#3254,#2526,.T.);
#4148=EDGE_CURVE('',#3254,#3251,#2527,.T.);
#4149=EDGE_CURVE('',#3254,#3253,#2528,.T.);
#4150=EDGE_CURVE('',#3255,#3256,#2529,.T.);
#4151=EDGE_CURVE('',#3255,#3253,#226,.T.);
#4152=EDGE_CURVE('',#3256,#3255,#2530,.T.);
#4153=EDGE_CURVE('',#3257,#3257,#2531,.T.);
#4154=EDGE_CURVE('',#3257,#3252,#2532,.T.);
#4155=EDGE_CURVE('',#3258,#3258,#2533,.T.);
#4156=EDGE_CURVE('',#3258,#3256,#2534,.T.);
#4157=EDGE_CURVE('',#3259,#3259,#2535,.T.);
#4158=EDGE_CURVE('',#3259,#3260,#2536,.T.);
#4159=EDGE_CURVE('',#3260,#3260,#2537,.T.);
#4160=EDGE_CURVE('',#3261,#3261,#2538,.T.);
#4161=EDGE_CURVE('',#3262,#3262,#2539,.T.);
#4162=EDGE_CURVE('',#3262,#3259,#227,.T.);
#4163=EDGE_CURVE('',#3263,#3264,#2540,.T.);
#4164=EDGE_CURVE('',#3264,#3261,#2541,.T.);
#4165=EDGE_CURVE('',#3264,#3263,#2542,.T.);
#4166=EDGE_CURVE('',#3265,#3266,#2543,.T.);
#4167=EDGE_CURVE('',#3265,#3263,#228,.T.);
#4168=EDGE_CURVE('',#3266,#3265,#2544,.T.);
#4169=EDGE_CURVE('',#3267,#3267,#2545,.T.);
#4170=EDGE_CURVE('',#3267,#3262,#2546,.T.);
#4171=EDGE_CURVE('',#3268,#3268,#2547,.T.);
#4172=EDGE_CURVE('',#3268,#3266,#2548,.T.);
#4173=EDGE_CURVE('',#3269,#3269,#2549,.T.);
#4174=EDGE_CURVE('',#3269,#3270,#2550,.T.);
#4175=EDGE_CURVE('',#3270,#3270,#2551,.T.);
#4176=EDGE_CURVE('',#3271,#3271,#2552,.T.);
#4177=EDGE_CURVE('',#3272,#3272,#2553,.T.);
#4178=EDGE_CURVE('',#3272,#3269,#229,.T.);
#4179=EDGE_CURVE('',#3273,#3274,#2554,.T.);
#4180=EDGE_CURVE('',#3274,#3271,#2555,.T.);
#4181=EDGE_CURVE('',#3274,#3273,#2556,.T.);
#4182=EDGE_CURVE('',#3275,#3276,#2557,.T.);
#4183=EDGE_CURVE('',#3275,#3273,#230,.T.);
#4184=EDGE_CURVE('',#3276,#3275,#2558,.T.);
#4185=EDGE_CURVE('',#3277,#3277,#2559,.T.);
#4186=EDGE_CURVE('',#3277,#3272,#2560,.T.);
#4187=EDGE_CURVE('',#3278,#3278,#2561,.T.);
#4188=EDGE_CURVE('',#3278,#3276,#2562,.T.);
#4189=EDGE_CURVE('',#3279,#3279,#2563,.T.);
#4190=EDGE_CURVE('',#3279,#3280,#2564,.T.);
#4191=EDGE_CURVE('',#3280,#3280,#2565,.T.);
#4192=EDGE_CURVE('',#3281,#3281,#2566,.T.);
#4193=EDGE_CURVE('',#3282,#3282,#2567,.T.);
#4194=EDGE_CURVE('',#3282,#3279,#231,.T.);
#4195=EDGE_CURVE('',#3283,#3284,#2568,.T.);
#4196=EDGE_CURVE('',#3284,#3281,#2569,.T.);
#4197=EDGE_CURVE('',#3284,#3283,#2570,.T.);
#4198=EDGE_CURVE('',#3285,#3286,#2571,.T.);
#4199=EDGE_CURVE('',#3285,#3283,#232,.T.);
#4200=EDGE_CURVE('',#3286,#3285,#2572,.T.);
#4201=EDGE_CURVE('',#3287,#3287,#2573,.T.);
#4202=EDGE_CURVE('',#3287,#3282,#2574,.T.);
#4203=EDGE_CURVE('',#3288,#3288,#2575,.T.);
#4204=EDGE_CURVE('',#3288,#3286,#2576,.T.);
#4205=EDGE_CURVE('',#3289,#3289,#2577,.T.);
#4206=EDGE_CURVE('',#3289,#3290,#2578,.T.);
#4207=EDGE_CURVE('',#3290,#3290,#2579,.T.);
#4208=EDGE_CURVE('',#3291,#3291,#2580,.T.);
#4209=EDGE_CURVE('',#3292,#3292,#2581,.T.);
#4210=EDGE_CURVE('',#3292,#3289,#233,.T.);
#4211=EDGE_CURVE('',#3293,#3294,#2582,.T.);
#4212=EDGE_CURVE('',#3294,#3291,#2583,.T.);
#4213=EDGE_CURVE('',#3294,#3293,#2584,.T.);
#4214=EDGE_CURVE('',#3295,#3296,#2585,.T.);
#4215=EDGE_CURVE('',#3295,#3293,#234,.T.);
#4216=EDGE_CURVE('',#3296,#3295,#2586,.T.);
#4217=EDGE_CURVE('',#3297,#3297,#2587,.T.);
#4218=EDGE_CURVE('',#3297,#3292,#2588,.T.);
#4219=EDGE_CURVE('',#3298,#3298,#2589,.T.);
#4220=EDGE_CURVE('',#3298,#3296,#2590,.T.);
#4221=EDGE_CURVE('',#3299,#3299,#2591,.T.);
#4222=EDGE_CURVE('',#3299,#3300,#2592,.T.);
#4223=EDGE_CURVE('',#3300,#3300,#2593,.T.);
#4224=EDGE_CURVE('',#3301,#3301,#2594,.T.);
#4225=EDGE_CURVE('',#3302,#3302,#2595,.T.);
#4226=EDGE_CURVE('',#3302,#3299,#235,.T.);
#4227=EDGE_CURVE('',#3303,#3304,#2596,.T.);
#4228=EDGE_CURVE('',#3304,#3301,#2597,.T.);
#4229=EDGE_CURVE('',#3304,#3303,#2598,.T.);
#4230=EDGE_CURVE('',#3305,#3306,#2599,.T.);
#4231=EDGE_CURVE('',#3305,#3303,#236,.T.);
#4232=EDGE_CURVE('',#3306,#3305,#2600,.T.);
#4233=EDGE_CURVE('',#3307,#3307,#2601,.T.);
#4234=EDGE_CURVE('',#3307,#3302,#2602,.T.);
#4235=EDGE_CURVE('',#3308,#3308,#2603,.T.);
#4236=EDGE_CURVE('',#3308,#3306,#2604,.T.);
#4237=EDGE_CURVE('',#3309,#3309,#2605,.T.);
#4238=EDGE_CURVE('',#3309,#3310,#2606,.T.);
#4239=EDGE_CURVE('',#3310,#3310,#2607,.T.);
#4240=EDGE_CURVE('',#3311,#3311,#2608,.T.);
#4241=EDGE_CURVE('',#3312,#3312,#2609,.T.);
#4242=EDGE_CURVE('',#3312,#3309,#237,.T.);
#4243=EDGE_CURVE('',#3313,#3314,#2610,.T.);
#4244=EDGE_CURVE('',#3314,#3311,#2611,.T.);
#4245=EDGE_CURVE('',#3314,#3313,#2612,.T.);
#4246=EDGE_CURVE('',#3315,#3316,#2613,.T.);
#4247=EDGE_CURVE('',#3315,#3313,#238,.T.);
#4248=EDGE_CURVE('',#3316,#3315,#2614,.T.);
#4249=EDGE_CURVE('',#3317,#3317,#2615,.T.);
#4250=EDGE_CURVE('',#3317,#3312,#2616,.T.);
#4251=EDGE_CURVE('',#3318,#3318,#2617,.T.);
#4252=EDGE_CURVE('',#3318,#3316,#2618,.T.);
#4253=EDGE_CURVE('',#3319,#3319,#2619,.T.);
#4254=EDGE_CURVE('',#3319,#3320,#2620,.T.);
#4255=EDGE_CURVE('',#3320,#3320,#2621,.T.);
#4256=EDGE_CURVE('',#3321,#3321,#2622,.T.);
#4257=EDGE_CURVE('',#3322,#3322,#2623,.T.);
#4258=EDGE_CURVE('',#3322,#3319,#239,.T.);
#4259=EDGE_CURVE('',#3323,#3324,#2624,.T.);
#4260=EDGE_CURVE('',#3324,#3321,#2625,.T.);
#4261=EDGE_CURVE('',#3324,#3323,#2626,.T.);
#4262=EDGE_CURVE('',#3325,#3326,#2627,.T.);
#4263=EDGE_CURVE('',#3325,#3323,#240,.T.);
#4264=EDGE_CURVE('',#3326,#3325,#2628,.T.);
#4265=EDGE_CURVE('',#3327,#3327,#2629,.T.);
#4266=EDGE_CURVE('',#3327,#3322,#2630,.T.);
#4267=EDGE_CURVE('',#3328,#3328,#2631,.T.);
#4268=EDGE_CURVE('',#3328,#3326,#2632,.T.);
#4269=EDGE_CURVE('',#3329,#3329,#2633,.T.);
#4270=EDGE_CURVE('',#3329,#3330,#2634,.T.);
#4271=EDGE_CURVE('',#3330,#3330,#2635,.T.);
#4272=EDGE_CURVE('',#3331,#3331,#2636,.T.);
#4273=EDGE_CURVE('',#3332,#3332,#2637,.T.);
#4274=EDGE_CURVE('',#3332,#3329,#241,.T.);
#4275=EDGE_CURVE('',#3333,#3334,#2638,.T.);
#4276=EDGE_CURVE('',#3334,#3331,#2639,.T.);
#4277=EDGE_CURVE('',#3334,#3333,#2640,.T.);
#4278=EDGE_CURVE('',#3335,#3336,#2641,.T.);
#4279=EDGE_CURVE('',#3335,#3333,#242,.T.);
#4280=EDGE_CURVE('',#3336,#3335,#2642,.T.);
#4281=EDGE_CURVE('',#3337,#3337,#2643,.T.);
#4282=EDGE_CURVE('',#3337,#3332,#2644,.T.);
#4283=EDGE_CURVE('',#3338,#3338,#2645,.T.);
#4284=EDGE_CURVE('',#3338,#3336,#2646,.T.);
#4285=EDGE_CURVE('',#3339,#3339,#2647,.T.);
#4286=EDGE_CURVE('',#3339,#3340,#2648,.T.);
#4287=EDGE_CURVE('',#3340,#3340,#2649,.T.);
#4288=EDGE_CURVE('',#3341,#3341,#2650,.T.);
#4289=EDGE_CURVE('',#3342,#3342,#2651,.T.);
#4290=EDGE_CURVE('',#3342,#3339,#243,.T.);
#4291=EDGE_CURVE('',#3343,#3344,#2652,.T.);
#4292=EDGE_CURVE('',#3344,#3341,#2653,.T.);
#4293=EDGE_CURVE('',#3344,#3343,#2654,.T.);
#4294=EDGE_CURVE('',#3345,#3346,#2655,.T.);
#4295=EDGE_CURVE('',#3345,#3343,#244,.T.);
#4296=EDGE_CURVE('',#3346,#3345,#2656,.T.);
#4297=EDGE_CURVE('',#3347,#3347,#2657,.T.);
#4298=EDGE_CURVE('',#3347,#3342,#2658,.T.);
#4299=EDGE_CURVE('',#3348,#3348,#2659,.T.);
#4300=EDGE_CURVE('',#3348,#3346,#2660,.T.);
#4301=EDGE_CURVE('',#3349,#3349,#2661,.T.);
#4302=EDGE_CURVE('',#3349,#3350,#2662,.T.);
#4303=EDGE_CURVE('',#3350,#3350,#2663,.T.);
#4304=EDGE_CURVE('',#3351,#3351,#2664,.T.);
#4305=EDGE_CURVE('',#3352,#3352,#2665,.T.);
#4306=EDGE_CURVE('',#3352,#3349,#245,.T.);
#4307=EDGE_CURVE('',#3353,#3354,#2666,.T.);
#4308=EDGE_CURVE('',#3354,#3351,#2667,.T.);
#4309=EDGE_CURVE('',#3354,#3353,#2668,.T.);
#4310=EDGE_CURVE('',#3355,#3356,#2669,.T.);
#4311=EDGE_CURVE('',#3355,#3353,#246,.T.);
#4312=EDGE_CURVE('',#3356,#3355,#2670,.T.);
#4313=EDGE_CURVE('',#3357,#3357,#2671,.T.);
#4314=EDGE_CURVE('',#3357,#3352,#2672,.T.);
#4315=EDGE_CURVE('',#3358,#3358,#2673,.T.);
#4316=EDGE_CURVE('',#3358,#3356,#2674,.T.);
#4317=EDGE_CURVE('',#3359,#3359,#2675,.T.);
#4318=EDGE_CURVE('',#3359,#3360,#2676,.T.);
#4319=EDGE_CURVE('',#3360,#3360,#2677,.T.);
#4320=EDGE_CURVE('',#3361,#3361,#2678,.T.);
#4321=EDGE_CURVE('',#3362,#3362,#2679,.T.);
#4322=EDGE_CURVE('',#3362,#3359,#247,.T.);
#4323=EDGE_CURVE('',#3363,#3364,#2680,.T.);
#4324=EDGE_CURVE('',#3364,#3361,#2681,.T.);
#4325=EDGE_CURVE('',#3364,#3363,#2682,.T.);
#4326=EDGE_CURVE('',#3365,#3366,#2683,.T.);
#4327=EDGE_CURVE('',#3365,#3363,#248,.T.);
#4328=EDGE_CURVE('',#3366,#3365,#2684,.T.);
#4329=EDGE_CURVE('',#3367,#3367,#2685,.T.);
#4330=EDGE_CURVE('',#3367,#3362,#2686,.T.);
#4331=EDGE_CURVE('',#3368,#3368,#2687,.T.);
#4332=EDGE_CURVE('',#3368,#3366,#2688,.T.);
#4333=EDGE_CURVE('',#3369,#3369,#2689,.T.);
#4334=EDGE_CURVE('',#3369,#3370,#2690,.T.);
#4335=EDGE_CURVE('',#3370,#3370,#2691,.T.);
#4336=EDGE_CURVE('',#3371,#3371,#2692,.T.);
#4337=EDGE_CURVE('',#3372,#3372,#2693,.T.);
#4338=EDGE_CURVE('',#3372,#3369,#249,.T.);
#4339=EDGE_CURVE('',#3373,#3374,#2694,.T.);
#4340=EDGE_CURVE('',#3374,#3371,#2695,.T.);
#4341=EDGE_CURVE('',#3374,#3373,#2696,.T.);
#4342=EDGE_CURVE('',#3375,#3376,#2697,.T.);
#4343=EDGE_CURVE('',#3375,#3373,#250,.T.);
#4344=EDGE_CURVE('',#3376,#3375,#2698,.T.);
#4345=EDGE_CURVE('',#3377,#3377,#2699,.T.);
#4346=EDGE_CURVE('',#3377,#3372,#2700,.T.);
#4347=EDGE_CURVE('',#3378,#3378,#2701,.T.);
#4348=EDGE_CURVE('',#3378,#3376,#2702,.T.);
#4349=EDGE_CURVE('',#3379,#3379,#2703,.T.);
#4350=EDGE_CURVE('',#3379,#3380,#2704,.T.);
#4351=EDGE_CURVE('',#3380,#3380,#2705,.T.);
#4352=EDGE_CURVE('',#3381,#3381,#2706,.T.);
#4353=EDGE_CURVE('',#3382,#3382,#2707,.T.);
#4354=EDGE_CURVE('',#3382,#3379,#251,.T.);
#4355=EDGE_CURVE('',#3383,#3384,#2708,.T.);
#4356=EDGE_CURVE('',#3384,#3381,#2709,.T.);
#4357=EDGE_CURVE('',#3384,#3383,#2710,.T.);
#4358=EDGE_CURVE('',#3385,#3386,#2711,.T.);
#4359=EDGE_CURVE('',#3385,#3383,#252,.T.);
#4360=EDGE_CURVE('',#3386,#3385,#2712,.T.);
#4361=EDGE_CURVE('',#3387,#3387,#2713,.T.);
#4362=EDGE_CURVE('',#3387,#3382,#2714,.T.);
#4363=EDGE_CURVE('',#3388,#3388,#2715,.T.);
#4364=EDGE_CURVE('',#3388,#3386,#2716,.T.);
#4365=EDGE_CURVE('',#3389,#3389,#2717,.T.);
#4366=EDGE_CURVE('',#3389,#3390,#2718,.T.);
#4367=EDGE_CURVE('',#3390,#3390,#2719,.T.);
#4368=EDGE_CURVE('',#3391,#3391,#2720,.T.);
#4369=EDGE_CURVE('',#3392,#3392,#2721,.T.);
#4370=EDGE_CURVE('',#3392,#3389,#253,.T.);
#4371=EDGE_CURVE('',#3393,#3394,#2722,.T.);
#4372=EDGE_CURVE('',#3394,#3391,#2723,.T.);
#4373=EDGE_CURVE('',#3394,#3393,#2724,.T.);
#4374=EDGE_CURVE('',#3395,#3396,#2725,.T.);
#4375=EDGE_CURVE('',#3395,#3393,#254,.T.);
#4376=EDGE_CURVE('',#3396,#3395,#2726,.T.);
#4377=EDGE_CURVE('',#3397,#3397,#2727,.T.);
#4378=EDGE_CURVE('',#3397,#3392,#2728,.T.);
#4379=EDGE_CURVE('',#3398,#3398,#2729,.T.);
#4380=EDGE_CURVE('',#3398,#3396,#2730,.T.);
#4381=EDGE_CURVE('',#3399,#3399,#2731,.T.);
#4382=EDGE_CURVE('',#3399,#3400,#2732,.T.);
#4383=EDGE_CURVE('',#3400,#3400,#2733,.T.);
#4384=EDGE_CURVE('',#3401,#3401,#2734,.T.);
#4385=EDGE_CURVE('',#3402,#3402,#2735,.T.);
#4386=EDGE_CURVE('',#3402,#3399,#255,.T.);
#4387=EDGE_CURVE('',#3403,#3404,#2736,.T.);
#4388=EDGE_CURVE('',#3404,#3401,#2737,.T.);
#4389=EDGE_CURVE('',#3404,#3403,#2738,.T.);
#4390=EDGE_CURVE('',#3405,#3406,#2739,.T.);
#4391=EDGE_CURVE('',#3405,#3403,#256,.T.);
#4392=EDGE_CURVE('',#3406,#3405,#2740,.T.);
#4393=EDGE_CURVE('',#3407,#3407,#2741,.T.);
#4394=EDGE_CURVE('',#3407,#3402,#2742,.T.);
#4395=EDGE_CURVE('',#3408,#3408,#2743,.T.);
#4396=EDGE_CURVE('',#3408,#3406,#2744,.T.);
#4397=EDGE_CURVE('',#3409,#3409,#2745,.T.);
#4398=EDGE_CURVE('',#3409,#3410,#2746,.T.);
#4399=EDGE_CURVE('',#3410,#3410,#2747,.T.);
#4400=EDGE_CURVE('',#3411,#3411,#2748,.T.);
#4401=EDGE_CURVE('',#3412,#3412,#2749,.T.);
#4402=EDGE_CURVE('',#3412,#3409,#257,.T.);
#4403=EDGE_CURVE('',#3413,#3414,#2750,.T.);
#4404=EDGE_CURVE('',#3414,#3411,#2751,.T.);
#4405=EDGE_CURVE('',#3414,#3413,#2752,.T.);
#4406=EDGE_CURVE('',#3415,#3416,#2753,.T.);
#4407=EDGE_CURVE('',#3415,#3413,#258,.T.);
#4408=EDGE_CURVE('',#3416,#3415,#2754,.T.);
#4409=EDGE_CURVE('',#3417,#3417,#2755,.T.);
#4410=EDGE_CURVE('',#3417,#3412,#2756,.T.);
#4411=EDGE_CURVE('',#3418,#3418,#2757,.T.);
#4412=EDGE_CURVE('',#3418,#3416,#2758,.T.);
#4413=EDGE_CURVE('',#3419,#3419,#2759,.T.);
#4414=EDGE_CURVE('',#3419,#3420,#2760,.T.);
#4415=EDGE_CURVE('',#3420,#3420,#2761,.T.);
#4416=EDGE_CURVE('',#3421,#3421,#2762,.T.);
#4417=EDGE_CURVE('',#3422,#3422,#2763,.T.);
#4418=EDGE_CURVE('',#3422,#3419,#259,.T.);
#4419=EDGE_CURVE('',#3423,#3424,#2764,.T.);
#4420=EDGE_CURVE('',#3424,#3421,#2765,.T.);
#4421=EDGE_CURVE('',#3424,#3423,#2766,.T.);
#4422=EDGE_CURVE('',#3425,#3426,#2767,.T.);
#4423=EDGE_CURVE('',#3425,#3423,#260,.T.);
#4424=EDGE_CURVE('',#3426,#3425,#2768,.T.);
#4425=EDGE_CURVE('',#3427,#3427,#2769,.T.);
#4426=EDGE_CURVE('',#3427,#3422,#2770,.T.);
#4427=EDGE_CURVE('',#3428,#3428,#2771,.T.);
#4428=EDGE_CURVE('',#3428,#3426,#2772,.T.);
#4429=EDGE_CURVE('',#3429,#3429,#2773,.T.);
#4430=EDGE_CURVE('',#3429,#3430,#2774,.T.);
#4431=EDGE_CURVE('',#3430,#3430,#2775,.T.);
#4432=EDGE_CURVE('',#3431,#3431,#2776,.T.);
#4433=EDGE_CURVE('',#3432,#3432,#2777,.T.);
#4434=EDGE_CURVE('',#3432,#3429,#261,.T.);
#4435=EDGE_CURVE('',#3433,#3434,#2778,.T.);
#4436=EDGE_CURVE('',#3434,#3431,#2779,.T.);
#4437=EDGE_CURVE('',#3434,#3433,#2780,.T.);
#4438=EDGE_CURVE('',#3435,#3436,#2781,.T.);
#4439=EDGE_CURVE('',#3435,#3433,#262,.T.);
#4440=EDGE_CURVE('',#3436,#3435,#2782,.T.);
#4441=EDGE_CURVE('',#3437,#3437,#2783,.T.);
#4442=EDGE_CURVE('',#3437,#3432,#2784,.T.);
#4443=EDGE_CURVE('',#3438,#3438,#2785,.T.);
#4444=EDGE_CURVE('',#3438,#3436,#2786,.T.);
#4445=EDGE_CURVE('',#3439,#3439,#2787,.T.);
#4446=EDGE_CURVE('',#3439,#3440,#2788,.T.);
#4447=EDGE_CURVE('',#3440,#3440,#2789,.T.);
#4448=EDGE_CURVE('',#3441,#3441,#2790,.T.);
#4449=EDGE_CURVE('',#3442,#3442,#2791,.T.);
#4450=EDGE_CURVE('',#3442,#3439,#263,.T.);
#4451=EDGE_CURVE('',#3443,#3444,#2792,.T.);
#4452=EDGE_CURVE('',#3444,#3441,#2793,.T.);
#4453=EDGE_CURVE('',#3444,#3443,#2794,.T.);
#4454=EDGE_CURVE('',#3445,#3446,#2795,.T.);
#4455=EDGE_CURVE('',#3445,#3443,#264,.T.);
#4456=EDGE_CURVE('',#3446,#3445,#2796,.T.);
#4457=EDGE_CURVE('',#3447,#3447,#2797,.T.);
#4458=EDGE_CURVE('',#3447,#3442,#2798,.T.);
#4459=EDGE_CURVE('',#3448,#3448,#2799,.T.);
#4460=EDGE_CURVE('',#3448,#3446,#2800,.T.);
#4461=EDGE_CURVE('',#3449,#3449,#2801,.T.);
#4462=EDGE_CURVE('',#3449,#3450,#2802,.T.);
#4463=EDGE_CURVE('',#3450,#3450,#2803,.T.);
#4464=EDGE_CURVE('',#3451,#3451,#2804,.T.);
#4465=EDGE_CURVE('',#3452,#3452,#2805,.T.);
#4466=EDGE_CURVE('',#3452,#3449,#265,.T.);
#4467=EDGE_CURVE('',#3453,#3454,#2806,.T.);
#4468=EDGE_CURVE('',#3454,#3451,#2807,.T.);
#4469=EDGE_CURVE('',#3454,#3453,#2808,.T.);
#4470=EDGE_CURVE('',#3455,#3456,#2809,.T.);
#4471=EDGE_CURVE('',#3455,#3453,#266,.T.);
#4472=EDGE_CURVE('',#3456,#3455,#2810,.T.);
#4473=EDGE_CURVE('',#3457,#3457,#2811,.T.);
#4474=EDGE_CURVE('',#3457,#3452,#2812,.T.);
#4475=EDGE_CURVE('',#3458,#3458,#2813,.T.);
#4476=EDGE_CURVE('',#3458,#3456,#2814,.T.);
#4477=EDGE_CURVE('',#3459,#3459,#2815,.T.);
#4478=EDGE_CURVE('',#3459,#3460,#2816,.T.);
#4479=EDGE_CURVE('',#3460,#3460,#2817,.T.);
#4480=EDGE_CURVE('',#3461,#3461,#2818,.T.);
#4481=EDGE_CURVE('',#3462,#3462,#2819,.T.);
#4482=EDGE_CURVE('',#3462,#3459,#267,.T.);
#4483=EDGE_CURVE('',#3463,#3464,#2820,.T.);
#4484=EDGE_CURVE('',#3464,#3461,#2821,.T.);
#4485=EDGE_CURVE('',#3464,#3463,#2822,.T.);
#4486=EDGE_CURVE('',#3465,#3466,#2823,.T.);
#4487=EDGE_CURVE('',#3465,#3463,#268,.T.);
#4488=EDGE_CURVE('',#3466,#3465,#2824,.T.);
#4489=EDGE_CURVE('',#3467,#3467,#2825,.T.);
#4490=EDGE_CURVE('',#3467,#3462,#2826,.T.);
#4491=EDGE_CURVE('',#3468,#3468,#2827,.T.);
#4492=EDGE_CURVE('',#3468,#3466,#2828,.T.);
#4493=ORIENTED_EDGE('',*,*,#3469,.T.);
#4494=ORIENTED_EDGE('',*,*,#3470,.T.);
#4495=ORIENTED_EDGE('',*,*,#3471,.T.);
#4496=ORIENTED_EDGE('',*,*,#3470,.F.);
#4497=ORIENTED_EDGE('',*,*,#3471,.F.);
#4498=ORIENTED_EDGE('',*,*,#3472,.F.);
#4499=ORIENTED_EDGE('',*,*,#3473,.F.);
#4500=ORIENTED_EDGE('',*,*,#3474,.T.);
#4501=ORIENTED_EDGE('',*,*,#3469,.F.);
#4502=ORIENTED_EDGE('',*,*,#3474,.F.);
#4503=ORIENTED_EDGE('',*,*,#3475,.T.);
#4504=ORIENTED_EDGE('',*,*,#3476,.T.);
#4505=ORIENTED_EDGE('',*,*,#3472,.T.);
#4506=ORIENTED_EDGE('',*,*,#3476,.F.);
#4507=ORIENTED_EDGE('',*,*,#3477,.T.);
#4508=ORIENTED_EDGE('',*,*,#3478,.F.);
#4509=ORIENTED_EDGE('',*,*,#3479,.T.);
#4510=ORIENTED_EDGE('',*,*,#3477,.F.);
#4511=ORIENTED_EDGE('',*,*,#3475,.F.);
#4512=ORIENTED_EDGE('',*,*,#3479,.F.);
#4513=ORIENTED_EDGE('',*,*,#3480,.F.);
#4514=ORIENTED_EDGE('',*,*,#3481,.T.);
#4515=ORIENTED_EDGE('',*,*,#3482,.T.);
#4516=ORIENTED_EDGE('',*,*,#3473,.T.);
#4517=ORIENTED_EDGE('',*,*,#3482,.F.);
#4518=ORIENTED_EDGE('',*,*,#3481,.F.);
#4519=ORIENTED_EDGE('',*,*,#3483,.F.);
#4520=ORIENTED_EDGE('',*,*,#3483,.T.);
#4521=ORIENTED_EDGE('',*,*,#3484,.T.);
#4522=ORIENTED_EDGE('',*,*,#3480,.T.);
#4523=ORIENTED_EDGE('',*,*,#3478,.T.);
#4524=ORIENTED_EDGE('',*,*,#3484,.F.);
#4525=ORIENTED_EDGE('',*,*,#3485,.T.);
#4526=ORIENTED_EDGE('',*,*,#3486,.T.);
#4527=ORIENTED_EDGE('',*,*,#3487,.T.);
#4528=ORIENTED_EDGE('',*,*,#3486,.F.);
#4529=ORIENTED_EDGE('',*,*,#3487,.F.);
#4530=ORIENTED_EDGE('',*,*,#3488,.F.);
#4531=ORIENTED_EDGE('',*,*,#3489,.F.);
#4532=ORIENTED_EDGE('',*,*,#3490,.T.);
#4533=ORIENTED_EDGE('',*,*,#3485,.F.);
#4534=ORIENTED_EDGE('',*,*,#3490,.F.);
#4535=ORIENTED_EDGE('',*,*,#3491,.T.);
#4536=ORIENTED_EDGE('',*,*,#3492,.T.);
#4537=ORIENTED_EDGE('',*,*,#3488,.T.);
#4538=ORIENTED_EDGE('',*,*,#3492,.F.);
#4539=ORIENTED_EDGE('',*,*,#3493,.T.);
#4540=ORIENTED_EDGE('',*,*,#3494,.F.);
#4541=ORIENTED_EDGE('',*,*,#3495,.T.);
#4542=ORIENTED_EDGE('',*,*,#3493,.F.);
#4543=ORIENTED_EDGE('',*,*,#3491,.F.);
#4544=ORIENTED_EDGE('',*,*,#3495,.F.);
#4545=ORIENTED_EDGE('',*,*,#3496,.F.);
#4546=ORIENTED_EDGE('',*,*,#3497,.T.);
#4547=ORIENTED_EDGE('',*,*,#3498,.T.);
#4548=ORIENTED_EDGE('',*,*,#3489,.T.);
#4549=ORIENTED_EDGE('',*,*,#3498,.F.);
#4550=ORIENTED_EDGE('',*,*,#3497,.F.);
#4551=ORIENTED_EDGE('',*,*,#3499,.F.);
#4552=ORIENTED_EDGE('',*,*,#3499,.T.);
#4553=ORIENTED_EDGE('',*,*,#3500,.T.);
#4554=ORIENTED_EDGE('',*,*,#3496,.T.);
#4555=ORIENTED_EDGE('',*,*,#3494,.T.);
#4556=ORIENTED_EDGE('',*,*,#3500,.F.);
#4557=ORIENTED_EDGE('',*,*,#3501,.T.);
#4558=ORIENTED_EDGE('',*,*,#3502,.T.);
#4559=ORIENTED_EDGE('',*,*,#3503,.T.);
#4560=ORIENTED_EDGE('',*,*,#3502,.F.);
#4561=ORIENTED_EDGE('',*,*,#3503,.F.);
#4562=ORIENTED_EDGE('',*,*,#3504,.F.);
#4563=ORIENTED_EDGE('',*,*,#3505,.F.);
#4564=ORIENTED_EDGE('',*,*,#3506,.T.);
#4565=ORIENTED_EDGE('',*,*,#3501,.F.);
#4566=ORIENTED_EDGE('',*,*,#3506,.F.);
#4567=ORIENTED_EDGE('',*,*,#3507,.T.);
#4568=ORIENTED_EDGE('',*,*,#3508,.T.);
#4569=ORIENTED_EDGE('',*,*,#3504,.T.);
#4570=ORIENTED_EDGE('',*,*,#3508,.F.);
#4571=ORIENTED_EDGE('',*,*,#3509,.T.);
#4572=ORIENTED_EDGE('',*,*,#3510,.F.);
#4573=ORIENTED_EDGE('',*,*,#3511,.T.);
#4574=ORIENTED_EDGE('',*,*,#3509,.F.);
#4575=ORIENTED_EDGE('',*,*,#3507,.F.);
#4576=ORIENTED_EDGE('',*,*,#3511,.F.);
#4577=ORIENTED_EDGE('',*,*,#3512,.F.);
#4578=ORIENTED_EDGE('',*,*,#3513,.T.);
#4579=ORIENTED_EDGE('',*,*,#3514,.T.);
#4580=ORIENTED_EDGE('',*,*,#3505,.T.);
#4581=ORIENTED_EDGE('',*,*,#3514,.F.);
#4582=ORIENTED_EDGE('',*,*,#3513,.F.);
#4583=ORIENTED_EDGE('',*,*,#3515,.F.);
#4584=ORIENTED_EDGE('',*,*,#3515,.T.);
#4585=ORIENTED_EDGE('',*,*,#3516,.T.);
#4586=ORIENTED_EDGE('',*,*,#3512,.T.);
#4587=ORIENTED_EDGE('',*,*,#3510,.T.);
#4588=ORIENTED_EDGE('',*,*,#3516,.F.);
#4589=ORIENTED_EDGE('',*,*,#3517,.T.);
#4590=ORIENTED_EDGE('',*,*,#3518,.T.);
#4591=ORIENTED_EDGE('',*,*,#3519,.T.);
#4592=ORIENTED_EDGE('',*,*,#3518,.F.);
#4593=ORIENTED_EDGE('',*,*,#3519,.F.);
#4594=ORIENTED_EDGE('',*,*,#3520,.F.);
#4595=ORIENTED_EDGE('',*,*,#3521,.F.);
#4596=ORIENTED_EDGE('',*,*,#3522,.T.);
#4597=ORIENTED_EDGE('',*,*,#3517,.F.);
#4598=ORIENTED_EDGE('',*,*,#3522,.F.);
#4599=ORIENTED_EDGE('',*,*,#3523,.T.);
#4600=ORIENTED_EDGE('',*,*,#3524,.T.);
#4601=ORIENTED_EDGE('',*,*,#3520,.T.);
#4602=ORIENTED_EDGE('',*,*,#3524,.F.);
#4603=ORIENTED_EDGE('',*,*,#3525,.T.);
#4604=ORIENTED_EDGE('',*,*,#3526,.F.);
#4605=ORIENTED_EDGE('',*,*,#3527,.T.);
#4606=ORIENTED_EDGE('',*,*,#3525,.F.);
#4607=ORIENTED_EDGE('',*,*,#3523,.F.);
#4608=ORIENTED_EDGE('',*,*,#3527,.F.);
#4609=ORIENTED_EDGE('',*,*,#3528,.F.);
#4610=ORIENTED_EDGE('',*,*,#3529,.T.);
#4611=ORIENTED_EDGE('',*,*,#3530,.T.);
#4612=ORIENTED_EDGE('',*,*,#3521,.T.);
#4613=ORIENTED_EDGE('',*,*,#3530,.F.);
#4614=ORIENTED_EDGE('',*,*,#3529,.F.);
#4615=ORIENTED_EDGE('',*,*,#3531,.F.);
#4616=ORIENTED_EDGE('',*,*,#3531,.T.);
#4617=ORIENTED_EDGE('',*,*,#3532,.T.);
#4618=ORIENTED_EDGE('',*,*,#3528,.T.);
#4619=ORIENTED_EDGE('',*,*,#3526,.T.);
#4620=ORIENTED_EDGE('',*,*,#3532,.F.);
#4621=ORIENTED_EDGE('',*,*,#3533,.T.);
#4622=ORIENTED_EDGE('',*,*,#3534,.T.);
#4623=ORIENTED_EDGE('',*,*,#3535,.T.);
#4624=ORIENTED_EDGE('',*,*,#3534,.F.);
#4625=ORIENTED_EDGE('',*,*,#3535,.F.);
#4626=ORIENTED_EDGE('',*,*,#3536,.F.);
#4627=ORIENTED_EDGE('',*,*,#3537,.F.);
#4628=ORIENTED_EDGE('',*,*,#3538,.T.);
#4629=ORIENTED_EDGE('',*,*,#3533,.F.);
#4630=ORIENTED_EDGE('',*,*,#3538,.F.);
#4631=ORIENTED_EDGE('',*,*,#3539,.T.);
#4632=ORIENTED_EDGE('',*,*,#3540,.T.);
#4633=ORIENTED_EDGE('',*,*,#3536,.T.);
#4634=ORIENTED_EDGE('',*,*,#3540,.F.);
#4635=ORIENTED_EDGE('',*,*,#3541,.T.);
#4636=ORIENTED_EDGE('',*,*,#3542,.F.);
#4637=ORIENTED_EDGE('',*,*,#3543,.T.);
#4638=ORIENTED_EDGE('',*,*,#3541,.F.);
#4639=ORIENTED_EDGE('',*,*,#3539,.F.);
#4640=ORIENTED_EDGE('',*,*,#3543,.F.);
#4641=ORIENTED_EDGE('',*,*,#3544,.F.);
#4642=ORIENTED_EDGE('',*,*,#3545,.T.);
#4643=ORIENTED_EDGE('',*,*,#3546,.T.);
#4644=ORIENTED_EDGE('',*,*,#3537,.T.);
#4645=ORIENTED_EDGE('',*,*,#3546,.F.);
#4646=ORIENTED_EDGE('',*,*,#3545,.F.);
#4647=ORIENTED_EDGE('',*,*,#3547,.F.);
#4648=ORIENTED_EDGE('',*,*,#3547,.T.);
#4649=ORIENTED_EDGE('',*,*,#3548,.T.);
#4650=ORIENTED_EDGE('',*,*,#3544,.T.);
#4651=ORIENTED_EDGE('',*,*,#3542,.T.);
#4652=ORIENTED_EDGE('',*,*,#3548,.F.);
#4653=ORIENTED_EDGE('',*,*,#3549,.T.);
#4654=ORIENTED_EDGE('',*,*,#3550,.T.);
#4655=ORIENTED_EDGE('',*,*,#3551,.T.);
#4656=ORIENTED_EDGE('',*,*,#3550,.F.);
#4657=ORIENTED_EDGE('',*,*,#3551,.F.);
#4658=ORIENTED_EDGE('',*,*,#3552,.F.);
#4659=ORIENTED_EDGE('',*,*,#3553,.F.);
#4660=ORIENTED_EDGE('',*,*,#3554,.T.);
#4661=ORIENTED_EDGE('',*,*,#3549,.F.);
#4662=ORIENTED_EDGE('',*,*,#3554,.F.);
#4663=ORIENTED_EDGE('',*,*,#3555,.T.);
#4664=ORIENTED_EDGE('',*,*,#3556,.T.);
#4665=ORIENTED_EDGE('',*,*,#3552,.T.);
#4666=ORIENTED_EDGE('',*,*,#3556,.F.);
#4667=ORIENTED_EDGE('',*,*,#3557,.T.);
#4668=ORIENTED_EDGE('',*,*,#3558,.F.);
#4669=ORIENTED_EDGE('',*,*,#3559,.T.);
#4670=ORIENTED_EDGE('',*,*,#3557,.F.);
#4671=ORIENTED_EDGE('',*,*,#3555,.F.);
#4672=ORIENTED_EDGE('',*,*,#3559,.F.);
#4673=ORIENTED_EDGE('',*,*,#3560,.F.);
#4674=ORIENTED_EDGE('',*,*,#3561,.T.);
#4675=ORIENTED_EDGE('',*,*,#3562,.T.);
#4676=ORIENTED_EDGE('',*,*,#3553,.T.);
#4677=ORIENTED_EDGE('',*,*,#3562,.F.);
#4678=ORIENTED_EDGE('',*,*,#3561,.F.);
#4679=ORIENTED_EDGE('',*,*,#3563,.F.);
#4680=ORIENTED_EDGE('',*,*,#3563,.T.);
#4681=ORIENTED_EDGE('',*,*,#3564,.T.);
#4682=ORIENTED_EDGE('',*,*,#3560,.T.);
#4683=ORIENTED_EDGE('',*,*,#3558,.T.);
#4684=ORIENTED_EDGE('',*,*,#3564,.F.);
#4685=ORIENTED_EDGE('',*,*,#3565,.T.);
#4686=ORIENTED_EDGE('',*,*,#3566,.T.);
#4687=ORIENTED_EDGE('',*,*,#3567,.T.);
#4688=ORIENTED_EDGE('',*,*,#3566,.F.);
#4689=ORIENTED_EDGE('',*,*,#3567,.F.);
#4690=ORIENTED_EDGE('',*,*,#3568,.F.);
#4691=ORIENTED_EDGE('',*,*,#3569,.F.);
#4692=ORIENTED_EDGE('',*,*,#3570,.T.);
#4693=ORIENTED_EDGE('',*,*,#3565,.F.);
#4694=ORIENTED_EDGE('',*,*,#3570,.F.);
#4695=ORIENTED_EDGE('',*,*,#3571,.T.);
#4696=ORIENTED_EDGE('',*,*,#3572,.T.);
#4697=ORIENTED_EDGE('',*,*,#3568,.T.);
#4698=ORIENTED_EDGE('',*,*,#3572,.F.);
#4699=ORIENTED_EDGE('',*,*,#3573,.T.);
#4700=ORIENTED_EDGE('',*,*,#3574,.F.);
#4701=ORIENTED_EDGE('',*,*,#3575,.T.);
#4702=ORIENTED_EDGE('',*,*,#3573,.F.);
#4703=ORIENTED_EDGE('',*,*,#3571,.F.);
#4704=ORIENTED_EDGE('',*,*,#3575,.F.);
#4705=ORIENTED_EDGE('',*,*,#3576,.F.);
#4706=ORIENTED_EDGE('',*,*,#3577,.T.);
#4707=ORIENTED_EDGE('',*,*,#3578,.T.);
#4708=ORIENTED_EDGE('',*,*,#3569,.T.);
#4709=ORIENTED_EDGE('',*,*,#3578,.F.);
#4710=ORIENTED_EDGE('',*,*,#3577,.F.);
#4711=ORIENTED_EDGE('',*,*,#3579,.F.);
#4712=ORIENTED_EDGE('',*,*,#3579,.T.);
#4713=ORIENTED_EDGE('',*,*,#3580,.T.);
#4714=ORIENTED_EDGE('',*,*,#3576,.T.);
#4715=ORIENTED_EDGE('',*,*,#3574,.T.);
#4716=ORIENTED_EDGE('',*,*,#3580,.F.);
#4717=ORIENTED_EDGE('',*,*,#3581,.T.);
#4718=ORIENTED_EDGE('',*,*,#3582,.T.);
#4719=ORIENTED_EDGE('',*,*,#3583,.T.);
#4720=ORIENTED_EDGE('',*,*,#3582,.F.);
#4721=ORIENTED_EDGE('',*,*,#3583,.F.);
#4722=ORIENTED_EDGE('',*,*,#3584,.F.);
#4723=ORIENTED_EDGE('',*,*,#3585,.F.);
#4724=ORIENTED_EDGE('',*,*,#3586,.T.);
#4725=ORIENTED_EDGE('',*,*,#3581,.F.);
#4726=ORIENTED_EDGE('',*,*,#3586,.F.);
#4727=ORIENTED_EDGE('',*,*,#3587,.T.);
#4728=ORIENTED_EDGE('',*,*,#3588,.T.);
#4729=ORIENTED_EDGE('',*,*,#3584,.T.);
#4730=ORIENTED_EDGE('',*,*,#3588,.F.);
#4731=ORIENTED_EDGE('',*,*,#3589,.T.);
#4732=ORIENTED_EDGE('',*,*,#3590,.F.);
#4733=ORIENTED_EDGE('',*,*,#3591,.T.);
#4734=ORIENTED_EDGE('',*,*,#3589,.F.);
#4735=ORIENTED_EDGE('',*,*,#3587,.F.);
#4736=ORIENTED_EDGE('',*,*,#3591,.F.);
#4737=ORIENTED_EDGE('',*,*,#3592,.F.);
#4738=ORIENTED_EDGE('',*,*,#3593,.T.);
#4739=ORIENTED_EDGE('',*,*,#3594,.T.);
#4740=ORIENTED_EDGE('',*,*,#3585,.T.);
#4741=ORIENTED_EDGE('',*,*,#3594,.F.);
#4742=ORIENTED_EDGE('',*,*,#3593,.F.);
#4743=ORIENTED_EDGE('',*,*,#3595,.F.);
#4744=ORIENTED_EDGE('',*,*,#3595,.T.);
#4745=ORIENTED_EDGE('',*,*,#3596,.T.);
#4746=ORIENTED_EDGE('',*,*,#3592,.T.);
#4747=ORIENTED_EDGE('',*,*,#3590,.T.);
#4748=ORIENTED_EDGE('',*,*,#3596,.F.);
#4749=ORIENTED_EDGE('',*,*,#3597,.T.);
#4750=ORIENTED_EDGE('',*,*,#3598,.T.);
#4751=ORIENTED_EDGE('',*,*,#3599,.T.);
#4752=ORIENTED_EDGE('',*,*,#3598,.F.);
#4753=ORIENTED_EDGE('',*,*,#3599,.F.);
#4754=ORIENTED_EDGE('',*,*,#3600,.F.);
#4755=ORIENTED_EDGE('',*,*,#3601,.F.);
#4756=ORIENTED_EDGE('',*,*,#3602,.T.);
#4757=ORIENTED_EDGE('',*,*,#3597,.F.);
#4758=ORIENTED_EDGE('',*,*,#3602,.F.);
#4759=ORIENTED_EDGE('',*,*,#3603,.T.);
#4760=ORIENTED_EDGE('',*,*,#3604,.T.);
#4761=ORIENTED_EDGE('',*,*,#3600,.T.);
#4762=ORIENTED_EDGE('',*,*,#3604,.F.);
#4763=ORIENTED_EDGE('',*,*,#3605,.T.);
#4764=ORIENTED_EDGE('',*,*,#3606,.F.);
#4765=ORIENTED_EDGE('',*,*,#3607,.T.);
#4766=ORIENTED_EDGE('',*,*,#3605,.F.);
#4767=ORIENTED_EDGE('',*,*,#3603,.F.);
#4768=ORIENTED_EDGE('',*,*,#3607,.F.);
#4769=ORIENTED_EDGE('',*,*,#3608,.F.);
#4770=ORIENTED_EDGE('',*,*,#3609,.T.);
#4771=ORIENTED_EDGE('',*,*,#3610,.T.);
#4772=ORIENTED_EDGE('',*,*,#3601,.T.);
#4773=ORIENTED_EDGE('',*,*,#3610,.F.);
#4774=ORIENTED_EDGE('',*,*,#3609,.F.);
#4775=ORIENTED_EDGE('',*,*,#3611,.F.);
#4776=ORIENTED_EDGE('',*,*,#3611,.T.);
#4777=ORIENTED_EDGE('',*,*,#3612,.T.);
#4778=ORIENTED_EDGE('',*,*,#3608,.T.);
#4779=ORIENTED_EDGE('',*,*,#3606,.T.);
#4780=ORIENTED_EDGE('',*,*,#3612,.F.);
#4781=ORIENTED_EDGE('',*,*,#3613,.T.);
#4782=ORIENTED_EDGE('',*,*,#3614,.T.);
#4783=ORIENTED_EDGE('',*,*,#3615,.T.);
#4784=ORIENTED_EDGE('',*,*,#3614,.F.);
#4785=ORIENTED_EDGE('',*,*,#3615,.F.);
#4786=ORIENTED_EDGE('',*,*,#3616,.F.);
#4787=ORIENTED_EDGE('',*,*,#3617,.F.);
#4788=ORIENTED_EDGE('',*,*,#3618,.T.);
#4789=ORIENTED_EDGE('',*,*,#3613,.F.);
#4790=ORIENTED_EDGE('',*,*,#3618,.F.);
#4791=ORIENTED_EDGE('',*,*,#3619,.T.);
#4792=ORIENTED_EDGE('',*,*,#3620,.T.);
#4793=ORIENTED_EDGE('',*,*,#3616,.T.);
#4794=ORIENTED_EDGE('',*,*,#3620,.F.);
#4795=ORIENTED_EDGE('',*,*,#3621,.T.);
#4796=ORIENTED_EDGE('',*,*,#3622,.F.);
#4797=ORIENTED_EDGE('',*,*,#3623,.T.);
#4798=ORIENTED_EDGE('',*,*,#3621,.F.);
#4799=ORIENTED_EDGE('',*,*,#3619,.F.);
#4800=ORIENTED_EDGE('',*,*,#3623,.F.);
#4801=ORIENTED_EDGE('',*,*,#3624,.F.);
#4802=ORIENTED_EDGE('',*,*,#3625,.T.);
#4803=ORIENTED_EDGE('',*,*,#3626,.T.);
#4804=ORIENTED_EDGE('',*,*,#3617,.T.);
#4805=ORIENTED_EDGE('',*,*,#3626,.F.);
#4806=ORIENTED_EDGE('',*,*,#3625,.F.);
#4807=ORIENTED_EDGE('',*,*,#3627,.F.);
#4808=ORIENTED_EDGE('',*,*,#3627,.T.);
#4809=ORIENTED_EDGE('',*,*,#3628,.T.);
#4810=ORIENTED_EDGE('',*,*,#3624,.T.);
#4811=ORIENTED_EDGE('',*,*,#3622,.T.);
#4812=ORIENTED_EDGE('',*,*,#3628,.F.);
#4813=ORIENTED_EDGE('',*,*,#3629,.T.);
#4814=ORIENTED_EDGE('',*,*,#3630,.T.);
#4815=ORIENTED_EDGE('',*,*,#3631,.T.);
#4816=ORIENTED_EDGE('',*,*,#3630,.F.);
#4817=ORIENTED_EDGE('',*,*,#3631,.F.);
#4818=ORIENTED_EDGE('',*,*,#3632,.F.);
#4819=ORIENTED_EDGE('',*,*,#3633,.F.);
#4820=ORIENTED_EDGE('',*,*,#3634,.T.);
#4821=ORIENTED_EDGE('',*,*,#3629,.F.);
#4822=ORIENTED_EDGE('',*,*,#3634,.F.);
#4823=ORIENTED_EDGE('',*,*,#3635,.T.);
#4824=ORIENTED_EDGE('',*,*,#3636,.T.);
#4825=ORIENTED_EDGE('',*,*,#3632,.T.);
#4826=ORIENTED_EDGE('',*,*,#3636,.F.);
#4827=ORIENTED_EDGE('',*,*,#3637,.T.);
#4828=ORIENTED_EDGE('',*,*,#3638,.F.);
#4829=ORIENTED_EDGE('',*,*,#3639,.T.);
#4830=ORIENTED_EDGE('',*,*,#3637,.F.);
#4831=ORIENTED_EDGE('',*,*,#3635,.F.);
#4832=ORIENTED_EDGE('',*,*,#3639,.F.);
#4833=ORIENTED_EDGE('',*,*,#3640,.F.);
#4834=ORIENTED_EDGE('',*,*,#3641,.T.);
#4835=ORIENTED_EDGE('',*,*,#3642,.T.);
#4836=ORIENTED_EDGE('',*,*,#3633,.T.);
#4837=ORIENTED_EDGE('',*,*,#3642,.F.);
#4838=ORIENTED_EDGE('',*,*,#3641,.F.);
#4839=ORIENTED_EDGE('',*,*,#3643,.F.);
#4840=ORIENTED_EDGE('',*,*,#3643,.T.);
#4841=ORIENTED_EDGE('',*,*,#3644,.T.);
#4842=ORIENTED_EDGE('',*,*,#3640,.T.);
#4843=ORIENTED_EDGE('',*,*,#3638,.T.);
#4844=ORIENTED_EDGE('',*,*,#3644,.F.);
#4845=ORIENTED_EDGE('',*,*,#3645,.T.);
#4846=ORIENTED_EDGE('',*,*,#3646,.T.);
#4847=ORIENTED_EDGE('',*,*,#3647,.T.);
#4848=ORIENTED_EDGE('',*,*,#3646,.F.);
#4849=ORIENTED_EDGE('',*,*,#3647,.F.);
#4850=ORIENTED_EDGE('',*,*,#3648,.F.);
#4851=ORIENTED_EDGE('',*,*,#3649,.F.);
#4852=ORIENTED_EDGE('',*,*,#3650,.T.);
#4853=ORIENTED_EDGE('',*,*,#3645,.F.);
#4854=ORIENTED_EDGE('',*,*,#3650,.F.);
#4855=ORIENTED_EDGE('',*,*,#3651,.T.);
#4856=ORIENTED_EDGE('',*,*,#3652,.T.);
#4857=ORIENTED_EDGE('',*,*,#3648,.T.);
#4858=ORIENTED_EDGE('',*,*,#3652,.F.);
#4859=ORIENTED_EDGE('',*,*,#3653,.T.);
#4860=ORIENTED_EDGE('',*,*,#3654,.F.);
#4861=ORIENTED_EDGE('',*,*,#3655,.T.);
#4862=ORIENTED_EDGE('',*,*,#3653,.F.);
#4863=ORIENTED_EDGE('',*,*,#3651,.F.);
#4864=ORIENTED_EDGE('',*,*,#3655,.F.);
#4865=ORIENTED_EDGE('',*,*,#3656,.F.);
#4866=ORIENTED_EDGE('',*,*,#3657,.T.);
#4867=ORIENTED_EDGE('',*,*,#3658,.T.);
#4868=ORIENTED_EDGE('',*,*,#3649,.T.);
#4869=ORIENTED_EDGE('',*,*,#3658,.F.);
#4870=ORIENTED_EDGE('',*,*,#3657,.F.);
#4871=ORIENTED_EDGE('',*,*,#3659,.F.);
#4872=ORIENTED_EDGE('',*,*,#3659,.T.);
#4873=ORIENTED_EDGE('',*,*,#3660,.T.);
#4874=ORIENTED_EDGE('',*,*,#3656,.T.);
#4875=ORIENTED_EDGE('',*,*,#3654,.T.);
#4876=ORIENTED_EDGE('',*,*,#3660,.F.);
#4877=ORIENTED_EDGE('',*,*,#3661,.T.);
#4878=ORIENTED_EDGE('',*,*,#3662,.T.);
#4879=ORIENTED_EDGE('',*,*,#3663,.T.);
#4880=ORIENTED_EDGE('',*,*,#3662,.F.);
#4881=ORIENTED_EDGE('',*,*,#3663,.F.);
#4882=ORIENTED_EDGE('',*,*,#3664,.F.);
#4883=ORIENTED_EDGE('',*,*,#3665,.F.);
#4884=ORIENTED_EDGE('',*,*,#3666,.T.);
#4885=ORIENTED_EDGE('',*,*,#3661,.F.);
#4886=ORIENTED_EDGE('',*,*,#3666,.F.);
#4887=ORIENTED_EDGE('',*,*,#3667,.T.);
#4888=ORIENTED_EDGE('',*,*,#3668,.T.);
#4889=ORIENTED_EDGE('',*,*,#3664,.T.);
#4890=ORIENTED_EDGE('',*,*,#3668,.F.);
#4891=ORIENTED_EDGE('',*,*,#3669,.T.);
#4892=ORIENTED_EDGE('',*,*,#3670,.F.);
#4893=ORIENTED_EDGE('',*,*,#3671,.T.);
#4894=ORIENTED_EDGE('',*,*,#3669,.F.);
#4895=ORIENTED_EDGE('',*,*,#3667,.F.);
#4896=ORIENTED_EDGE('',*,*,#3671,.F.);
#4897=ORIENTED_EDGE('',*,*,#3672,.F.);
#4898=ORIENTED_EDGE('',*,*,#3673,.T.);
#4899=ORIENTED_EDGE('',*,*,#3674,.T.);
#4900=ORIENTED_EDGE('',*,*,#3665,.T.);
#4901=ORIENTED_EDGE('',*,*,#3674,.F.);
#4902=ORIENTED_EDGE('',*,*,#3673,.F.);
#4903=ORIENTED_EDGE('',*,*,#3675,.F.);
#4904=ORIENTED_EDGE('',*,*,#3675,.T.);
#4905=ORIENTED_EDGE('',*,*,#3676,.T.);
#4906=ORIENTED_EDGE('',*,*,#3672,.T.);
#4907=ORIENTED_EDGE('',*,*,#3670,.T.);
#4908=ORIENTED_EDGE('',*,*,#3676,.F.);
#4909=ORIENTED_EDGE('',*,*,#3677,.T.);
#4910=ORIENTED_EDGE('',*,*,#3678,.T.);
#4911=ORIENTED_EDGE('',*,*,#3679,.T.);
#4912=ORIENTED_EDGE('',*,*,#3678,.F.);
#4913=ORIENTED_EDGE('',*,*,#3679,.F.);
#4914=ORIENTED_EDGE('',*,*,#3680,.F.);
#4915=ORIENTED_EDGE('',*,*,#3681,.F.);
#4916=ORIENTED_EDGE('',*,*,#3682,.T.);
#4917=ORIENTED_EDGE('',*,*,#3677,.F.);
#4918=ORIENTED_EDGE('',*,*,#3682,.F.);
#4919=ORIENTED_EDGE('',*,*,#3683,.T.);
#4920=ORIENTED_EDGE('',*,*,#3684,.T.);
#4921=ORIENTED_EDGE('',*,*,#3680,.T.);
#4922=ORIENTED_EDGE('',*,*,#3684,.F.);
#4923=ORIENTED_EDGE('',*,*,#3685,.T.);
#4924=ORIENTED_EDGE('',*,*,#3686,.F.);
#4925=ORIENTED_EDGE('',*,*,#3687,.T.);
#4926=ORIENTED_EDGE('',*,*,#3685,.F.);
#4927=ORIENTED_EDGE('',*,*,#3683,.F.);
#4928=ORIENTED_EDGE('',*,*,#3687,.F.);
#4929=ORIENTED_EDGE('',*,*,#3688,.F.);
#4930=ORIENTED_EDGE('',*,*,#3689,.T.);
#4931=ORIENTED_EDGE('',*,*,#3690,.T.);
#4932=ORIENTED_EDGE('',*,*,#3681,.T.);
#4933=ORIENTED_EDGE('',*,*,#3690,.F.);
#4934=ORIENTED_EDGE('',*,*,#3689,.F.);
#4935=ORIENTED_EDGE('',*,*,#3691,.F.);
#4936=ORIENTED_EDGE('',*,*,#3691,.T.);
#4937=ORIENTED_EDGE('',*,*,#3692,.T.);
#4938=ORIENTED_EDGE('',*,*,#3688,.T.);
#4939=ORIENTED_EDGE('',*,*,#3686,.T.);
#4940=ORIENTED_EDGE('',*,*,#3692,.F.);
#4941=ORIENTED_EDGE('',*,*,#3693,.T.);
#4942=ORIENTED_EDGE('',*,*,#3694,.T.);
#4943=ORIENTED_EDGE('',*,*,#3695,.T.);
#4944=ORIENTED_EDGE('',*,*,#3694,.F.);
#4945=ORIENTED_EDGE('',*,*,#3695,.F.);
#4946=ORIENTED_EDGE('',*,*,#3696,.F.);
#4947=ORIENTED_EDGE('',*,*,#3697,.F.);
#4948=ORIENTED_EDGE('',*,*,#3698,.T.);
#4949=ORIENTED_EDGE('',*,*,#3693,.F.);
#4950=ORIENTED_EDGE('',*,*,#3698,.F.);
#4951=ORIENTED_EDGE('',*,*,#3699,.T.);
#4952=ORIENTED_EDGE('',*,*,#3700,.T.);
#4953=ORIENTED_EDGE('',*,*,#3696,.T.);
#4954=ORIENTED_EDGE('',*,*,#3700,.F.);
#4955=ORIENTED_EDGE('',*,*,#3701,.T.);
#4956=ORIENTED_EDGE('',*,*,#3702,.F.);
#4957=ORIENTED_EDGE('',*,*,#3703,.T.);
#4958=ORIENTED_EDGE('',*,*,#3701,.F.);
#4959=ORIENTED_EDGE('',*,*,#3699,.F.);
#4960=ORIENTED_EDGE('',*,*,#3703,.F.);
#4961=ORIENTED_EDGE('',*,*,#3704,.F.);
#4962=ORIENTED_EDGE('',*,*,#3705,.T.);
#4963=ORIENTED_EDGE('',*,*,#3706,.T.);
#4964=ORIENTED_EDGE('',*,*,#3697,.T.);
#4965=ORIENTED_EDGE('',*,*,#3706,.F.);
#4966=ORIENTED_EDGE('',*,*,#3705,.F.);
#4967=ORIENTED_EDGE('',*,*,#3707,.F.);
#4968=ORIENTED_EDGE('',*,*,#3707,.T.);
#4969=ORIENTED_EDGE('',*,*,#3708,.T.);
#4970=ORIENTED_EDGE('',*,*,#3704,.T.);
#4971=ORIENTED_EDGE('',*,*,#3702,.T.);
#4972=ORIENTED_EDGE('',*,*,#3708,.F.);
#4973=ORIENTED_EDGE('',*,*,#3709,.T.);
#4974=ORIENTED_EDGE('',*,*,#3710,.T.);
#4975=ORIENTED_EDGE('',*,*,#3711,.T.);
#4976=ORIENTED_EDGE('',*,*,#3710,.F.);
#4977=ORIENTED_EDGE('',*,*,#3711,.F.);
#4978=ORIENTED_EDGE('',*,*,#3712,.F.);
#4979=ORIENTED_EDGE('',*,*,#3713,.F.);
#4980=ORIENTED_EDGE('',*,*,#3714,.T.);
#4981=ORIENTED_EDGE('',*,*,#3709,.F.);
#4982=ORIENTED_EDGE('',*,*,#3714,.F.);
#4983=ORIENTED_EDGE('',*,*,#3715,.T.);
#4984=ORIENTED_EDGE('',*,*,#3716,.T.);
#4985=ORIENTED_EDGE('',*,*,#3712,.T.);
#4986=ORIENTED_EDGE('',*,*,#3716,.F.);
#4987=ORIENTED_EDGE('',*,*,#3717,.T.);
#4988=ORIENTED_EDGE('',*,*,#3718,.F.);
#4989=ORIENTED_EDGE('',*,*,#3719,.T.);
#4990=ORIENTED_EDGE('',*,*,#3717,.F.);
#4991=ORIENTED_EDGE('',*,*,#3715,.F.);
#4992=ORIENTED_EDGE('',*,*,#3719,.F.);
#4993=ORIENTED_EDGE('',*,*,#3720,.F.);
#4994=ORIENTED_EDGE('',*,*,#3721,.T.);
#4995=ORIENTED_EDGE('',*,*,#3722,.T.);
#4996=ORIENTED_EDGE('',*,*,#3713,.T.);
#4997=ORIENTED_EDGE('',*,*,#3722,.F.);
#4998=ORIENTED_EDGE('',*,*,#3721,.F.);
#4999=ORIENTED_EDGE('',*,*,#3723,.F.);
#5000=ORIENTED_EDGE('',*,*,#3723,.T.);
#5001=ORIENTED_EDGE('',*,*,#3724,.T.);
#5002=ORIENTED_EDGE('',*,*,#3720,.T.);
#5003=ORIENTED_EDGE('',*,*,#3718,.T.);
#5004=ORIENTED_EDGE('',*,*,#3724,.F.);
#5005=ORIENTED_EDGE('',*,*,#3725,.T.);
#5006=ORIENTED_EDGE('',*,*,#3726,.T.);
#5007=ORIENTED_EDGE('',*,*,#3727,.T.);
#5008=ORIENTED_EDGE('',*,*,#3726,.F.);
#5009=ORIENTED_EDGE('',*,*,#3727,.F.);
#5010=ORIENTED_EDGE('',*,*,#3728,.F.);
#5011=ORIENTED_EDGE('',*,*,#3729,.F.);
#5012=ORIENTED_EDGE('',*,*,#3730,.T.);
#5013=ORIENTED_EDGE('',*,*,#3725,.F.);
#5014=ORIENTED_EDGE('',*,*,#3730,.F.);
#5015=ORIENTED_EDGE('',*,*,#3731,.T.);
#5016=ORIENTED_EDGE('',*,*,#3732,.T.);
#5017=ORIENTED_EDGE('',*,*,#3728,.T.);
#5018=ORIENTED_EDGE('',*,*,#3732,.F.);
#5019=ORIENTED_EDGE('',*,*,#3733,.T.);
#5020=ORIENTED_EDGE('',*,*,#3734,.F.);
#5021=ORIENTED_EDGE('',*,*,#3735,.T.);
#5022=ORIENTED_EDGE('',*,*,#3733,.F.);
#5023=ORIENTED_EDGE('',*,*,#3731,.F.);
#5024=ORIENTED_EDGE('',*,*,#3735,.F.);
#5025=ORIENTED_EDGE('',*,*,#3736,.F.);
#5026=ORIENTED_EDGE('',*,*,#3737,.T.);
#5027=ORIENTED_EDGE('',*,*,#3738,.T.);
#5028=ORIENTED_EDGE('',*,*,#3729,.T.);
#5029=ORIENTED_EDGE('',*,*,#3738,.F.);
#5030=ORIENTED_EDGE('',*,*,#3737,.F.);
#5031=ORIENTED_EDGE('',*,*,#3739,.F.);
#5032=ORIENTED_EDGE('',*,*,#3739,.T.);
#5033=ORIENTED_EDGE('',*,*,#3740,.T.);
#5034=ORIENTED_EDGE('',*,*,#3736,.T.);
#5035=ORIENTED_EDGE('',*,*,#3734,.T.);
#5036=ORIENTED_EDGE('',*,*,#3740,.F.);
#5037=ORIENTED_EDGE('',*,*,#3741,.T.);
#5038=ORIENTED_EDGE('',*,*,#3742,.T.);
#5039=ORIENTED_EDGE('',*,*,#3743,.T.);
#5040=ORIENTED_EDGE('',*,*,#3742,.F.);
#5041=ORIENTED_EDGE('',*,*,#3743,.F.);
#5042=ORIENTED_EDGE('',*,*,#3744,.F.);
#5043=ORIENTED_EDGE('',*,*,#3745,.F.);
#5044=ORIENTED_EDGE('',*,*,#3746,.T.);
#5045=ORIENTED_EDGE('',*,*,#3741,.F.);
#5046=ORIENTED_EDGE('',*,*,#3746,.F.);
#5047=ORIENTED_EDGE('',*,*,#3747,.T.);
#5048=ORIENTED_EDGE('',*,*,#3748,.T.);
#5049=ORIENTED_EDGE('',*,*,#3744,.T.);
#5050=ORIENTED_EDGE('',*,*,#3748,.F.);
#5051=ORIENTED_EDGE('',*,*,#3749,.T.);
#5052=ORIENTED_EDGE('',*,*,#3750,.F.);
#5053=ORIENTED_EDGE('',*,*,#3751,.T.);
#5054=ORIENTED_EDGE('',*,*,#3749,.F.);
#5055=ORIENTED_EDGE('',*,*,#3747,.F.);
#5056=ORIENTED_EDGE('',*,*,#3751,.F.);
#5057=ORIENTED_EDGE('',*,*,#3752,.F.);
#5058=ORIENTED_EDGE('',*,*,#3753,.T.);
#5059=ORIENTED_EDGE('',*,*,#3754,.T.);
#5060=ORIENTED_EDGE('',*,*,#3745,.T.);
#5061=ORIENTED_EDGE('',*,*,#3754,.F.);
#5062=ORIENTED_EDGE('',*,*,#3753,.F.);
#5063=ORIENTED_EDGE('',*,*,#3755,.F.);
#5064=ORIENTED_EDGE('',*,*,#3755,.T.);
#5065=ORIENTED_EDGE('',*,*,#3756,.T.);
#5066=ORIENTED_EDGE('',*,*,#3752,.T.);
#5067=ORIENTED_EDGE('',*,*,#3750,.T.);
#5068=ORIENTED_EDGE('',*,*,#3756,.F.);
#5069=ORIENTED_EDGE('',*,*,#3757,.T.);
#5070=ORIENTED_EDGE('',*,*,#3758,.T.);
#5071=ORIENTED_EDGE('',*,*,#3759,.T.);
#5072=ORIENTED_EDGE('',*,*,#3758,.F.);
#5073=ORIENTED_EDGE('',*,*,#3759,.F.);
#5074=ORIENTED_EDGE('',*,*,#3760,.F.);
#5075=ORIENTED_EDGE('',*,*,#3761,.F.);
#5076=ORIENTED_EDGE('',*,*,#3762,.T.);
#5077=ORIENTED_EDGE('',*,*,#3757,.F.);
#5078=ORIENTED_EDGE('',*,*,#3762,.F.);
#5079=ORIENTED_EDGE('',*,*,#3763,.T.);
#5080=ORIENTED_EDGE('',*,*,#3764,.T.);
#5081=ORIENTED_EDGE('',*,*,#3760,.T.);
#5082=ORIENTED_EDGE('',*,*,#3764,.F.);
#5083=ORIENTED_EDGE('',*,*,#3765,.T.);
#5084=ORIENTED_EDGE('',*,*,#3766,.F.);
#5085=ORIENTED_EDGE('',*,*,#3767,.T.);
#5086=ORIENTED_EDGE('',*,*,#3765,.F.);
#5087=ORIENTED_EDGE('',*,*,#3763,.F.);
#5088=ORIENTED_EDGE('',*,*,#3767,.F.);
#5089=ORIENTED_EDGE('',*,*,#3768,.F.);
#5090=ORIENTED_EDGE('',*,*,#3769,.T.);
#5091=ORIENTED_EDGE('',*,*,#3770,.T.);
#5092=ORIENTED_EDGE('',*,*,#3761,.T.);
#5093=ORIENTED_EDGE('',*,*,#3770,.F.);
#5094=ORIENTED_EDGE('',*,*,#3769,.F.);
#5095=ORIENTED_EDGE('',*,*,#3771,.F.);
#5096=ORIENTED_EDGE('',*,*,#3771,.T.);
#5097=ORIENTED_EDGE('',*,*,#3772,.T.);
#5098=ORIENTED_EDGE('',*,*,#3768,.T.);
#5099=ORIENTED_EDGE('',*,*,#3766,.T.);
#5100=ORIENTED_EDGE('',*,*,#3772,.F.);
#5101=ORIENTED_EDGE('',*,*,#3773,.T.);
#5102=ORIENTED_EDGE('',*,*,#3774,.T.);
#5103=ORIENTED_EDGE('',*,*,#3775,.T.);
#5104=ORIENTED_EDGE('',*,*,#3774,.F.);
#5105=ORIENTED_EDGE('',*,*,#3775,.F.);
#5106=ORIENTED_EDGE('',*,*,#3776,.F.);
#5107=ORIENTED_EDGE('',*,*,#3777,.F.);
#5108=ORIENTED_EDGE('',*,*,#3778,.T.);
#5109=ORIENTED_EDGE('',*,*,#3773,.F.);
#5110=ORIENTED_EDGE('',*,*,#3778,.F.);
#5111=ORIENTED_EDGE('',*,*,#3779,.T.);
#5112=ORIENTED_EDGE('',*,*,#3780,.T.);
#5113=ORIENTED_EDGE('',*,*,#3776,.T.);
#5114=ORIENTED_EDGE('',*,*,#3780,.F.);
#5115=ORIENTED_EDGE('',*,*,#3781,.T.);
#5116=ORIENTED_EDGE('',*,*,#3782,.F.);
#5117=ORIENTED_EDGE('',*,*,#3783,.T.);
#5118=ORIENTED_EDGE('',*,*,#3781,.F.);
#5119=ORIENTED_EDGE('',*,*,#3779,.F.);
#5120=ORIENTED_EDGE('',*,*,#3783,.F.);
#5121=ORIENTED_EDGE('',*,*,#3784,.F.);
#5122=ORIENTED_EDGE('',*,*,#3785,.T.);
#5123=ORIENTED_EDGE('',*,*,#3786,.T.);
#5124=ORIENTED_EDGE('',*,*,#3777,.T.);
#5125=ORIENTED_EDGE('',*,*,#3786,.F.);
#5126=ORIENTED_EDGE('',*,*,#3785,.F.);
#5127=ORIENTED_EDGE('',*,*,#3787,.F.);
#5128=ORIENTED_EDGE('',*,*,#3787,.T.);
#5129=ORIENTED_EDGE('',*,*,#3788,.T.);
#5130=ORIENTED_EDGE('',*,*,#3784,.T.);
#5131=ORIENTED_EDGE('',*,*,#3782,.T.);
#5132=ORIENTED_EDGE('',*,*,#3788,.F.);
#5133=ORIENTED_EDGE('',*,*,#3789,.T.);
#5134=ORIENTED_EDGE('',*,*,#3790,.T.);
#5135=ORIENTED_EDGE('',*,*,#3791,.T.);
#5136=ORIENTED_EDGE('',*,*,#3790,.F.);
#5137=ORIENTED_EDGE('',*,*,#3791,.F.);
#5138=ORIENTED_EDGE('',*,*,#3792,.F.);
#5139=ORIENTED_EDGE('',*,*,#3793,.F.);
#5140=ORIENTED_EDGE('',*,*,#3794,.T.);
#5141=ORIENTED_EDGE('',*,*,#3789,.F.);
#5142=ORIENTED_EDGE('',*,*,#3794,.F.);
#5143=ORIENTED_EDGE('',*,*,#3795,.T.);
#5144=ORIENTED_EDGE('',*,*,#3796,.T.);
#5145=ORIENTED_EDGE('',*,*,#3792,.T.);
#5146=ORIENTED_EDGE('',*,*,#3796,.F.);
#5147=ORIENTED_EDGE('',*,*,#3797,.T.);
#5148=ORIENTED_EDGE('',*,*,#3798,.F.);
#5149=ORIENTED_EDGE('',*,*,#3799,.T.);
#5150=ORIENTED_EDGE('',*,*,#3797,.F.);
#5151=ORIENTED_EDGE('',*,*,#3795,.F.);
#5152=ORIENTED_EDGE('',*,*,#3799,.F.);
#5153=ORIENTED_EDGE('',*,*,#3800,.F.);
#5154=ORIENTED_EDGE('',*,*,#3801,.T.);
#5155=ORIENTED_EDGE('',*,*,#3802,.T.);
#5156=ORIENTED_EDGE('',*,*,#3793,.T.);
#5157=ORIENTED_EDGE('',*,*,#3802,.F.);
#5158=ORIENTED_EDGE('',*,*,#3801,.F.);
#5159=ORIENTED_EDGE('',*,*,#3803,.F.);
#5160=ORIENTED_EDGE('',*,*,#3803,.T.);
#5161=ORIENTED_EDGE('',*,*,#3804,.T.);
#5162=ORIENTED_EDGE('',*,*,#3800,.T.);
#5163=ORIENTED_EDGE('',*,*,#3798,.T.);
#5164=ORIENTED_EDGE('',*,*,#3804,.F.);
#5165=ORIENTED_EDGE('',*,*,#3805,.T.);
#5166=ORIENTED_EDGE('',*,*,#3806,.T.);
#5167=ORIENTED_EDGE('',*,*,#3807,.T.);
#5168=ORIENTED_EDGE('',*,*,#3806,.F.);
#5169=ORIENTED_EDGE('',*,*,#3807,.F.);
#5170=ORIENTED_EDGE('',*,*,#3808,.F.);
#5171=ORIENTED_EDGE('',*,*,#3809,.F.);
#5172=ORIENTED_EDGE('',*,*,#3810,.T.);
#5173=ORIENTED_EDGE('',*,*,#3805,.F.);
#5174=ORIENTED_EDGE('',*,*,#3810,.F.);
#5175=ORIENTED_EDGE('',*,*,#3811,.T.);
#5176=ORIENTED_EDGE('',*,*,#3812,.T.);
#5177=ORIENTED_EDGE('',*,*,#3808,.T.);
#5178=ORIENTED_EDGE('',*,*,#3812,.F.);
#5179=ORIENTED_EDGE('',*,*,#3813,.T.);
#5180=ORIENTED_EDGE('',*,*,#3814,.F.);
#5181=ORIENTED_EDGE('',*,*,#3815,.T.);
#5182=ORIENTED_EDGE('',*,*,#3813,.F.);
#5183=ORIENTED_EDGE('',*,*,#3811,.F.);
#5184=ORIENTED_EDGE('',*,*,#3815,.F.);
#5185=ORIENTED_EDGE('',*,*,#3816,.F.);
#5186=ORIENTED_EDGE('',*,*,#3817,.T.);
#5187=ORIENTED_EDGE('',*,*,#3818,.T.);
#5188=ORIENTED_EDGE('',*,*,#3809,.T.);
#5189=ORIENTED_EDGE('',*,*,#3818,.F.);
#5190=ORIENTED_EDGE('',*,*,#3817,.F.);
#5191=ORIENTED_EDGE('',*,*,#3819,.F.);
#5192=ORIENTED_EDGE('',*,*,#3819,.T.);
#5193=ORIENTED_EDGE('',*,*,#3820,.T.);
#5194=ORIENTED_EDGE('',*,*,#3816,.T.);
#5195=ORIENTED_EDGE('',*,*,#3814,.T.);
#5196=ORIENTED_EDGE('',*,*,#3820,.F.);
#5197=ORIENTED_EDGE('',*,*,#3821,.T.);
#5198=ORIENTED_EDGE('',*,*,#3822,.T.);
#5199=ORIENTED_EDGE('',*,*,#3823,.T.);
#5200=ORIENTED_EDGE('',*,*,#3822,.F.);
#5201=ORIENTED_EDGE('',*,*,#3823,.F.);
#5202=ORIENTED_EDGE('',*,*,#3824,.F.);
#5203=ORIENTED_EDGE('',*,*,#3825,.F.);
#5204=ORIENTED_EDGE('',*,*,#3826,.T.);
#5205=ORIENTED_EDGE('',*,*,#3821,.F.);
#5206=ORIENTED_EDGE('',*,*,#3826,.F.);
#5207=ORIENTED_EDGE('',*,*,#3827,.T.);
#5208=ORIENTED_EDGE('',*,*,#3828,.T.);
#5209=ORIENTED_EDGE('',*,*,#3824,.T.);
#5210=ORIENTED_EDGE('',*,*,#3828,.F.);
#5211=ORIENTED_EDGE('',*,*,#3829,.T.);
#5212=ORIENTED_EDGE('',*,*,#3830,.F.);
#5213=ORIENTED_EDGE('',*,*,#3831,.T.);
#5214=ORIENTED_EDGE('',*,*,#3829,.F.);
#5215=ORIENTED_EDGE('',*,*,#3827,.F.);
#5216=ORIENTED_EDGE('',*,*,#3831,.F.);
#5217=ORIENTED_EDGE('',*,*,#3832,.F.);
#5218=ORIENTED_EDGE('',*,*,#3833,.T.);
#5219=ORIENTED_EDGE('',*,*,#3834,.T.);
#5220=ORIENTED_EDGE('',*,*,#3825,.T.);
#5221=ORIENTED_EDGE('',*,*,#3834,.F.);
#5222=ORIENTED_EDGE('',*,*,#3833,.F.);
#5223=ORIENTED_EDGE('',*,*,#3835,.F.);
#5224=ORIENTED_EDGE('',*,*,#3835,.T.);
#5225=ORIENTED_EDGE('',*,*,#3836,.T.);
#5226=ORIENTED_EDGE('',*,*,#3832,.T.);
#5227=ORIENTED_EDGE('',*,*,#3830,.T.);
#5228=ORIENTED_EDGE('',*,*,#3836,.F.);
#5229=ORIENTED_EDGE('',*,*,#3837,.T.);
#5230=ORIENTED_EDGE('',*,*,#3838,.T.);
#5231=ORIENTED_EDGE('',*,*,#3839,.T.);
#5232=ORIENTED_EDGE('',*,*,#3838,.F.);
#5233=ORIENTED_EDGE('',*,*,#3839,.F.);
#5234=ORIENTED_EDGE('',*,*,#3840,.F.);
#5235=ORIENTED_EDGE('',*,*,#3841,.F.);
#5236=ORIENTED_EDGE('',*,*,#3842,.T.);
#5237=ORIENTED_EDGE('',*,*,#3837,.F.);
#5238=ORIENTED_EDGE('',*,*,#3842,.F.);
#5239=ORIENTED_EDGE('',*,*,#3843,.T.);
#5240=ORIENTED_EDGE('',*,*,#3844,.T.);
#5241=ORIENTED_EDGE('',*,*,#3840,.T.);
#5242=ORIENTED_EDGE('',*,*,#3844,.F.);
#5243=ORIENTED_EDGE('',*,*,#3845,.T.);
#5244=ORIENTED_EDGE('',*,*,#3846,.F.);
#5245=ORIENTED_EDGE('',*,*,#3847,.T.);
#5246=ORIENTED_EDGE('',*,*,#3845,.F.);
#5247=ORIENTED_EDGE('',*,*,#3843,.F.);
#5248=ORIENTED_EDGE('',*,*,#3847,.F.);
#5249=ORIENTED_EDGE('',*,*,#3848,.F.);
#5250=ORIENTED_EDGE('',*,*,#3849,.T.);
#5251=ORIENTED_EDGE('',*,*,#3850,.T.);
#5252=ORIENTED_EDGE('',*,*,#3841,.T.);
#5253=ORIENTED_EDGE('',*,*,#3850,.F.);
#5254=ORIENTED_EDGE('',*,*,#3849,.F.);
#5255=ORIENTED_EDGE('',*,*,#3851,.F.);
#5256=ORIENTED_EDGE('',*,*,#3851,.T.);
#5257=ORIENTED_EDGE('',*,*,#3852,.T.);
#5258=ORIENTED_EDGE('',*,*,#3848,.T.);
#5259=ORIENTED_EDGE('',*,*,#3846,.T.);
#5260=ORIENTED_EDGE('',*,*,#3852,.F.);
#5261=ORIENTED_EDGE('',*,*,#3853,.T.);
#5262=ORIENTED_EDGE('',*,*,#3854,.T.);
#5263=ORIENTED_EDGE('',*,*,#3855,.T.);
#5264=ORIENTED_EDGE('',*,*,#3854,.F.);
#5265=ORIENTED_EDGE('',*,*,#3855,.F.);
#5266=ORIENTED_EDGE('',*,*,#3856,.F.);
#5267=ORIENTED_EDGE('',*,*,#3857,.F.);
#5268=ORIENTED_EDGE('',*,*,#3858,.T.);
#5269=ORIENTED_EDGE('',*,*,#3853,.F.);
#5270=ORIENTED_EDGE('',*,*,#3858,.F.);
#5271=ORIENTED_EDGE('',*,*,#3859,.T.);
#5272=ORIENTED_EDGE('',*,*,#3860,.T.);
#5273=ORIENTED_EDGE('',*,*,#3856,.T.);
#5274=ORIENTED_EDGE('',*,*,#3860,.F.);
#5275=ORIENTED_EDGE('',*,*,#3861,.T.);
#5276=ORIENTED_EDGE('',*,*,#3862,.F.);
#5277=ORIENTED_EDGE('',*,*,#3863,.T.);
#5278=ORIENTED_EDGE('',*,*,#3861,.F.);
#5279=ORIENTED_EDGE('',*,*,#3859,.F.);
#5280=ORIENTED_EDGE('',*,*,#3863,.F.);
#5281=ORIENTED_EDGE('',*,*,#3864,.F.);
#5282=ORIENTED_EDGE('',*,*,#3865,.T.);
#5283=ORIENTED_EDGE('',*,*,#3866,.T.);
#5284=ORIENTED_EDGE('',*,*,#3857,.T.);
#5285=ORIENTED_EDGE('',*,*,#3866,.F.);
#5286=ORIENTED_EDGE('',*,*,#3865,.F.);
#5287=ORIENTED_EDGE('',*,*,#3867,.F.);
#5288=ORIENTED_EDGE('',*,*,#3867,.T.);
#5289=ORIENTED_EDGE('',*,*,#3868,.T.);
#5290=ORIENTED_EDGE('',*,*,#3864,.T.);
#5291=ORIENTED_EDGE('',*,*,#3862,.T.);
#5292=ORIENTED_EDGE('',*,*,#3868,.F.);
#5293=ORIENTED_EDGE('',*,*,#3869,.T.);
#5294=ORIENTED_EDGE('',*,*,#3870,.T.);
#5295=ORIENTED_EDGE('',*,*,#3871,.T.);
#5296=ORIENTED_EDGE('',*,*,#3870,.F.);
#5297=ORIENTED_EDGE('',*,*,#3871,.F.);
#5298=ORIENTED_EDGE('',*,*,#3872,.F.);
#5299=ORIENTED_EDGE('',*,*,#3873,.F.);
#5300=ORIENTED_EDGE('',*,*,#3874,.T.);
#5301=ORIENTED_EDGE('',*,*,#3869,.F.);
#5302=ORIENTED_EDGE('',*,*,#3874,.F.);
#5303=ORIENTED_EDGE('',*,*,#3875,.T.);
#5304=ORIENTED_EDGE('',*,*,#3876,.T.);
#5305=ORIENTED_EDGE('',*,*,#3872,.T.);
#5306=ORIENTED_EDGE('',*,*,#3876,.F.);
#5307=ORIENTED_EDGE('',*,*,#3877,.T.);
#5308=ORIENTED_EDGE('',*,*,#3878,.F.);
#5309=ORIENTED_EDGE('',*,*,#3879,.T.);
#5310=ORIENTED_EDGE('',*,*,#3877,.F.);
#5311=ORIENTED_EDGE('',*,*,#3875,.F.);
#5312=ORIENTED_EDGE('',*,*,#3879,.F.);
#5313=ORIENTED_EDGE('',*,*,#3880,.F.);
#5314=ORIENTED_EDGE('',*,*,#3881,.T.);
#5315=ORIENTED_EDGE('',*,*,#3882,.T.);
#5316=ORIENTED_EDGE('',*,*,#3873,.T.);
#5317=ORIENTED_EDGE('',*,*,#3882,.F.);
#5318=ORIENTED_EDGE('',*,*,#3881,.F.);
#5319=ORIENTED_EDGE('',*,*,#3883,.F.);
#5320=ORIENTED_EDGE('',*,*,#3883,.T.);
#5321=ORIENTED_EDGE('',*,*,#3884,.T.);
#5322=ORIENTED_EDGE('',*,*,#3880,.T.);
#5323=ORIENTED_EDGE('',*,*,#3878,.T.);
#5324=ORIENTED_EDGE('',*,*,#3884,.F.);
#5325=ORIENTED_EDGE('',*,*,#3885,.T.);
#5326=ORIENTED_EDGE('',*,*,#3886,.T.);
#5327=ORIENTED_EDGE('',*,*,#3887,.T.);
#5328=ORIENTED_EDGE('',*,*,#3886,.F.);
#5329=ORIENTED_EDGE('',*,*,#3887,.F.);
#5330=ORIENTED_EDGE('',*,*,#3888,.F.);
#5331=ORIENTED_EDGE('',*,*,#3889,.F.);
#5332=ORIENTED_EDGE('',*,*,#3890,.T.);
#5333=ORIENTED_EDGE('',*,*,#3885,.F.);
#5334=ORIENTED_EDGE('',*,*,#3890,.F.);
#5335=ORIENTED_EDGE('',*,*,#3891,.T.);
#5336=ORIENTED_EDGE('',*,*,#3892,.T.);
#5337=ORIENTED_EDGE('',*,*,#3888,.T.);
#5338=ORIENTED_EDGE('',*,*,#3892,.F.);
#5339=ORIENTED_EDGE('',*,*,#3893,.T.);
#5340=ORIENTED_EDGE('',*,*,#3894,.F.);
#5341=ORIENTED_EDGE('',*,*,#3895,.T.);
#5342=ORIENTED_EDGE('',*,*,#3893,.F.);
#5343=ORIENTED_EDGE('',*,*,#3891,.F.);
#5344=ORIENTED_EDGE('',*,*,#3895,.F.);
#5345=ORIENTED_EDGE('',*,*,#3896,.F.);
#5346=ORIENTED_EDGE('',*,*,#3897,.T.);
#5347=ORIENTED_EDGE('',*,*,#3898,.T.);
#5348=ORIENTED_EDGE('',*,*,#3889,.T.);
#5349=ORIENTED_EDGE('',*,*,#3898,.F.);
#5350=ORIENTED_EDGE('',*,*,#3897,.F.);
#5351=ORIENTED_EDGE('',*,*,#3899,.F.);
#5352=ORIENTED_EDGE('',*,*,#3899,.T.);
#5353=ORIENTED_EDGE('',*,*,#3900,.T.);
#5354=ORIENTED_EDGE('',*,*,#3896,.T.);
#5355=ORIENTED_EDGE('',*,*,#3894,.T.);
#5356=ORIENTED_EDGE('',*,*,#3900,.F.);
#5357=ORIENTED_EDGE('',*,*,#3901,.T.);
#5358=ORIENTED_EDGE('',*,*,#3902,.T.);
#5359=ORIENTED_EDGE('',*,*,#3903,.T.);
#5360=ORIENTED_EDGE('',*,*,#3902,.F.);
#5361=ORIENTED_EDGE('',*,*,#3903,.F.);
#5362=ORIENTED_EDGE('',*,*,#3904,.F.);
#5363=ORIENTED_EDGE('',*,*,#3905,.F.);
#5364=ORIENTED_EDGE('',*,*,#3906,.T.);
#5365=ORIENTED_EDGE('',*,*,#3901,.F.);
#5366=ORIENTED_EDGE('',*,*,#3906,.F.);
#5367=ORIENTED_EDGE('',*,*,#3907,.T.);
#5368=ORIENTED_EDGE('',*,*,#3908,.T.);
#5369=ORIENTED_EDGE('',*,*,#3904,.T.);
#5370=ORIENTED_EDGE('',*,*,#3908,.F.);
#5371=ORIENTED_EDGE('',*,*,#3909,.T.);
#5372=ORIENTED_EDGE('',*,*,#3910,.F.);
#5373=ORIENTED_EDGE('',*,*,#3911,.T.);
#5374=ORIENTED_EDGE('',*,*,#3909,.F.);
#5375=ORIENTED_EDGE('',*,*,#3907,.F.);
#5376=ORIENTED_EDGE('',*,*,#3911,.F.);
#5377=ORIENTED_EDGE('',*,*,#3912,.F.);
#5378=ORIENTED_EDGE('',*,*,#3913,.T.);
#5379=ORIENTED_EDGE('',*,*,#3914,.T.);
#5380=ORIENTED_EDGE('',*,*,#3905,.T.);
#5381=ORIENTED_EDGE('',*,*,#3914,.F.);
#5382=ORIENTED_EDGE('',*,*,#3913,.F.);
#5383=ORIENTED_EDGE('',*,*,#3915,.F.);
#5384=ORIENTED_EDGE('',*,*,#3915,.T.);
#5385=ORIENTED_EDGE('',*,*,#3916,.T.);
#5386=ORIENTED_EDGE('',*,*,#3912,.T.);
#5387=ORIENTED_EDGE('',*,*,#3910,.T.);
#5388=ORIENTED_EDGE('',*,*,#3916,.F.);
#5389=ORIENTED_EDGE('',*,*,#3917,.T.);
#5390=ORIENTED_EDGE('',*,*,#3918,.T.);
#5391=ORIENTED_EDGE('',*,*,#3919,.T.);
#5392=ORIENTED_EDGE('',*,*,#3918,.F.);
#5393=ORIENTED_EDGE('',*,*,#3919,.F.);
#5394=ORIENTED_EDGE('',*,*,#3920,.F.);
#5395=ORIENTED_EDGE('',*,*,#3921,.F.);
#5396=ORIENTED_EDGE('',*,*,#3922,.T.);
#5397=ORIENTED_EDGE('',*,*,#3917,.F.);
#5398=ORIENTED_EDGE('',*,*,#3922,.F.);
#5399=ORIENTED_EDGE('',*,*,#3923,.T.);
#5400=ORIENTED_EDGE('',*,*,#3924,.T.);
#5401=ORIENTED_EDGE('',*,*,#3920,.T.);
#5402=ORIENTED_EDGE('',*,*,#3924,.F.);
#5403=ORIENTED_EDGE('',*,*,#3925,.T.);
#5404=ORIENTED_EDGE('',*,*,#3926,.F.);
#5405=ORIENTED_EDGE('',*,*,#3927,.T.);
#5406=ORIENTED_EDGE('',*,*,#3925,.F.);
#5407=ORIENTED_EDGE('',*,*,#3923,.F.);
#5408=ORIENTED_EDGE('',*,*,#3927,.F.);
#5409=ORIENTED_EDGE('',*,*,#3928,.F.);
#5410=ORIENTED_EDGE('',*,*,#3929,.T.);
#5411=ORIENTED_EDGE('',*,*,#3930,.T.);
#5412=ORIENTED_EDGE('',*,*,#3921,.T.);
#5413=ORIENTED_EDGE('',*,*,#3930,.F.);
#5414=ORIENTED_EDGE('',*,*,#3929,.F.);
#5415=ORIENTED_EDGE('',*,*,#3931,.F.);
#5416=ORIENTED_EDGE('',*,*,#3931,.T.);
#5417=ORIENTED_EDGE('',*,*,#3932,.T.);
#5418=ORIENTED_EDGE('',*,*,#3928,.T.);
#5419=ORIENTED_EDGE('',*,*,#3926,.T.);
#5420=ORIENTED_EDGE('',*,*,#3932,.F.);
#5421=ORIENTED_EDGE('',*,*,#3933,.T.);
#5422=ORIENTED_EDGE('',*,*,#3934,.T.);
#5423=ORIENTED_EDGE('',*,*,#3935,.T.);
#5424=ORIENTED_EDGE('',*,*,#3934,.F.);
#5425=ORIENTED_EDGE('',*,*,#3935,.F.);
#5426=ORIENTED_EDGE('',*,*,#3936,.F.);
#5427=ORIENTED_EDGE('',*,*,#3937,.F.);
#5428=ORIENTED_EDGE('',*,*,#3938,.T.);
#5429=ORIENTED_EDGE('',*,*,#3933,.F.);
#5430=ORIENTED_EDGE('',*,*,#3938,.F.);
#5431=ORIENTED_EDGE('',*,*,#3939,.T.);
#5432=ORIENTED_EDGE('',*,*,#3940,.T.);
#5433=ORIENTED_EDGE('',*,*,#3936,.T.);
#5434=ORIENTED_EDGE('',*,*,#3940,.F.);
#5435=ORIENTED_EDGE('',*,*,#3941,.T.);
#5436=ORIENTED_EDGE('',*,*,#3942,.F.);
#5437=ORIENTED_EDGE('',*,*,#3943,.T.);
#5438=ORIENTED_EDGE('',*,*,#3941,.F.);
#5439=ORIENTED_EDGE('',*,*,#3939,.F.);
#5440=ORIENTED_EDGE('',*,*,#3943,.F.);
#5441=ORIENTED_EDGE('',*,*,#3944,.F.);
#5442=ORIENTED_EDGE('',*,*,#3945,.T.);
#5443=ORIENTED_EDGE('',*,*,#3946,.T.);
#5444=ORIENTED_EDGE('',*,*,#3937,.T.);
#5445=ORIENTED_EDGE('',*,*,#3946,.F.);
#5446=ORIENTED_EDGE('',*,*,#3945,.F.);
#5447=ORIENTED_EDGE('',*,*,#3947,.F.);
#5448=ORIENTED_EDGE('',*,*,#3947,.T.);
#5449=ORIENTED_EDGE('',*,*,#3948,.T.);
#5450=ORIENTED_EDGE('',*,*,#3944,.T.);
#5451=ORIENTED_EDGE('',*,*,#3942,.T.);
#5452=ORIENTED_EDGE('',*,*,#3948,.F.);
#5453=ORIENTED_EDGE('',*,*,#3949,.T.);
#5454=ORIENTED_EDGE('',*,*,#3950,.T.);
#5455=ORIENTED_EDGE('',*,*,#3951,.T.);
#5456=ORIENTED_EDGE('',*,*,#3950,.F.);
#5457=ORIENTED_EDGE('',*,*,#3951,.F.);
#5458=ORIENTED_EDGE('',*,*,#3952,.F.);
#5459=ORIENTED_EDGE('',*,*,#3953,.F.);
#5460=ORIENTED_EDGE('',*,*,#3954,.T.);
#5461=ORIENTED_EDGE('',*,*,#3949,.F.);
#5462=ORIENTED_EDGE('',*,*,#3954,.F.);
#5463=ORIENTED_EDGE('',*,*,#3955,.T.);
#5464=ORIENTED_EDGE('',*,*,#3956,.T.);
#5465=ORIENTED_EDGE('',*,*,#3952,.T.);
#5466=ORIENTED_EDGE('',*,*,#3956,.F.);
#5467=ORIENTED_EDGE('',*,*,#3957,.T.);
#5468=ORIENTED_EDGE('',*,*,#3958,.F.);
#5469=ORIENTED_EDGE('',*,*,#3959,.T.);
#5470=ORIENTED_EDGE('',*,*,#3957,.F.);
#5471=ORIENTED_EDGE('',*,*,#3955,.F.);
#5472=ORIENTED_EDGE('',*,*,#3959,.F.);
#5473=ORIENTED_EDGE('',*,*,#3960,.F.);
#5474=ORIENTED_EDGE('',*,*,#3961,.T.);
#5475=ORIENTED_EDGE('',*,*,#3962,.T.);
#5476=ORIENTED_EDGE('',*,*,#3953,.T.);
#5477=ORIENTED_EDGE('',*,*,#3962,.F.);
#5478=ORIENTED_EDGE('',*,*,#3961,.F.);
#5479=ORIENTED_EDGE('',*,*,#3963,.F.);
#5480=ORIENTED_EDGE('',*,*,#3963,.T.);
#5481=ORIENTED_EDGE('',*,*,#3964,.T.);
#5482=ORIENTED_EDGE('',*,*,#3960,.T.);
#5483=ORIENTED_EDGE('',*,*,#3958,.T.);
#5484=ORIENTED_EDGE('',*,*,#3964,.F.);
#5485=ORIENTED_EDGE('',*,*,#3965,.T.);
#5486=ORIENTED_EDGE('',*,*,#3966,.T.);
#5487=ORIENTED_EDGE('',*,*,#3967,.T.);
#5488=ORIENTED_EDGE('',*,*,#3966,.F.);
#5489=ORIENTED_EDGE('',*,*,#3967,.F.);
#5490=ORIENTED_EDGE('',*,*,#3968,.F.);
#5491=ORIENTED_EDGE('',*,*,#3969,.F.);
#5492=ORIENTED_EDGE('',*,*,#3970,.T.);
#5493=ORIENTED_EDGE('',*,*,#3965,.F.);
#5494=ORIENTED_EDGE('',*,*,#3970,.F.);
#5495=ORIENTED_EDGE('',*,*,#3971,.T.);
#5496=ORIENTED_EDGE('',*,*,#3972,.T.);
#5497=ORIENTED_EDGE('',*,*,#3968,.T.);
#5498=ORIENTED_EDGE('',*,*,#3972,.F.);
#5499=ORIENTED_EDGE('',*,*,#3973,.T.);
#5500=ORIENTED_EDGE('',*,*,#3974,.F.);
#5501=ORIENTED_EDGE('',*,*,#3975,.T.);
#5502=ORIENTED_EDGE('',*,*,#3973,.F.);
#5503=ORIENTED_EDGE('',*,*,#3971,.F.);
#5504=ORIENTED_EDGE('',*,*,#3975,.F.);
#5505=ORIENTED_EDGE('',*,*,#3976,.F.);
#5506=ORIENTED_EDGE('',*,*,#3977,.T.);
#5507=ORIENTED_EDGE('',*,*,#3978,.T.);
#5508=ORIENTED_EDGE('',*,*,#3969,.T.);
#5509=ORIENTED_EDGE('',*,*,#3978,.F.);
#5510=ORIENTED_EDGE('',*,*,#3977,.F.);
#5511=ORIENTED_EDGE('',*,*,#3979,.F.);
#5512=ORIENTED_EDGE('',*,*,#3979,.T.);
#5513=ORIENTED_EDGE('',*,*,#3980,.T.);
#5514=ORIENTED_EDGE('',*,*,#3976,.T.);
#5515=ORIENTED_EDGE('',*,*,#3974,.T.);
#5516=ORIENTED_EDGE('',*,*,#3980,.F.);
#5517=ORIENTED_EDGE('',*,*,#3981,.T.);
#5518=ORIENTED_EDGE('',*,*,#3982,.T.);
#5519=ORIENTED_EDGE('',*,*,#3983,.T.);
#5520=ORIENTED_EDGE('',*,*,#3982,.F.);
#5521=ORIENTED_EDGE('',*,*,#3983,.F.);
#5522=ORIENTED_EDGE('',*,*,#3984,.F.);
#5523=ORIENTED_EDGE('',*,*,#3985,.F.);
#5524=ORIENTED_EDGE('',*,*,#3986,.T.);
#5525=ORIENTED_EDGE('',*,*,#3981,.F.);
#5526=ORIENTED_EDGE('',*,*,#3986,.F.);
#5527=ORIENTED_EDGE('',*,*,#3987,.T.);
#5528=ORIENTED_EDGE('',*,*,#3988,.T.);
#5529=ORIENTED_EDGE('',*,*,#3984,.T.);
#5530=ORIENTED_EDGE('',*,*,#3988,.F.);
#5531=ORIENTED_EDGE('',*,*,#3989,.T.);
#5532=ORIENTED_EDGE('',*,*,#3990,.F.);
#5533=ORIENTED_EDGE('',*,*,#3991,.T.);
#5534=ORIENTED_EDGE('',*,*,#3989,.F.);
#5535=ORIENTED_EDGE('',*,*,#3987,.F.);
#5536=ORIENTED_EDGE('',*,*,#3991,.F.);
#5537=ORIENTED_EDGE('',*,*,#3992,.F.);
#5538=ORIENTED_EDGE('',*,*,#3993,.T.);
#5539=ORIENTED_EDGE('',*,*,#3994,.T.);
#5540=ORIENTED_EDGE('',*,*,#3985,.T.);
#5541=ORIENTED_EDGE('',*,*,#3994,.F.);
#5542=ORIENTED_EDGE('',*,*,#3993,.F.);
#5543=ORIENTED_EDGE('',*,*,#3995,.F.);
#5544=ORIENTED_EDGE('',*,*,#3995,.T.);
#5545=ORIENTED_EDGE('',*,*,#3996,.T.);
#5546=ORIENTED_EDGE('',*,*,#3992,.T.);
#5547=ORIENTED_EDGE('',*,*,#3990,.T.);
#5548=ORIENTED_EDGE('',*,*,#3996,.F.);
#5549=ORIENTED_EDGE('',*,*,#3997,.T.);
#5550=ORIENTED_EDGE('',*,*,#3998,.T.);
#5551=ORIENTED_EDGE('',*,*,#3999,.T.);
#5552=ORIENTED_EDGE('',*,*,#3998,.F.);
#5553=ORIENTED_EDGE('',*,*,#3999,.F.);
#5554=ORIENTED_EDGE('',*,*,#4000,.F.);
#5555=ORIENTED_EDGE('',*,*,#4001,.F.);
#5556=ORIENTED_EDGE('',*,*,#4002,.T.);
#5557=ORIENTED_EDGE('',*,*,#3997,.F.);
#5558=ORIENTED_EDGE('',*,*,#4002,.F.);
#5559=ORIENTED_EDGE('',*,*,#4003,.T.);
#5560=ORIENTED_EDGE('',*,*,#4004,.T.);
#5561=ORIENTED_EDGE('',*,*,#4000,.T.);
#5562=ORIENTED_EDGE('',*,*,#4004,.F.);
#5563=ORIENTED_EDGE('',*,*,#4005,.T.);
#5564=ORIENTED_EDGE('',*,*,#4006,.F.);
#5565=ORIENTED_EDGE('',*,*,#4007,.T.);
#5566=ORIENTED_EDGE('',*,*,#4005,.F.);
#5567=ORIENTED_EDGE('',*,*,#4003,.F.);
#5568=ORIENTED_EDGE('',*,*,#4007,.F.);
#5569=ORIENTED_EDGE('',*,*,#4008,.F.);
#5570=ORIENTED_EDGE('',*,*,#4009,.T.);
#5571=ORIENTED_EDGE('',*,*,#4010,.T.);
#5572=ORIENTED_EDGE('',*,*,#4001,.T.);
#5573=ORIENTED_EDGE('',*,*,#4010,.F.);
#5574=ORIENTED_EDGE('',*,*,#4009,.F.);
#5575=ORIENTED_EDGE('',*,*,#4011,.F.);
#5576=ORIENTED_EDGE('',*,*,#4011,.T.);
#5577=ORIENTED_EDGE('',*,*,#4012,.T.);
#5578=ORIENTED_EDGE('',*,*,#4008,.T.);
#5579=ORIENTED_EDGE('',*,*,#4006,.T.);
#5580=ORIENTED_EDGE('',*,*,#4012,.F.);
#5581=ORIENTED_EDGE('',*,*,#4013,.T.);
#5582=ORIENTED_EDGE('',*,*,#4014,.T.);
#5583=ORIENTED_EDGE('',*,*,#4015,.T.);
#5584=ORIENTED_EDGE('',*,*,#4014,.F.);
#5585=ORIENTED_EDGE('',*,*,#4015,.F.);
#5586=ORIENTED_EDGE('',*,*,#4016,.F.);
#5587=ORIENTED_EDGE('',*,*,#4017,.F.);
#5588=ORIENTED_EDGE('',*,*,#4018,.T.);
#5589=ORIENTED_EDGE('',*,*,#4013,.F.);
#5590=ORIENTED_EDGE('',*,*,#4018,.F.);
#5591=ORIENTED_EDGE('',*,*,#4019,.T.);
#5592=ORIENTED_EDGE('',*,*,#4020,.T.);
#5593=ORIENTED_EDGE('',*,*,#4016,.T.);
#5594=ORIENTED_EDGE('',*,*,#4020,.F.);
#5595=ORIENTED_EDGE('',*,*,#4021,.T.);
#5596=ORIENTED_EDGE('',*,*,#4022,.F.);
#5597=ORIENTED_EDGE('',*,*,#4023,.T.);
#5598=ORIENTED_EDGE('',*,*,#4021,.F.);
#5599=ORIENTED_EDGE('',*,*,#4019,.F.);
#5600=ORIENTED_EDGE('',*,*,#4023,.F.);
#5601=ORIENTED_EDGE('',*,*,#4024,.F.);
#5602=ORIENTED_EDGE('',*,*,#4025,.T.);
#5603=ORIENTED_EDGE('',*,*,#4026,.T.);
#5604=ORIENTED_EDGE('',*,*,#4017,.T.);
#5605=ORIENTED_EDGE('',*,*,#4026,.F.);
#5606=ORIENTED_EDGE('',*,*,#4025,.F.);
#5607=ORIENTED_EDGE('',*,*,#4027,.F.);
#5608=ORIENTED_EDGE('',*,*,#4027,.T.);
#5609=ORIENTED_EDGE('',*,*,#4028,.T.);
#5610=ORIENTED_EDGE('',*,*,#4024,.T.);
#5611=ORIENTED_EDGE('',*,*,#4022,.T.);
#5612=ORIENTED_EDGE('',*,*,#4028,.F.);
#5613=ORIENTED_EDGE('',*,*,#4029,.T.);
#5614=ORIENTED_EDGE('',*,*,#4030,.T.);
#5615=ORIENTED_EDGE('',*,*,#4031,.T.);
#5616=ORIENTED_EDGE('',*,*,#4030,.F.);
#5617=ORIENTED_EDGE('',*,*,#4031,.F.);
#5618=ORIENTED_EDGE('',*,*,#4032,.F.);
#5619=ORIENTED_EDGE('',*,*,#4033,.F.);
#5620=ORIENTED_EDGE('',*,*,#4034,.T.);
#5621=ORIENTED_EDGE('',*,*,#4029,.F.);
#5622=ORIENTED_EDGE('',*,*,#4034,.F.);
#5623=ORIENTED_EDGE('',*,*,#4035,.T.);
#5624=ORIENTED_EDGE('',*,*,#4036,.T.);
#5625=ORIENTED_EDGE('',*,*,#4032,.T.);
#5626=ORIENTED_EDGE('',*,*,#4036,.F.);
#5627=ORIENTED_EDGE('',*,*,#4037,.T.);
#5628=ORIENTED_EDGE('',*,*,#4038,.F.);
#5629=ORIENTED_EDGE('',*,*,#4039,.T.);
#5630=ORIENTED_EDGE('',*,*,#4037,.F.);
#5631=ORIENTED_EDGE('',*,*,#4035,.F.);
#5632=ORIENTED_EDGE('',*,*,#4039,.F.);
#5633=ORIENTED_EDGE('',*,*,#4040,.F.);
#5634=ORIENTED_EDGE('',*,*,#4041,.T.);
#5635=ORIENTED_EDGE('',*,*,#4042,.T.);
#5636=ORIENTED_EDGE('',*,*,#4033,.T.);
#5637=ORIENTED_EDGE('',*,*,#4042,.F.);
#5638=ORIENTED_EDGE('',*,*,#4041,.F.);
#5639=ORIENTED_EDGE('',*,*,#4043,.F.);
#5640=ORIENTED_EDGE('',*,*,#4043,.T.);
#5641=ORIENTED_EDGE('',*,*,#4044,.T.);
#5642=ORIENTED_EDGE('',*,*,#4040,.T.);
#5643=ORIENTED_EDGE('',*,*,#4038,.T.);
#5644=ORIENTED_EDGE('',*,*,#4044,.F.);
#5645=ORIENTED_EDGE('',*,*,#4045,.T.);
#5646=ORIENTED_EDGE('',*,*,#4046,.T.);
#5647=ORIENTED_EDGE('',*,*,#4047,.T.);
#5648=ORIENTED_EDGE('',*,*,#4046,.F.);
#5649=ORIENTED_EDGE('',*,*,#4047,.F.);
#5650=ORIENTED_EDGE('',*,*,#4048,.F.);
#5651=ORIENTED_EDGE('',*,*,#4049,.F.);
#5652=ORIENTED_EDGE('',*,*,#4050,.T.);
#5653=ORIENTED_EDGE('',*,*,#4045,.F.);
#5654=ORIENTED_EDGE('',*,*,#4050,.F.);
#5655=ORIENTED_EDGE('',*,*,#4051,.T.);
#5656=ORIENTED_EDGE('',*,*,#4052,.T.);
#5657=ORIENTED_EDGE('',*,*,#4048,.T.);
#5658=ORIENTED_EDGE('',*,*,#4052,.F.);
#5659=ORIENTED_EDGE('',*,*,#4053,.T.);
#5660=ORIENTED_EDGE('',*,*,#4054,.F.);
#5661=ORIENTED_EDGE('',*,*,#4055,.T.);
#5662=ORIENTED_EDGE('',*,*,#4053,.F.);
#5663=ORIENTED_EDGE('',*,*,#4051,.F.);
#5664=ORIENTED_EDGE('',*,*,#4055,.F.);
#5665=ORIENTED_EDGE('',*,*,#4056,.F.);
#5666=ORIENTED_EDGE('',*,*,#4057,.T.);
#5667=ORIENTED_EDGE('',*,*,#4058,.T.);
#5668=ORIENTED_EDGE('',*,*,#4049,.T.);
#5669=ORIENTED_EDGE('',*,*,#4058,.F.);
#5670=ORIENTED_EDGE('',*,*,#4057,.F.);
#5671=ORIENTED_EDGE('',*,*,#4059,.F.);
#5672=ORIENTED_EDGE('',*,*,#4059,.T.);
#5673=ORIENTED_EDGE('',*,*,#4060,.T.);
#5674=ORIENTED_EDGE('',*,*,#4056,.T.);
#5675=ORIENTED_EDGE('',*,*,#4054,.T.);
#5676=ORIENTED_EDGE('',*,*,#4060,.F.);
#5677=ORIENTED_EDGE('',*,*,#4061,.T.);
#5678=ORIENTED_EDGE('',*,*,#4062,.T.);
#5679=ORIENTED_EDGE('',*,*,#4063,.T.);
#5680=ORIENTED_EDGE('',*,*,#4062,.F.);
#5681=ORIENTED_EDGE('',*,*,#4063,.F.);
#5682=ORIENTED_EDGE('',*,*,#4064,.F.);
#5683=ORIENTED_EDGE('',*,*,#4065,.F.);
#5684=ORIENTED_EDGE('',*,*,#4066,.T.);
#5685=ORIENTED_EDGE('',*,*,#4061,.F.);
#5686=ORIENTED_EDGE('',*,*,#4066,.F.);
#5687=ORIENTED_EDGE('',*,*,#4067,.T.);
#5688=ORIENTED_EDGE('',*,*,#4068,.T.);
#5689=ORIENTED_EDGE('',*,*,#4064,.T.);
#5690=ORIENTED_EDGE('',*,*,#4068,.F.);
#5691=ORIENTED_EDGE('',*,*,#4069,.T.);
#5692=ORIENTED_EDGE('',*,*,#4070,.F.);
#5693=ORIENTED_EDGE('',*,*,#4071,.T.);
#5694=ORIENTED_EDGE('',*,*,#4069,.F.);
#5695=ORIENTED_EDGE('',*,*,#4067,.F.);
#5696=ORIENTED_EDGE('',*,*,#4071,.F.);
#5697=ORIENTED_EDGE('',*,*,#4072,.F.);
#5698=ORIENTED_EDGE('',*,*,#4073,.T.);
#5699=ORIENTED_EDGE('',*,*,#4074,.T.);
#5700=ORIENTED_EDGE('',*,*,#4065,.T.);
#5701=ORIENTED_EDGE('',*,*,#4074,.F.);
#5702=ORIENTED_EDGE('',*,*,#4073,.F.);
#5703=ORIENTED_EDGE('',*,*,#4075,.F.);
#5704=ORIENTED_EDGE('',*,*,#4075,.T.);
#5705=ORIENTED_EDGE('',*,*,#4076,.T.);
#5706=ORIENTED_EDGE('',*,*,#4072,.T.);
#5707=ORIENTED_EDGE('',*,*,#4070,.T.);
#5708=ORIENTED_EDGE('',*,*,#4076,.F.);
#5709=ORIENTED_EDGE('',*,*,#4077,.T.);
#5710=ORIENTED_EDGE('',*,*,#4078,.T.);
#5711=ORIENTED_EDGE('',*,*,#4079,.T.);
#5712=ORIENTED_EDGE('',*,*,#4078,.F.);
#5713=ORIENTED_EDGE('',*,*,#4079,.F.);
#5714=ORIENTED_EDGE('',*,*,#4080,.F.);
#5715=ORIENTED_EDGE('',*,*,#4081,.F.);
#5716=ORIENTED_EDGE('',*,*,#4082,.T.);
#5717=ORIENTED_EDGE('',*,*,#4077,.F.);
#5718=ORIENTED_EDGE('',*,*,#4082,.F.);
#5719=ORIENTED_EDGE('',*,*,#4083,.T.);
#5720=ORIENTED_EDGE('',*,*,#4084,.T.);
#5721=ORIENTED_EDGE('',*,*,#4080,.T.);
#5722=ORIENTED_EDGE('',*,*,#4084,.F.);
#5723=ORIENTED_EDGE('',*,*,#4085,.T.);
#5724=ORIENTED_EDGE('',*,*,#4086,.F.);
#5725=ORIENTED_EDGE('',*,*,#4087,.T.);
#5726=ORIENTED_EDGE('',*,*,#4085,.F.);
#5727=ORIENTED_EDGE('',*,*,#4083,.F.);
#5728=ORIENTED_EDGE('',*,*,#4087,.F.);
#5729=ORIENTED_EDGE('',*,*,#4088,.F.);
#5730=ORIENTED_EDGE('',*,*,#4089,.T.);
#5731=ORIENTED_EDGE('',*,*,#4090,.T.);
#5732=ORIENTED_EDGE('',*,*,#4081,.T.);
#5733=ORIENTED_EDGE('',*,*,#4090,.F.);
#5734=ORIENTED_EDGE('',*,*,#4089,.F.);
#5735=ORIENTED_EDGE('',*,*,#4091,.F.);
#5736=ORIENTED_EDGE('',*,*,#4091,.T.);
#5737=ORIENTED_EDGE('',*,*,#4092,.T.);
#5738=ORIENTED_EDGE('',*,*,#4088,.T.);
#5739=ORIENTED_EDGE('',*,*,#4086,.T.);
#5740=ORIENTED_EDGE('',*,*,#4092,.F.);
#5741=ORIENTED_EDGE('',*,*,#4093,.T.);
#5742=ORIENTED_EDGE('',*,*,#4094,.T.);
#5743=ORIENTED_EDGE('',*,*,#4095,.T.);
#5744=ORIENTED_EDGE('',*,*,#4094,.F.);
#5745=ORIENTED_EDGE('',*,*,#4095,.F.);
#5746=ORIENTED_EDGE('',*,*,#4096,.F.);
#5747=ORIENTED_EDGE('',*,*,#4097,.F.);
#5748=ORIENTED_EDGE('',*,*,#4098,.T.);
#5749=ORIENTED_EDGE('',*,*,#4093,.F.);
#5750=ORIENTED_EDGE('',*,*,#4098,.F.);
#5751=ORIENTED_EDGE('',*,*,#4099,.T.);
#5752=ORIENTED_EDGE('',*,*,#4100,.T.);
#5753=ORIENTED_EDGE('',*,*,#4096,.T.);
#5754=ORIENTED_EDGE('',*,*,#4100,.F.);
#5755=ORIENTED_EDGE('',*,*,#4101,.T.);
#5756=ORIENTED_EDGE('',*,*,#4102,.F.);
#5757=ORIENTED_EDGE('',*,*,#4103,.T.);
#5758=ORIENTED_EDGE('',*,*,#4101,.F.);
#5759=ORIENTED_EDGE('',*,*,#4099,.F.);
#5760=ORIENTED_EDGE('',*,*,#4103,.F.);
#5761=ORIENTED_EDGE('',*,*,#4104,.F.);
#5762=ORIENTED_EDGE('',*,*,#4105,.T.);
#5763=ORIENTED_EDGE('',*,*,#4106,.T.);
#5764=ORIENTED_EDGE('',*,*,#4097,.T.);
#5765=ORIENTED_EDGE('',*,*,#4106,.F.);
#5766=ORIENTED_EDGE('',*,*,#4105,.F.);
#5767=ORIENTED_EDGE('',*,*,#4107,.F.);
#5768=ORIENTED_EDGE('',*,*,#4107,.T.);
#5769=ORIENTED_EDGE('',*,*,#4108,.T.);
#5770=ORIENTED_EDGE('',*,*,#4104,.T.);
#5771=ORIENTED_EDGE('',*,*,#4102,.T.);
#5772=ORIENTED_EDGE('',*,*,#4108,.F.);
#5773=ORIENTED_EDGE('',*,*,#4109,.T.);
#5774=ORIENTED_EDGE('',*,*,#4110,.T.);
#5775=ORIENTED_EDGE('',*,*,#4111,.T.);
#5776=ORIENTED_EDGE('',*,*,#4110,.F.);
#5777=ORIENTED_EDGE('',*,*,#4111,.F.);
#5778=ORIENTED_EDGE('',*,*,#4112,.F.);
#5779=ORIENTED_EDGE('',*,*,#4113,.F.);
#5780=ORIENTED_EDGE('',*,*,#4114,.T.);
#5781=ORIENTED_EDGE('',*,*,#4109,.F.);
#5782=ORIENTED_EDGE('',*,*,#4114,.F.);
#5783=ORIENTED_EDGE('',*,*,#4115,.T.);
#5784=ORIENTED_EDGE('',*,*,#4116,.T.);
#5785=ORIENTED_EDGE('',*,*,#4112,.T.);
#5786=ORIENTED_EDGE('',*,*,#4116,.F.);
#5787=ORIENTED_EDGE('',*,*,#4117,.T.);
#5788=ORIENTED_EDGE('',*,*,#4118,.F.);
#5789=ORIENTED_EDGE('',*,*,#4119,.T.);
#5790=ORIENTED_EDGE('',*,*,#4117,.F.);
#5791=ORIENTED_EDGE('',*,*,#4115,.F.);
#5792=ORIENTED_EDGE('',*,*,#4119,.F.);
#5793=ORIENTED_EDGE('',*,*,#4120,.F.);
#5794=ORIENTED_EDGE('',*,*,#4121,.T.);
#5795=ORIENTED_EDGE('',*,*,#4122,.T.);
#5796=ORIENTED_EDGE('',*,*,#4113,.T.);
#5797=ORIENTED_EDGE('',*,*,#4122,.F.);
#5798=ORIENTED_EDGE('',*,*,#4121,.F.);
#5799=ORIENTED_EDGE('',*,*,#4123,.F.);
#5800=ORIENTED_EDGE('',*,*,#4123,.T.);
#5801=ORIENTED_EDGE('',*,*,#4124,.T.);
#5802=ORIENTED_EDGE('',*,*,#4120,.T.);
#5803=ORIENTED_EDGE('',*,*,#4118,.T.);
#5804=ORIENTED_EDGE('',*,*,#4124,.F.);
#5805=ORIENTED_EDGE('',*,*,#4125,.T.);
#5806=ORIENTED_EDGE('',*,*,#4126,.T.);
#5807=ORIENTED_EDGE('',*,*,#4127,.T.);
#5808=ORIENTED_EDGE('',*,*,#4126,.F.);
#5809=ORIENTED_EDGE('',*,*,#4127,.F.);
#5810=ORIENTED_EDGE('',*,*,#4128,.F.);
#5811=ORIENTED_EDGE('',*,*,#4129,.F.);
#5812=ORIENTED_EDGE('',*,*,#4130,.T.);
#5813=ORIENTED_EDGE('',*,*,#4125,.F.);
#5814=ORIENTED_EDGE('',*,*,#4130,.F.);
#5815=ORIENTED_EDGE('',*,*,#4131,.T.);
#5816=ORIENTED_EDGE('',*,*,#4132,.T.);
#5817=ORIENTED_EDGE('',*,*,#4128,.T.);
#5818=ORIENTED_EDGE('',*,*,#4132,.F.);
#5819=ORIENTED_EDGE('',*,*,#4133,.T.);
#5820=ORIENTED_EDGE('',*,*,#4134,.F.);
#5821=ORIENTED_EDGE('',*,*,#4135,.T.);
#5822=ORIENTED_EDGE('',*,*,#4133,.F.);
#5823=ORIENTED_EDGE('',*,*,#4131,.F.);
#5824=ORIENTED_EDGE('',*,*,#4135,.F.);
#5825=ORIENTED_EDGE('',*,*,#4136,.F.);
#5826=ORIENTED_EDGE('',*,*,#4137,.T.);
#5827=ORIENTED_EDGE('',*,*,#4138,.T.);
#5828=ORIENTED_EDGE('',*,*,#4129,.T.);
#5829=ORIENTED_EDGE('',*,*,#4138,.F.);
#5830=ORIENTED_EDGE('',*,*,#4137,.F.);
#5831=ORIENTED_EDGE('',*,*,#4139,.F.);
#5832=ORIENTED_EDGE('',*,*,#4139,.T.);
#5833=ORIENTED_EDGE('',*,*,#4140,.T.);
#5834=ORIENTED_EDGE('',*,*,#4136,.T.);
#5835=ORIENTED_EDGE('',*,*,#4134,.T.);
#5836=ORIENTED_EDGE('',*,*,#4140,.F.);
#5837=ORIENTED_EDGE('',*,*,#4141,.T.);
#5838=ORIENTED_EDGE('',*,*,#4142,.T.);
#5839=ORIENTED_EDGE('',*,*,#4143,.T.);
#5840=ORIENTED_EDGE('',*,*,#4142,.F.);
#5841=ORIENTED_EDGE('',*,*,#4143,.F.);
#5842=ORIENTED_EDGE('',*,*,#4144,.F.);
#5843=ORIENTED_EDGE('',*,*,#4145,.F.);
#5844=ORIENTED_EDGE('',*,*,#4146,.T.);
#5845=ORIENTED_EDGE('',*,*,#4141,.F.);
#5846=ORIENTED_EDGE('',*,*,#4146,.F.);
#5847=ORIENTED_EDGE('',*,*,#4147,.T.);
#5848=ORIENTED_EDGE('',*,*,#4148,.T.);
#5849=ORIENTED_EDGE('',*,*,#4144,.T.);
#5850=ORIENTED_EDGE('',*,*,#4148,.F.);
#5851=ORIENTED_EDGE('',*,*,#4149,.T.);
#5852=ORIENTED_EDGE('',*,*,#4150,.F.);
#5853=ORIENTED_EDGE('',*,*,#4151,.T.);
#5854=ORIENTED_EDGE('',*,*,#4149,.F.);
#5855=ORIENTED_EDGE('',*,*,#4147,.F.);
#5856=ORIENTED_EDGE('',*,*,#4151,.F.);
#5857=ORIENTED_EDGE('',*,*,#4152,.F.);
#5858=ORIENTED_EDGE('',*,*,#4153,.T.);
#5859=ORIENTED_EDGE('',*,*,#4154,.T.);
#5860=ORIENTED_EDGE('',*,*,#4145,.T.);
#5861=ORIENTED_EDGE('',*,*,#4154,.F.);
#5862=ORIENTED_EDGE('',*,*,#4153,.F.);
#5863=ORIENTED_EDGE('',*,*,#4155,.F.);
#5864=ORIENTED_EDGE('',*,*,#4155,.T.);
#5865=ORIENTED_EDGE('',*,*,#4156,.T.);
#5866=ORIENTED_EDGE('',*,*,#4152,.T.);
#5867=ORIENTED_EDGE('',*,*,#4150,.T.);
#5868=ORIENTED_EDGE('',*,*,#4156,.F.);
#5869=ORIENTED_EDGE('',*,*,#4157,.T.);
#5870=ORIENTED_EDGE('',*,*,#4158,.T.);
#5871=ORIENTED_EDGE('',*,*,#4159,.T.);
#5872=ORIENTED_EDGE('',*,*,#4158,.F.);
#5873=ORIENTED_EDGE('',*,*,#4159,.F.);
#5874=ORIENTED_EDGE('',*,*,#4160,.F.);
#5875=ORIENTED_EDGE('',*,*,#4161,.F.);
#5876=ORIENTED_EDGE('',*,*,#4162,.T.);
#5877=ORIENTED_EDGE('',*,*,#4157,.F.);
#5878=ORIENTED_EDGE('',*,*,#4162,.F.);
#5879=ORIENTED_EDGE('',*,*,#4163,.T.);
#5880=ORIENTED_EDGE('',*,*,#4164,.T.);
#5881=ORIENTED_EDGE('',*,*,#4160,.T.);
#5882=ORIENTED_EDGE('',*,*,#4164,.F.);
#5883=ORIENTED_EDGE('',*,*,#4165,.T.);
#5884=ORIENTED_EDGE('',*,*,#4166,.F.);
#5885=ORIENTED_EDGE('',*,*,#4167,.T.);
#5886=ORIENTED_EDGE('',*,*,#4165,.F.);
#5887=ORIENTED_EDGE('',*,*,#4163,.F.);
#5888=ORIENTED_EDGE('',*,*,#4167,.F.);
#5889=ORIENTED_EDGE('',*,*,#4168,.F.);
#5890=ORIENTED_EDGE('',*,*,#4169,.T.);
#5891=ORIENTED_EDGE('',*,*,#4170,.T.);
#5892=ORIENTED_EDGE('',*,*,#4161,.T.);
#5893=ORIENTED_EDGE('',*,*,#4170,.F.);
#5894=ORIENTED_EDGE('',*,*,#4169,.F.);
#5895=ORIENTED_EDGE('',*,*,#4171,.F.);
#5896=ORIENTED_EDGE('',*,*,#4171,.T.);
#5897=ORIENTED_EDGE('',*,*,#4172,.T.);
#5898=ORIENTED_EDGE('',*,*,#4168,.T.);
#5899=ORIENTED_EDGE('',*,*,#4166,.T.);
#5900=ORIENTED_EDGE('',*,*,#4172,.F.);
#5901=ORIENTED_EDGE('',*,*,#4173,.T.);
#5902=ORIENTED_EDGE('',*,*,#4174,.T.);
#5903=ORIENTED_EDGE('',*,*,#4175,.T.);
#5904=ORIENTED_EDGE('',*,*,#4174,.F.);
#5905=ORIENTED_EDGE('',*,*,#4175,.F.);
#5906=ORIENTED_EDGE('',*,*,#4176,.F.);
#5907=ORIENTED_EDGE('',*,*,#4177,.F.);
#5908=ORIENTED_EDGE('',*,*,#4178,.T.);
#5909=ORIENTED_EDGE('',*,*,#4173,.F.);
#5910=ORIENTED_EDGE('',*,*,#4178,.F.);
#5911=ORIENTED_EDGE('',*,*,#4179,.T.);
#5912=ORIENTED_EDGE('',*,*,#4180,.T.);
#5913=ORIENTED_EDGE('',*,*,#4176,.T.);
#5914=ORIENTED_EDGE('',*,*,#4180,.F.);
#5915=ORIENTED_EDGE('',*,*,#4181,.T.);
#5916=ORIENTED_EDGE('',*,*,#4182,.F.);
#5917=ORIENTED_EDGE('',*,*,#4183,.T.);
#5918=ORIENTED_EDGE('',*,*,#4181,.F.);
#5919=ORIENTED_EDGE('',*,*,#4179,.F.);
#5920=ORIENTED_EDGE('',*,*,#4183,.F.);
#5921=ORIENTED_EDGE('',*,*,#4184,.F.);
#5922=ORIENTED_EDGE('',*,*,#4185,.T.);
#5923=ORIENTED_EDGE('',*,*,#4186,.T.);
#5924=ORIENTED_EDGE('',*,*,#4177,.T.);
#5925=ORIENTED_EDGE('',*,*,#4186,.F.);
#5926=ORIENTED_EDGE('',*,*,#4185,.F.);
#5927=ORIENTED_EDGE('',*,*,#4187,.F.);
#5928=ORIENTED_EDGE('',*,*,#4187,.T.);
#5929=ORIENTED_EDGE('',*,*,#4188,.T.);
#5930=ORIENTED_EDGE('',*,*,#4184,.T.);
#5931=ORIENTED_EDGE('',*,*,#4182,.T.);
#5932=ORIENTED_EDGE('',*,*,#4188,.F.);
#5933=ORIENTED_EDGE('',*,*,#4189,.T.);
#5934=ORIENTED_EDGE('',*,*,#4190,.T.);
#5935=ORIENTED_EDGE('',*,*,#4191,.T.);
#5936=ORIENTED_EDGE('',*,*,#4190,.F.);
#5937=ORIENTED_EDGE('',*,*,#4191,.F.);
#5938=ORIENTED_EDGE('',*,*,#4192,.F.);
#5939=ORIENTED_EDGE('',*,*,#4193,.F.);
#5940=ORIENTED_EDGE('',*,*,#4194,.T.);
#5941=ORIENTED_EDGE('',*,*,#4189,.F.);
#5942=ORIENTED_EDGE('',*,*,#4194,.F.);
#5943=ORIENTED_EDGE('',*,*,#4195,.T.);
#5944=ORIENTED_EDGE('',*,*,#4196,.T.);
#5945=ORIENTED_EDGE('',*,*,#4192,.T.);
#5946=ORIENTED_EDGE('',*,*,#4196,.F.);
#5947=ORIENTED_EDGE('',*,*,#4197,.T.);
#5948=ORIENTED_EDGE('',*,*,#4198,.F.);
#5949=ORIENTED_EDGE('',*,*,#4199,.T.);
#5950=ORIENTED_EDGE('',*,*,#4197,.F.);
#5951=ORIENTED_EDGE('',*,*,#4195,.F.);
#5952=ORIENTED_EDGE('',*,*,#4199,.F.);
#5953=ORIENTED_EDGE('',*,*,#4200,.F.);
#5954=ORIENTED_EDGE('',*,*,#4201,.T.);
#5955=ORIENTED_EDGE('',*,*,#4202,.T.);
#5956=ORIENTED_EDGE('',*,*,#4193,.T.);
#5957=ORIENTED_EDGE('',*,*,#4202,.F.);
#5958=ORIENTED_EDGE('',*,*,#4201,.F.);
#5959=ORIENTED_EDGE('',*,*,#4203,.F.);
#5960=ORIENTED_EDGE('',*,*,#4203,.T.);
#5961=ORIENTED_EDGE('',*,*,#4204,.T.);
#5962=ORIENTED_EDGE('',*,*,#4200,.T.);
#5963=ORIENTED_EDGE('',*,*,#4198,.T.);
#5964=ORIENTED_EDGE('',*,*,#4204,.F.);
#5965=ORIENTED_EDGE('',*,*,#4205,.T.);
#5966=ORIENTED_EDGE('',*,*,#4206,.T.);
#5967=ORIENTED_EDGE('',*,*,#4207,.T.);
#5968=ORIENTED_EDGE('',*,*,#4206,.F.);
#5969=ORIENTED_EDGE('',*,*,#4207,.F.);
#5970=ORIENTED_EDGE('',*,*,#4208,.F.);
#5971=ORIENTED_EDGE('',*,*,#4209,.F.);
#5972=ORIENTED_EDGE('',*,*,#4210,.T.);
#5973=ORIENTED_EDGE('',*,*,#4205,.F.);
#5974=ORIENTED_EDGE('',*,*,#4210,.F.);
#5975=ORIENTED_EDGE('',*,*,#4211,.T.);
#5976=ORIENTED_EDGE('',*,*,#4212,.T.);
#5977=ORIENTED_EDGE('',*,*,#4208,.T.);
#5978=ORIENTED_EDGE('',*,*,#4212,.F.);
#5979=ORIENTED_EDGE('',*,*,#4213,.T.);
#5980=ORIENTED_EDGE('',*,*,#4214,.F.);
#5981=ORIENTED_EDGE('',*,*,#4215,.T.);
#5982=ORIENTED_EDGE('',*,*,#4213,.F.);
#5983=ORIENTED_EDGE('',*,*,#4211,.F.);
#5984=ORIENTED_EDGE('',*,*,#4215,.F.);
#5985=ORIENTED_EDGE('',*,*,#4216,.F.);
#5986=ORIENTED_EDGE('',*,*,#4217,.T.);
#5987=ORIENTED_EDGE('',*,*,#4218,.T.);
#5988=ORIENTED_EDGE('',*,*,#4209,.T.);
#5989=ORIENTED_EDGE('',*,*,#4218,.F.);
#5990=ORIENTED_EDGE('',*,*,#4217,.F.);
#5991=ORIENTED_EDGE('',*,*,#4219,.F.);
#5992=ORIENTED_EDGE('',*,*,#4219,.T.);
#5993=ORIENTED_EDGE('',*,*,#4220,.T.);
#5994=ORIENTED_EDGE('',*,*,#4216,.T.);
#5995=ORIENTED_EDGE('',*,*,#4214,.T.);
#5996=ORIENTED_EDGE('',*,*,#4220,.F.);
#5997=ORIENTED_EDGE('',*,*,#4221,.T.);
#5998=ORIENTED_EDGE('',*,*,#4222,.T.);
#5999=ORIENTED_EDGE('',*,*,#4223,.T.);
#6000=ORIENTED_EDGE('',*,*,#4222,.F.);
#6001=ORIENTED_EDGE('',*,*,#4223,.F.);
#6002=ORIENTED_EDGE('',*,*,#4224,.F.);
#6003=ORIENTED_EDGE('',*,*,#4225,.F.);
#6004=ORIENTED_EDGE('',*,*,#4226,.T.);
#6005=ORIENTED_EDGE('',*,*,#4221,.F.);
#6006=ORIENTED_EDGE('',*,*,#4226,.F.);
#6007=ORIENTED_EDGE('',*,*,#4227,.T.);
#6008=ORIENTED_EDGE('',*,*,#4228,.T.);
#6009=ORIENTED_EDGE('',*,*,#4224,.T.);
#6010=ORIENTED_EDGE('',*,*,#4228,.F.);
#6011=ORIENTED_EDGE('',*,*,#4229,.T.);
#6012=ORIENTED_EDGE('',*,*,#4230,.F.);
#6013=ORIENTED_EDGE('',*,*,#4231,.T.);
#6014=ORIENTED_EDGE('',*,*,#4229,.F.);
#6015=ORIENTED_EDGE('',*,*,#4227,.F.);
#6016=ORIENTED_EDGE('',*,*,#4231,.F.);
#6017=ORIENTED_EDGE('',*,*,#4232,.F.);
#6018=ORIENTED_EDGE('',*,*,#4233,.T.);
#6019=ORIENTED_EDGE('',*,*,#4234,.T.);
#6020=ORIENTED_EDGE('',*,*,#4225,.T.);
#6021=ORIENTED_EDGE('',*,*,#4234,.F.);
#6022=ORIENTED_EDGE('',*,*,#4233,.F.);
#6023=ORIENTED_EDGE('',*,*,#4235,.F.);
#6024=ORIENTED_EDGE('',*,*,#4235,.T.);
#6025=ORIENTED_EDGE('',*,*,#4236,.T.);
#6026=ORIENTED_EDGE('',*,*,#4232,.T.);
#6027=ORIENTED_EDGE('',*,*,#4230,.T.);
#6028=ORIENTED_EDGE('',*,*,#4236,.F.);
#6029=ORIENTED_EDGE('',*,*,#4237,.T.);
#6030=ORIENTED_EDGE('',*,*,#4238,.T.);
#6031=ORIENTED_EDGE('',*,*,#4239,.T.);
#6032=ORIENTED_EDGE('',*,*,#4238,.F.);
#6033=ORIENTED_EDGE('',*,*,#4239,.F.);
#6034=ORIENTED_EDGE('',*,*,#4240,.F.);
#6035=ORIENTED_EDGE('',*,*,#4241,.F.);
#6036=ORIENTED_EDGE('',*,*,#4242,.T.);
#6037=ORIENTED_EDGE('',*,*,#4237,.F.);
#6038=ORIENTED_EDGE('',*,*,#4242,.F.);
#6039=ORIENTED_EDGE('',*,*,#4243,.T.);
#6040=ORIENTED_EDGE('',*,*,#4244,.T.);
#6041=ORIENTED_EDGE('',*,*,#4240,.T.);
#6042=ORIENTED_EDGE('',*,*,#4244,.F.);
#6043=ORIENTED_EDGE('',*,*,#4245,.T.);
#6044=ORIENTED_EDGE('',*,*,#4246,.F.);
#6045=ORIENTED_EDGE('',*,*,#4247,.T.);
#6046=ORIENTED_EDGE('',*,*,#4245,.F.);
#6047=ORIENTED_EDGE('',*,*,#4243,.F.);
#6048=ORIENTED_EDGE('',*,*,#4247,.F.);
#6049=ORIENTED_EDGE('',*,*,#4248,.F.);
#6050=ORIENTED_EDGE('',*,*,#4249,.T.);
#6051=ORIENTED_EDGE('',*,*,#4250,.T.);
#6052=ORIENTED_EDGE('',*,*,#4241,.T.);
#6053=ORIENTED_EDGE('',*,*,#4250,.F.);
#6054=ORIENTED_EDGE('',*,*,#4249,.F.);
#6055=ORIENTED_EDGE('',*,*,#4251,.F.);
#6056=ORIENTED_EDGE('',*,*,#4251,.T.);
#6057=ORIENTED_EDGE('',*,*,#4252,.T.);
#6058=ORIENTED_EDGE('',*,*,#4248,.T.);
#6059=ORIENTED_EDGE('',*,*,#4246,.T.);
#6060=ORIENTED_EDGE('',*,*,#4252,.F.);
#6061=ORIENTED_EDGE('',*,*,#4253,.T.);
#6062=ORIENTED_EDGE('',*,*,#4254,.T.);
#6063=ORIENTED_EDGE('',*,*,#4255,.T.);
#6064=ORIENTED_EDGE('',*,*,#4254,.F.);
#6065=ORIENTED_EDGE('',*,*,#4255,.F.);
#6066=ORIENTED_EDGE('',*,*,#4256,.F.);
#6067=ORIENTED_EDGE('',*,*,#4257,.F.);
#6068=ORIENTED_EDGE('',*,*,#4258,.T.);
#6069=ORIENTED_EDGE('',*,*,#4253,.F.);
#6070=ORIENTED_EDGE('',*,*,#4258,.F.);
#6071=ORIENTED_EDGE('',*,*,#4259,.T.);
#6072=ORIENTED_EDGE('',*,*,#4260,.T.);
#6073=ORIENTED_EDGE('',*,*,#4256,.T.);
#6074=ORIENTED_EDGE('',*,*,#4260,.F.);
#6075=ORIENTED_EDGE('',*,*,#4261,.T.);
#6076=ORIENTED_EDGE('',*,*,#4262,.F.);
#6077=ORIENTED_EDGE('',*,*,#4263,.T.);
#6078=ORIENTED_EDGE('',*,*,#4261,.F.);
#6079=ORIENTED_EDGE('',*,*,#4259,.F.);
#6080=ORIENTED_EDGE('',*,*,#4263,.F.);
#6081=ORIENTED_EDGE('',*,*,#4264,.F.);
#6082=ORIENTED_EDGE('',*,*,#4265,.T.);
#6083=ORIENTED_EDGE('',*,*,#4266,.T.);
#6084=ORIENTED_EDGE('',*,*,#4257,.T.);
#6085=ORIENTED_EDGE('',*,*,#4266,.F.);
#6086=ORIENTED_EDGE('',*,*,#4265,.F.);
#6087=ORIENTED_EDGE('',*,*,#4267,.F.);
#6088=ORIENTED_EDGE('',*,*,#4267,.T.);
#6089=ORIENTED_EDGE('',*,*,#4268,.T.);
#6090=ORIENTED_EDGE('',*,*,#4264,.T.);
#6091=ORIENTED_EDGE('',*,*,#4262,.T.);
#6092=ORIENTED_EDGE('',*,*,#4268,.F.);
#6093=ORIENTED_EDGE('',*,*,#4269,.T.);
#6094=ORIENTED_EDGE('',*,*,#4270,.T.);
#6095=ORIENTED_EDGE('',*,*,#4271,.T.);
#6096=ORIENTED_EDGE('',*,*,#4270,.F.);
#6097=ORIENTED_EDGE('',*,*,#4271,.F.);
#6098=ORIENTED_EDGE('',*,*,#4272,.F.);
#6099=ORIENTED_EDGE('',*,*,#4273,.F.);
#6100=ORIENTED_EDGE('',*,*,#4274,.T.);
#6101=ORIENTED_EDGE('',*,*,#4269,.F.);
#6102=ORIENTED_EDGE('',*,*,#4274,.F.);
#6103=ORIENTED_EDGE('',*,*,#4275,.T.);
#6104=ORIENTED_EDGE('',*,*,#4276,.T.);
#6105=ORIENTED_EDGE('',*,*,#4272,.T.);
#6106=ORIENTED_EDGE('',*,*,#4276,.F.);
#6107=ORIENTED_EDGE('',*,*,#4277,.T.);
#6108=ORIENTED_EDGE('',*,*,#4278,.F.);
#6109=ORIENTED_EDGE('',*,*,#4279,.T.);
#6110=ORIENTED_EDGE('',*,*,#4277,.F.);
#6111=ORIENTED_EDGE('',*,*,#4275,.F.);
#6112=ORIENTED_EDGE('',*,*,#4279,.F.);
#6113=ORIENTED_EDGE('',*,*,#4280,.F.);
#6114=ORIENTED_EDGE('',*,*,#4281,.T.);
#6115=ORIENTED_EDGE('',*,*,#4282,.T.);
#6116=ORIENTED_EDGE('',*,*,#4273,.T.);
#6117=ORIENTED_EDGE('',*,*,#4282,.F.);
#6118=ORIENTED_EDGE('',*,*,#4281,.F.);
#6119=ORIENTED_EDGE('',*,*,#4283,.F.);
#6120=ORIENTED_EDGE('',*,*,#4283,.T.);
#6121=ORIENTED_EDGE('',*,*,#4284,.T.);
#6122=ORIENTED_EDGE('',*,*,#4280,.T.);
#6123=ORIENTED_EDGE('',*,*,#4278,.T.);
#6124=ORIENTED_EDGE('',*,*,#4284,.F.);
#6125=ORIENTED_EDGE('',*,*,#4285,.T.);
#6126=ORIENTED_EDGE('',*,*,#4286,.T.);
#6127=ORIENTED_EDGE('',*,*,#4287,.T.);
#6128=ORIENTED_EDGE('',*,*,#4286,.F.);
#6129=ORIENTED_EDGE('',*,*,#4287,.F.);
#6130=ORIENTED_EDGE('',*,*,#4288,.F.);
#6131=ORIENTED_EDGE('',*,*,#4289,.F.);
#6132=ORIENTED_EDGE('',*,*,#4290,.T.);
#6133=ORIENTED_EDGE('',*,*,#4285,.F.);
#6134=ORIENTED_EDGE('',*,*,#4290,.F.);
#6135=ORIENTED_EDGE('',*,*,#4291,.T.);
#6136=ORIENTED_EDGE('',*,*,#4292,.T.);
#6137=ORIENTED_EDGE('',*,*,#4288,.T.);
#6138=ORIENTED_EDGE('',*,*,#4292,.F.);
#6139=ORIENTED_EDGE('',*,*,#4293,.T.);
#6140=ORIENTED_EDGE('',*,*,#4294,.F.);
#6141=ORIENTED_EDGE('',*,*,#4295,.T.);
#6142=ORIENTED_EDGE('',*,*,#4293,.F.);
#6143=ORIENTED_EDGE('',*,*,#4291,.F.);
#6144=ORIENTED_EDGE('',*,*,#4295,.F.);
#6145=ORIENTED_EDGE('',*,*,#4296,.F.);
#6146=ORIENTED_EDGE('',*,*,#4297,.T.);
#6147=ORIENTED_EDGE('',*,*,#4298,.T.);
#6148=ORIENTED_EDGE('',*,*,#4289,.T.);
#6149=ORIENTED_EDGE('',*,*,#4298,.F.);
#6150=ORIENTED_EDGE('',*,*,#4297,.F.);
#6151=ORIENTED_EDGE('',*,*,#4299,.F.);
#6152=ORIENTED_EDGE('',*,*,#4299,.T.);
#6153=ORIENTED_EDGE('',*,*,#4300,.T.);
#6154=ORIENTED_EDGE('',*,*,#4296,.T.);
#6155=ORIENTED_EDGE('',*,*,#4294,.T.);
#6156=ORIENTED_EDGE('',*,*,#4300,.F.);
#6157=ORIENTED_EDGE('',*,*,#4301,.T.);
#6158=ORIENTED_EDGE('',*,*,#4302,.T.);
#6159=ORIENTED_EDGE('',*,*,#4303,.T.);
#6160=ORIENTED_EDGE('',*,*,#4302,.F.);
#6161=ORIENTED_EDGE('',*,*,#4303,.F.);
#6162=ORIENTED_EDGE('',*,*,#4304,.F.);
#6163=ORIENTED_EDGE('',*,*,#4305,.F.);
#6164=ORIENTED_EDGE('',*,*,#4306,.T.);
#6165=ORIENTED_EDGE('',*,*,#4301,.F.);
#6166=ORIENTED_EDGE('',*,*,#4306,.F.);
#6167=ORIENTED_EDGE('',*,*,#4307,.T.);
#6168=ORIENTED_EDGE('',*,*,#4308,.T.);
#6169=ORIENTED_EDGE('',*,*,#4304,.T.);
#6170=ORIENTED_EDGE('',*,*,#4308,.F.);
#6171=ORIENTED_EDGE('',*,*,#4309,.T.);
#6172=ORIENTED_EDGE('',*,*,#4310,.F.);
#6173=ORIENTED_EDGE('',*,*,#4311,.T.);
#6174=ORIENTED_EDGE('',*,*,#4309,.F.);
#6175=ORIENTED_EDGE('',*,*,#4307,.F.);
#6176=ORIENTED_EDGE('',*,*,#4311,.F.);
#6177=ORIENTED_EDGE('',*,*,#4312,.F.);
#6178=ORIENTED_EDGE('',*,*,#4313,.T.);
#6179=ORIENTED_EDGE('',*,*,#4314,.T.);
#6180=ORIENTED_EDGE('',*,*,#4305,.T.);
#6181=ORIENTED_EDGE('',*,*,#4314,.F.);
#6182=ORIENTED_EDGE('',*,*,#4313,.F.);
#6183=ORIENTED_EDGE('',*,*,#4315,.F.);
#6184=ORIENTED_EDGE('',*,*,#4315,.T.);
#6185=ORIENTED_EDGE('',*,*,#4316,.T.);
#6186=ORIENTED_EDGE('',*,*,#4312,.T.);
#6187=ORIENTED_EDGE('',*,*,#4310,.T.);
#6188=ORIENTED_EDGE('',*,*,#4316,.F.);
#6189=ORIENTED_EDGE('',*,*,#4317,.T.);
#6190=ORIENTED_EDGE('',*,*,#4318,.T.);
#6191=ORIENTED_EDGE('',*,*,#4319,.T.);
#6192=ORIENTED_EDGE('',*,*,#4318,.F.);
#6193=ORIENTED_EDGE('',*,*,#4319,.F.);
#6194=ORIENTED_EDGE('',*,*,#4320,.F.);
#6195=ORIENTED_EDGE('',*,*,#4321,.F.);
#6196=ORIENTED_EDGE('',*,*,#4322,.T.);
#6197=ORIENTED_EDGE('',*,*,#4317,.F.);
#6198=ORIENTED_EDGE('',*,*,#4322,.F.);
#6199=ORIENTED_EDGE('',*,*,#4323,.T.);
#6200=ORIENTED_EDGE('',*,*,#4324,.T.);
#6201=ORIENTED_EDGE('',*,*,#4320,.T.);
#6202=ORIENTED_EDGE('',*,*,#4324,.F.);
#6203=ORIENTED_EDGE('',*,*,#4325,.T.);
#6204=ORIENTED_EDGE('',*,*,#4326,.F.);
#6205=ORIENTED_EDGE('',*,*,#4327,.T.);
#6206=ORIENTED_EDGE('',*,*,#4325,.F.);
#6207=ORIENTED_EDGE('',*,*,#4323,.F.);
#6208=ORIENTED_EDGE('',*,*,#4327,.F.);
#6209=ORIENTED_EDGE('',*,*,#4328,.F.);
#6210=ORIENTED_EDGE('',*,*,#4329,.T.);
#6211=ORIENTED_EDGE('',*,*,#4330,.T.);
#6212=ORIENTED_EDGE('',*,*,#4321,.T.);
#6213=ORIENTED_EDGE('',*,*,#4330,.F.);
#6214=ORIENTED_EDGE('',*,*,#4329,.F.);
#6215=ORIENTED_EDGE('',*,*,#4331,.F.);
#6216=ORIENTED_EDGE('',*,*,#4331,.T.);
#6217=ORIENTED_EDGE('',*,*,#4332,.T.);
#6218=ORIENTED_EDGE('',*,*,#4328,.T.);
#6219=ORIENTED_EDGE('',*,*,#4326,.T.);
#6220=ORIENTED_EDGE('',*,*,#4332,.F.);
#6221=ORIENTED_EDGE('',*,*,#4333,.T.);
#6222=ORIENTED_EDGE('',*,*,#4334,.T.);
#6223=ORIENTED_EDGE('',*,*,#4335,.T.);
#6224=ORIENTED_EDGE('',*,*,#4334,.F.);
#6225=ORIENTED_EDGE('',*,*,#4335,.F.);
#6226=ORIENTED_EDGE('',*,*,#4336,.F.);
#6227=ORIENTED_EDGE('',*,*,#4337,.F.);
#6228=ORIENTED_EDGE('',*,*,#4338,.T.);
#6229=ORIENTED_EDGE('',*,*,#4333,.F.);
#6230=ORIENTED_EDGE('',*,*,#4338,.F.);
#6231=ORIENTED_EDGE('',*,*,#4339,.T.);
#6232=ORIENTED_EDGE('',*,*,#4340,.T.);
#6233=ORIENTED_EDGE('',*,*,#4336,.T.);
#6234=ORIENTED_EDGE('',*,*,#4340,.F.);
#6235=ORIENTED_EDGE('',*,*,#4341,.T.);
#6236=ORIENTED_EDGE('',*,*,#4342,.F.);
#6237=ORIENTED_EDGE('',*,*,#4343,.T.);
#6238=ORIENTED_EDGE('',*,*,#4341,.F.);
#6239=ORIENTED_EDGE('',*,*,#4339,.F.);
#6240=ORIENTED_EDGE('',*,*,#4343,.F.);
#6241=ORIENTED_EDGE('',*,*,#4344,.F.);
#6242=ORIENTED_EDGE('',*,*,#4345,.T.);
#6243=ORIENTED_EDGE('',*,*,#4346,.T.);
#6244=ORIENTED_EDGE('',*,*,#4337,.T.);
#6245=ORIENTED_EDGE('',*,*,#4346,.F.);
#6246=ORIENTED_EDGE('',*,*,#4345,.F.);
#6247=ORIENTED_EDGE('',*,*,#4347,.F.);
#6248=ORIENTED_EDGE('',*,*,#4347,.T.);
#6249=ORIENTED_EDGE('',*,*,#4348,.T.);
#6250=ORIENTED_EDGE('',*,*,#4344,.T.);
#6251=ORIENTED_EDGE('',*,*,#4342,.T.);
#6252=ORIENTED_EDGE('',*,*,#4348,.F.);
#6253=ORIENTED_EDGE('',*,*,#4349,.T.);
#6254=ORIENTED_EDGE('',*,*,#4350,.T.);
#6255=ORIENTED_EDGE('',*,*,#4351,.T.);
#6256=ORIENTED_EDGE('',*,*,#4350,.F.);
#6257=ORIENTED_EDGE('',*,*,#4351,.F.);
#6258=ORIENTED_EDGE('',*,*,#4352,.F.);
#6259=ORIENTED_EDGE('',*,*,#4353,.F.);
#6260=ORIENTED_EDGE('',*,*,#4354,.T.);
#6261=ORIENTED_EDGE('',*,*,#4349,.F.);
#6262=ORIENTED_EDGE('',*,*,#4354,.F.);
#6263=ORIENTED_EDGE('',*,*,#4355,.T.);
#6264=ORIENTED_EDGE('',*,*,#4356,.T.);
#6265=ORIENTED_EDGE('',*,*,#4352,.T.);
#6266=ORIENTED_EDGE('',*,*,#4356,.F.);
#6267=ORIENTED_EDGE('',*,*,#4357,.T.);
#6268=ORIENTED_EDGE('',*,*,#4358,.F.);
#6269=ORIENTED_EDGE('',*,*,#4359,.T.);
#6270=ORIENTED_EDGE('',*,*,#4357,.F.);
#6271=ORIENTED_EDGE('',*,*,#4355,.F.);
#6272=ORIENTED_EDGE('',*,*,#4359,.F.);
#6273=ORIENTED_EDGE('',*,*,#4360,.F.);
#6274=ORIENTED_EDGE('',*,*,#4361,.T.);
#6275=ORIENTED_EDGE('',*,*,#4362,.T.);
#6276=ORIENTED_EDGE('',*,*,#4353,.T.);
#6277=ORIENTED_EDGE('',*,*,#4362,.F.);
#6278=ORIENTED_EDGE('',*,*,#4361,.F.);
#6279=ORIENTED_EDGE('',*,*,#4363,.F.);
#6280=ORIENTED_EDGE('',*,*,#4363,.T.);
#6281=ORIENTED_EDGE('',*,*,#4364,.T.);
#6282=ORIENTED_EDGE('',*,*,#4360,.T.);
#6283=ORIENTED_EDGE('',*,*,#4358,.T.);
#6284=ORIENTED_EDGE('',*,*,#4364,.F.);
#6285=ORIENTED_EDGE('',*,*,#4365,.T.);
#6286=ORIENTED_EDGE('',*,*,#4366,.T.);
#6287=ORIENTED_EDGE('',*,*,#4367,.T.);
#6288=ORIENTED_EDGE('',*,*,#4366,.F.);
#6289=ORIENTED_EDGE('',*,*,#4367,.F.);
#6290=ORIENTED_EDGE('',*,*,#4368,.F.);
#6291=ORIENTED_EDGE('',*,*,#4369,.F.);
#6292=ORIENTED_EDGE('',*,*,#4370,.T.);
#6293=ORIENTED_EDGE('',*,*,#4365,.F.);
#6294=ORIENTED_EDGE('',*,*,#4370,.F.);
#6295=ORIENTED_EDGE('',*,*,#4371,.T.);
#6296=ORIENTED_EDGE('',*,*,#4372,.T.);
#6297=ORIENTED_EDGE('',*,*,#4368,.T.);
#6298=ORIENTED_EDGE('',*,*,#4372,.F.);
#6299=ORIENTED_EDGE('',*,*,#4373,.T.);
#6300=ORIENTED_EDGE('',*,*,#4374,.F.);
#6301=ORIENTED_EDGE('',*,*,#4375,.T.);
#6302=ORIENTED_EDGE('',*,*,#4373,.F.);
#6303=ORIENTED_EDGE('',*,*,#4371,.F.);
#6304=ORIENTED_EDGE('',*,*,#4375,.F.);
#6305=ORIENTED_EDGE('',*,*,#4376,.F.);
#6306=ORIENTED_EDGE('',*,*,#4377,.T.);
#6307=ORIENTED_EDGE('',*,*,#4378,.T.);
#6308=ORIENTED_EDGE('',*,*,#4369,.T.);
#6309=ORIENTED_EDGE('',*,*,#4378,.F.);
#6310=ORIENTED_EDGE('',*,*,#4377,.F.);
#6311=ORIENTED_EDGE('',*,*,#4379,.F.);
#6312=ORIENTED_EDGE('',*,*,#4379,.T.);
#6313=ORIENTED_EDGE('',*,*,#4380,.T.);
#6314=ORIENTED_EDGE('',*,*,#4376,.T.);
#6315=ORIENTED_EDGE('',*,*,#4374,.T.);
#6316=ORIENTED_EDGE('',*,*,#4380,.F.);
#6317=ORIENTED_EDGE('',*,*,#4381,.T.);
#6318=ORIENTED_EDGE('',*,*,#4382,.T.);
#6319=ORIENTED_EDGE('',*,*,#4383,.T.);
#6320=ORIENTED_EDGE('',*,*,#4382,.F.);
#6321=ORIENTED_EDGE('',*,*,#4383,.F.);
#6322=ORIENTED_EDGE('',*,*,#4384,.F.);
#6323=ORIENTED_EDGE('',*,*,#4385,.F.);
#6324=ORIENTED_EDGE('',*,*,#4386,.T.);
#6325=ORIENTED_EDGE('',*,*,#4381,.F.);
#6326=ORIENTED_EDGE('',*,*,#4386,.F.);
#6327=ORIENTED_EDGE('',*,*,#4387,.T.);
#6328=ORIENTED_EDGE('',*,*,#4388,.T.);
#6329=ORIENTED_EDGE('',*,*,#4384,.T.);
#6330=ORIENTED_EDGE('',*,*,#4388,.F.);
#6331=ORIENTED_EDGE('',*,*,#4389,.T.);
#6332=ORIENTED_EDGE('',*,*,#4390,.F.);
#6333=ORIENTED_EDGE('',*,*,#4391,.T.);
#6334=ORIENTED_EDGE('',*,*,#4389,.F.);
#6335=ORIENTED_EDGE('',*,*,#4387,.F.);
#6336=ORIENTED_EDGE('',*,*,#4391,.F.);
#6337=ORIENTED_EDGE('',*,*,#4392,.F.);
#6338=ORIENTED_EDGE('',*,*,#4393,.T.);
#6339=ORIENTED_EDGE('',*,*,#4394,.T.);
#6340=ORIENTED_EDGE('',*,*,#4385,.T.);
#6341=ORIENTED_EDGE('',*,*,#4394,.F.);
#6342=ORIENTED_EDGE('',*,*,#4393,.F.);
#6343=ORIENTED_EDGE('',*,*,#4395,.F.);
#6344=ORIENTED_EDGE('',*,*,#4395,.T.);
#6345=ORIENTED_EDGE('',*,*,#4396,.T.);
#6346=ORIENTED_EDGE('',*,*,#4392,.T.);
#6347=ORIENTED_EDGE('',*,*,#4390,.T.);
#6348=ORIENTED_EDGE('',*,*,#4396,.F.);
#6349=ORIENTED_EDGE('',*,*,#4397,.T.);
#6350=ORIENTED_EDGE('',*,*,#4398,.T.);
#6351=ORIENTED_EDGE('',*,*,#4399,.T.);
#6352=ORIENTED_EDGE('',*,*,#4398,.F.);
#6353=ORIENTED_EDGE('',*,*,#4399,.F.);
#6354=ORIENTED_EDGE('',*,*,#4400,.F.);
#6355=ORIENTED_EDGE('',*,*,#4401,.F.);
#6356=ORIENTED_EDGE('',*,*,#4402,.T.);
#6357=ORIENTED_EDGE('',*,*,#4397,.F.);
#6358=ORIENTED_EDGE('',*,*,#4402,.F.);
#6359=ORIENTED_EDGE('',*,*,#4403,.T.);
#6360=ORIENTED_EDGE('',*,*,#4404,.T.);
#6361=ORIENTED_EDGE('',*,*,#4400,.T.);
#6362=ORIENTED_EDGE('',*,*,#4404,.F.);
#6363=ORIENTED_EDGE('',*,*,#4405,.T.);
#6364=ORIENTED_EDGE('',*,*,#4406,.F.);
#6365=ORIENTED_EDGE('',*,*,#4407,.T.);
#6366=ORIENTED_EDGE('',*,*,#4405,.F.);
#6367=ORIENTED_EDGE('',*,*,#4403,.F.);
#6368=ORIENTED_EDGE('',*,*,#4407,.F.);
#6369=ORIENTED_EDGE('',*,*,#4408,.F.);
#6370=ORIENTED_EDGE('',*,*,#4409,.T.);
#6371=ORIENTED_EDGE('',*,*,#4410,.T.);
#6372=ORIENTED_EDGE('',*,*,#4401,.T.);
#6373=ORIENTED_EDGE('',*,*,#4410,.F.);
#6374=ORIENTED_EDGE('',*,*,#4409,.F.);
#6375=ORIENTED_EDGE('',*,*,#4411,.F.);
#6376=ORIENTED_EDGE('',*,*,#4411,.T.);
#6377=ORIENTED_EDGE('',*,*,#4412,.T.);
#6378=ORIENTED_EDGE('',*,*,#4408,.T.);
#6379=ORIENTED_EDGE('',*,*,#4406,.T.);
#6380=ORIENTED_EDGE('',*,*,#4412,.F.);
#6381=ORIENTED_EDGE('',*,*,#4413,.T.);
#6382=ORIENTED_EDGE('',*,*,#4414,.T.);
#6383=ORIENTED_EDGE('',*,*,#4415,.T.);
#6384=ORIENTED_EDGE('',*,*,#4414,.F.);
#6385=ORIENTED_EDGE('',*,*,#4415,.F.);
#6386=ORIENTED_EDGE('',*,*,#4416,.F.);
#6387=ORIENTED_EDGE('',*,*,#4417,.F.);
#6388=ORIENTED_EDGE('',*,*,#4418,.T.);
#6389=ORIENTED_EDGE('',*,*,#4413,.F.);
#6390=ORIENTED_EDGE('',*,*,#4418,.F.);
#6391=ORIENTED_EDGE('',*,*,#4419,.T.);
#6392=ORIENTED_EDGE('',*,*,#4420,.T.);
#6393=ORIENTED_EDGE('',*,*,#4416,.T.);
#6394=ORIENTED_EDGE('',*,*,#4420,.F.);
#6395=ORIENTED_EDGE('',*,*,#4421,.T.);
#6396=ORIENTED_EDGE('',*,*,#4422,.F.);
#6397=ORIENTED_EDGE('',*,*,#4423,.T.);
#6398=ORIENTED_EDGE('',*,*,#4421,.F.);
#6399=ORIENTED_EDGE('',*,*,#4419,.F.);
#6400=ORIENTED_EDGE('',*,*,#4423,.F.);
#6401=ORIENTED_EDGE('',*,*,#4424,.F.);
#6402=ORIENTED_EDGE('',*,*,#4425,.T.);
#6403=ORIENTED_EDGE('',*,*,#4426,.T.);
#6404=ORIENTED_EDGE('',*,*,#4417,.T.);
#6405=ORIENTED_EDGE('',*,*,#4426,.F.);
#6406=ORIENTED_EDGE('',*,*,#4425,.F.);
#6407=ORIENTED_EDGE('',*,*,#4427,.F.);
#6408=ORIENTED_EDGE('',*,*,#4427,.T.);
#6409=ORIENTED_EDGE('',*,*,#4428,.T.);
#6410=ORIENTED_EDGE('',*,*,#4424,.T.);
#6411=ORIENTED_EDGE('',*,*,#4422,.T.);
#6412=ORIENTED_EDGE('',*,*,#4428,.F.);
#6413=ORIENTED_EDGE('',*,*,#4429,.T.);
#6414=ORIENTED_EDGE('',*,*,#4430,.T.);
#6415=ORIENTED_EDGE('',*,*,#4431,.T.);
#6416=ORIENTED_EDGE('',*,*,#4430,.F.);
#6417=ORIENTED_EDGE('',*,*,#4431,.F.);
#6418=ORIENTED_EDGE('',*,*,#4432,.F.);
#6419=ORIENTED_EDGE('',*,*,#4433,.F.);
#6420=ORIENTED_EDGE('',*,*,#4434,.T.);
#6421=ORIENTED_EDGE('',*,*,#4429,.F.);
#6422=ORIENTED_EDGE('',*,*,#4434,.F.);
#6423=ORIENTED_EDGE('',*,*,#4435,.T.);
#6424=ORIENTED_EDGE('',*,*,#4436,.T.);
#6425=ORIENTED_EDGE('',*,*,#4432,.T.);
#6426=ORIENTED_EDGE('',*,*,#4436,.F.);
#6427=ORIENTED_EDGE('',*,*,#4437,.T.);
#6428=ORIENTED_EDGE('',*,*,#4438,.F.);
#6429=ORIENTED_EDGE('',*,*,#4439,.T.);
#6430=ORIENTED_EDGE('',*,*,#4437,.F.);
#6431=ORIENTED_EDGE('',*,*,#4435,.F.);
#6432=ORIENTED_EDGE('',*,*,#4439,.F.);
#6433=ORIENTED_EDGE('',*,*,#4440,.F.);
#6434=ORIENTED_EDGE('',*,*,#4441,.T.);
#6435=ORIENTED_EDGE('',*,*,#4442,.T.);
#6436=ORIENTED_EDGE('',*,*,#4433,.T.);
#6437=ORIENTED_EDGE('',*,*,#4442,.F.);
#6438=ORIENTED_EDGE('',*,*,#4441,.F.);
#6439=ORIENTED_EDGE('',*,*,#4443,.F.);
#6440=ORIENTED_EDGE('',*,*,#4443,.T.);
#6441=ORIENTED_EDGE('',*,*,#4444,.T.);
#6442=ORIENTED_EDGE('',*,*,#4440,.T.);
#6443=ORIENTED_EDGE('',*,*,#4438,.T.);
#6444=ORIENTED_EDGE('',*,*,#4444,.F.);
#6445=ORIENTED_EDGE('',*,*,#4445,.T.);
#6446=ORIENTED_EDGE('',*,*,#4446,.T.);
#6447=ORIENTED_EDGE('',*,*,#4447,.T.);
#6448=ORIENTED_EDGE('',*,*,#4446,.F.);
#6449=ORIENTED_EDGE('',*,*,#4447,.F.);
#6450=ORIENTED_EDGE('',*,*,#4448,.F.);
#6451=ORIENTED_EDGE('',*,*,#4449,.F.);
#6452=ORIENTED_EDGE('',*,*,#4450,.T.);
#6453=ORIENTED_EDGE('',*,*,#4445,.F.);
#6454=ORIENTED_EDGE('',*,*,#4450,.F.);
#6455=ORIENTED_EDGE('',*,*,#4451,.T.);
#6456=ORIENTED_EDGE('',*,*,#4452,.T.);
#6457=ORIENTED_EDGE('',*,*,#4448,.T.);
#6458=ORIENTED_EDGE('',*,*,#4452,.F.);
#6459=ORIENTED_EDGE('',*,*,#4453,.T.);
#6460=ORIENTED_EDGE('',*,*,#4454,.F.);
#6461=ORIENTED_EDGE('',*,*,#4455,.T.);
#6462=ORIENTED_EDGE('',*,*,#4453,.F.);
#6463=ORIENTED_EDGE('',*,*,#4451,.F.);
#6464=ORIENTED_EDGE('',*,*,#4455,.F.);
#6465=ORIENTED_EDGE('',*,*,#4456,.F.);
#6466=ORIENTED_EDGE('',*,*,#4457,.T.);
#6467=ORIENTED_EDGE('',*,*,#4458,.T.);
#6468=ORIENTED_EDGE('',*,*,#4449,.T.);
#6469=ORIENTED_EDGE('',*,*,#4458,.F.);
#6470=ORIENTED_EDGE('',*,*,#4457,.F.);
#6471=ORIENTED_EDGE('',*,*,#4459,.F.);
#6472=ORIENTED_EDGE('',*,*,#4459,.T.);
#6473=ORIENTED_EDGE('',*,*,#4460,.T.);
#6474=ORIENTED_EDGE('',*,*,#4456,.T.);
#6475=ORIENTED_EDGE('',*,*,#4454,.T.);
#6476=ORIENTED_EDGE('',*,*,#4460,.F.);
#6477=ORIENTED_EDGE('',*,*,#4461,.T.);
#6478=ORIENTED_EDGE('',*,*,#4462,.T.);
#6479=ORIENTED_EDGE('',*,*,#4463,.T.);
#6480=ORIENTED_EDGE('',*,*,#4462,.F.);
#6481=ORIENTED_EDGE('',*,*,#4463,.F.);
#6482=ORIENTED_EDGE('',*,*,#4464,.F.);
#6483=ORIENTED_EDGE('',*,*,#4465,.F.);
#6484=ORIENTED_EDGE('',*,*,#4466,.T.);
#6485=ORIENTED_EDGE('',*,*,#4461,.F.);
#6486=ORIENTED_EDGE('',*,*,#4466,.F.);
#6487=ORIENTED_EDGE('',*,*,#4467,.T.);
#6488=ORIENTED_EDGE('',*,*,#4468,.T.);
#6489=ORIENTED_EDGE('',*,*,#4464,.T.);
#6490=ORIENTED_EDGE('',*,*,#4468,.F.);
#6491=ORIENTED_EDGE('',*,*,#4469,.T.);
#6492=ORIENTED_EDGE('',*,*,#4470,.F.);
#6493=ORIENTED_EDGE('',*,*,#4471,.T.);
#6494=ORIENTED_EDGE('',*,*,#4469,.F.);
#6495=ORIENTED_EDGE('',*,*,#4467,.F.);
#6496=ORIENTED_EDGE('',*,*,#4471,.F.);
#6497=ORIENTED_EDGE('',*,*,#4472,.F.);
#6498=ORIENTED_EDGE('',*,*,#4473,.T.);
#6499=ORIENTED_EDGE('',*,*,#4474,.T.);
#6500=ORIENTED_EDGE('',*,*,#4465,.T.);
#6501=ORIENTED_EDGE('',*,*,#4474,.F.);
#6502=ORIENTED_EDGE('',*,*,#4473,.F.);
#6503=ORIENTED_EDGE('',*,*,#4475,.F.);
#6504=ORIENTED_EDGE('',*,*,#4475,.T.);
#6505=ORIENTED_EDGE('',*,*,#4476,.T.);
#6506=ORIENTED_EDGE('',*,*,#4472,.T.);
#6507=ORIENTED_EDGE('',*,*,#4470,.T.);
#6508=ORIENTED_EDGE('',*,*,#4476,.F.);
#6509=ORIENTED_EDGE('',*,*,#4477,.T.);
#6510=ORIENTED_EDGE('',*,*,#4478,.T.);
#6511=ORIENTED_EDGE('',*,*,#4479,.T.);
#6512=ORIENTED_EDGE('',*,*,#4478,.F.);
#6513=ORIENTED_EDGE('',*,*,#4479,.F.);
#6514=ORIENTED_EDGE('',*,*,#4480,.F.);
#6515=ORIENTED_EDGE('',*,*,#4481,.F.);
#6516=ORIENTED_EDGE('',*,*,#4482,.T.);
#6517=ORIENTED_EDGE('',*,*,#4477,.F.);
#6518=ORIENTED_EDGE('',*,*,#4482,.F.);
#6519=ORIENTED_EDGE('',*,*,#4483,.T.);
#6520=ORIENTED_EDGE('',*,*,#4484,.T.);
#6521=ORIENTED_EDGE('',*,*,#4480,.T.);
#6522=ORIENTED_EDGE('',*,*,#4484,.F.);
#6523=ORIENTED_EDGE('',*,*,#4485,.T.);
#6524=ORIENTED_EDGE('',*,*,#4486,.F.);
#6525=ORIENTED_EDGE('',*,*,#4487,.T.);
#6526=ORIENTED_EDGE('',*,*,#4485,.F.);
#6527=ORIENTED_EDGE('',*,*,#4483,.F.);
#6528=ORIENTED_EDGE('',*,*,#4487,.F.);
#6529=ORIENTED_EDGE('',*,*,#4488,.F.);
#6530=ORIENTED_EDGE('',*,*,#4489,.T.);
#6531=ORIENTED_EDGE('',*,*,#4490,.T.);
#6532=ORIENTED_EDGE('',*,*,#4481,.T.);
#6533=ORIENTED_EDGE('',*,*,#4490,.F.);
#6534=ORIENTED_EDGE('',*,*,#4489,.F.);
#6535=ORIENTED_EDGE('',*,*,#4491,.F.);
#6536=ORIENTED_EDGE('',*,*,#4491,.T.);
#6537=ORIENTED_EDGE('',*,*,#4492,.T.);
#6538=ORIENTED_EDGE('',*,*,#4488,.T.);
#6539=ORIENTED_EDGE('',*,*,#4486,.T.);
#6540=ORIENTED_EDGE('',*,*,#4492,.F.);
#6541=TOROIDAL_SURFACE('',#7386,3.,0.2);
#6542=TOROIDAL_SURFACE('',#7394,1.8,0.2);
#6543=TOROIDAL_SURFACE('',#7401,3.,0.2);
#6544=TOROIDAL_SURFACE('',#7406,1.8,0.2);
#6545=TOROIDAL_SURFACE('',#7408,3.,0.2);
#6546=TOROIDAL_SURFACE('',#7416,1.8,0.2);
#6547=TOROIDAL_SURFACE('',#7423,3.,0.2);
#6548=TOROIDAL_SURFACE('',#7428,1.8,0.2);
#6549=TOROIDAL_SURFACE('',#7430,3.,0.2);
#6550=TOROIDAL_SURFACE('',#7438,1.8,0.2);
#6551=TOROIDAL_SURFACE('',#7445,3.,0.2);
#6552=TOROIDAL_SURFACE('',#7450,1.8,0.2);
#6553=TOROIDAL_SURFACE('',#7452,3.,0.2);
#6554=TOROIDAL_SURFACE('',#7460,1.8,0.2);
#6555=TOROIDAL_SURFACE('',#7467,3.,0.2);
#6556=TOROIDAL_SURFACE('',#7472,1.8,0.2);
#6557=TOROIDAL_SURFACE('',#7474,3.,0.2);
#6558=TOROIDAL_SURFACE('',#7482,1.8,0.2);
#6559=TOROIDAL_SURFACE('',#7489,3.,0.2);
#6560=TOROIDAL_SURFACE('',#7494,1.8,0.2);
#6561=TOROIDAL_SURFACE('',#7496,3.,0.2);
#6562=TOROIDAL_SURFACE('',#7504,1.8,0.2);
#6563=TOROIDAL_SURFACE('',#7511,3.,0.2);
#6564=TOROIDAL_SURFACE('',#7516,1.8,0.2);
#6565=TOROIDAL_SURFACE('',#7518,3.,0.2);
#6566=TOROIDAL_SURFACE('',#7526,1.8,0.2);
#6567=TOROIDAL_SURFACE('',#7533,3.,0.2);
#6568=TOROIDAL_SURFACE('',#7538,1.8,0.2);
#6569=TOROIDAL_SURFACE('',#7540,3.,0.2);
#6570=TOROIDAL_SURFACE('',#7548,1.8,0.2);
#6571=TOROIDAL_SURFACE('',#7555,3.,0.2);
#6572=TOROIDAL_SURFACE('',#7560,1.8,0.2);
#6573=TOROIDAL_SURFACE('',#7562,3.,0.2);
#6574=TOROIDAL_SURFACE('',#7570,1.8,0.2);
#6575=TOROIDAL_SURFACE('',#7577,3.,0.2);
#6576=TOROIDAL_SURFACE('',#7582,1.8,0.2);
#6577=TOROIDAL_SURFACE('',#7584,3.,0.2);
#6578=TOROIDAL_SURFACE('',#7592,1.8,0.2);
#6579=TOROIDAL_SURFACE('',#7599,3.,0.2);
#6580=TOROIDAL_SURFACE('',#7604,1.8,0.2);
#6581=TOROIDAL_SURFACE('',#7606,3.,0.2);
#6582=TOROIDAL_SURFACE('',#7614,1.8,0.2);
#6583=TOROIDAL_SURFACE('',#7621,3.,0.2);
#6584=TOROIDAL_SURFACE('',#7626,1.8,0.2);
#6585=TOROIDAL_SURFACE('',#7628,3.,0.2);
#6586=TOROIDAL_SURFACE('',#7636,1.8,0.2);
#6587=TOROIDAL_SURFACE('',#7643,3.,0.2);
#6588=TOROIDAL_SURFACE('',#7648,1.8,0.2);
#6589=TOROIDAL_SURFACE('',#7650,3.,0.2);
#6590=TOROIDAL_SURFACE('',#7658,1.8,0.2);
#6591=TOROIDAL_SURFACE('',#7665,3.,0.2);
#6592=TOROIDAL_SURFACE('',#7670,1.8,0.2);
#6593=TOROIDAL_SURFACE('',#7672,3.,0.2);
#6594=TOROIDAL_SURFACE('',#7680,1.8,0.2);
#6595=TOROIDAL_SURFACE('',#7687,3.,0.2);
#6596=TOROIDAL_SURFACE('',#7692,1.8,0.2);
#6597=TOROIDAL_SURFACE('',#7694,3.,0.2);
#6598=TOROIDAL_SURFACE('',#7702,1.8,0.2);
#6599=TOROIDAL_SURFACE('',#7709,3.,0.2);
#6600=TOROIDAL_SURFACE('',#7714,1.8,0.2);
#6601=TOROIDAL_SURFACE('',#7716,3.,0.2);
#6602=TOROIDAL_SURFACE('',#7724,1.8,0.2);
#6603=TOROIDAL_SURFACE('',#7731,3.,0.2);
#6604=TOROIDAL_SURFACE('',#7736,1.8,0.2);
#6605=TOROIDAL_SURFACE('',#7738,3.,0.2);
#6606=TOROIDAL_SURFACE('',#7746,1.8,0.2);
#6607=TOROIDAL_SURFACE('',#7753,3.,0.2);
#6608=TOROIDAL_SURFACE('',#7758,1.8,0.2);
#6609=TOROIDAL_SURFACE('',#7760,3.,0.2);
#6610=TOROIDAL_SURFACE('',#7768,1.8,0.2);
#6611=TOROIDAL_SURFACE('',#7775,3.,0.2);
#6612=TOROIDAL_SURFACE('',#7780,1.8,0.2);
#6613=TOROIDAL_SURFACE('',#7782,3.,0.2);
#6614=TOROIDAL_SURFACE('',#7790,1.8,0.2);
#6615=TOROIDAL_SURFACE('',#7797,3.,0.2);
#6616=TOROIDAL_SURFACE('',#7802,1.8,0.2);
#6617=TOROIDAL_SURFACE('',#7804,3.,0.2);
#6618=TOROIDAL_SURFACE('',#7812,1.8,0.2);
#6619=TOROIDAL_SURFACE('',#7819,3.,0.2);
#6620=TOROIDAL_SURFACE('',#7824,1.8,0.2);
#6621=TOROIDAL_SURFACE('',#7826,3.,0.2);
#6622=TOROIDAL_SURFACE('',#7834,1.8,0.2);
#6623=TOROIDAL_SURFACE('',#7841,3.,0.2);
#6624=TOROIDAL_SURFACE('',#7846,1.8,0.2);
#6625=TOROIDAL_SURFACE('',#7848,3.,0.2);
#6626=TOROIDAL_SURFACE('',#7856,1.8,0.2);
#6627=TOROIDAL_SURFACE('',#7863,3.,0.2);
#6628=TOROIDAL_SURFACE('',#7868,1.8,0.2);
#6629=TOROIDAL_SURFACE('',#7870,3.,0.2);
#6630=TOROIDAL_SURFACE('',#7878,1.8,0.2);
#6631=TOROIDAL_SURFACE('',#7885,3.,0.2);
#6632=TOROIDAL_SURFACE('',#7890,1.8,0.2);
#6633=TOROIDAL_SURFACE('',#7892,3.,0.2);
#6634=TOROIDAL_SURFACE('',#7900,1.8,0.2);
#6635=TOROIDAL_SURFACE('',#7907,3.,0.2);
#6636=TOROIDAL_SURFACE('',#7912,1.8,0.2);
#6637=TOROIDAL_SURFACE('',#7914,3.,0.2);
#6638=TOROIDAL_SURFACE('',#7922,1.8,0.2);
#6639=TOROIDAL_SURFACE('',#7929,3.,0.2);
#6640=TOROIDAL_SURFACE('',#7934,1.8,0.2);
#6641=TOROIDAL_SURFACE('',#7936,3.,0.2);
#6642=TOROIDAL_SURFACE('',#7944,1.8,0.2);
#6643=TOROIDAL_SURFACE('',#7951,3.,0.2);
#6644=TOROIDAL_SURFACE('',#7956,1.8,0.2);
#6645=TOROIDAL_SURFACE('',#7958,3.,0.2);
#6646=TOROIDAL_SURFACE('',#7966,1.8,0.2);
#6647=TOROIDAL_SURFACE('',#7973,3.,0.2);
#6648=TOROIDAL_SURFACE('',#7978,1.8,0.2);
#6649=TOROIDAL_SURFACE('',#7980,3.,0.2);
#6650=TOROIDAL_SURFACE('',#7988,1.8,0.2);
#6651=TOROIDAL_SURFACE('',#7995,3.,0.2);
#6652=TOROIDAL_SURFACE('',#8000,1.8,0.2);
#6653=TOROIDAL_SURFACE('',#8002,3.,0.2);
#6654=TOROIDAL_SURFACE('',#8010,1.8,0.2);
#6655=TOROIDAL_SURFACE('',#8017,3.,0.2);
#6656=TOROIDAL_SURFACE('',#8022,1.8,0.2);
#6657=TOROIDAL_SURFACE('',#8024,3.,0.2);
#6658=TOROIDAL_SURFACE('',#8032,1.8,0.2);
#6659=TOROIDAL_SURFACE('',#8039,3.,0.2);
#6660=TOROIDAL_SURFACE('',#8044,1.8,0.2);
#6661=TOROIDAL_SURFACE('',#8046,3.,0.2);
#6662=TOROIDAL_SURFACE('',#8054,1.8,0.2);
#6663=TOROIDAL_SURFACE('',#8061,3.,0.2);
#6664=TOROIDAL_SURFACE('',#8066,1.8,0.2);
#6665=TOROIDAL_SURFACE('',#8068,3.,0.2);
#6666=TOROIDAL_SURFACE('',#8076,1.8,0.2);
#6667=TOROIDAL_SURFACE('',#8083,3.,0.2);
#6668=TOROIDAL_SURFACE('',#8088,1.8,0.2);
#6669=TOROIDAL_SURFACE('',#8090,3.,0.2);
#6670=TOROIDAL_SURFACE('',#8098,1.8,0.2);
#6671=TOROIDAL_SURFACE('',#8105,3.,0.2);
#6672=TOROIDAL_SURFACE('',#8110,1.8,0.2);
#6673=TOROIDAL_SURFACE('',#8112,3.,0.2);
#6674=TOROIDAL_SURFACE('',#8120,1.8,0.2);
#6675=TOROIDAL_SURFACE('',#8127,3.,0.2);
#6676=TOROIDAL_SURFACE('',#8132,1.8,0.2);
#6677=TOROIDAL_SURFACE('',#8134,3.,0.2);
#6678=TOROIDAL_SURFACE('',#8142,1.8,0.2);
#6679=TOROIDAL_SURFACE('',#8149,3.,0.2);
#6680=TOROIDAL_SURFACE('',#8154,1.8,0.2);
#6681=TOROIDAL_SURFACE('',#8156,3.,0.2);
#6682=TOROIDAL_SURFACE('',#8164,1.8,0.2);
#6683=TOROIDAL_SURFACE('',#8171,3.,0.2);
#6684=TOROIDAL_SURFACE('',#8176,1.8,0.2);
#6685=TOROIDAL_SURFACE('',#8178,3.,0.2);
#6686=TOROIDAL_SURFACE('',#8186,1.8,0.2);
#6687=TOROIDAL_SURFACE('',#8193,3.,0.2);
#6688=TOROIDAL_SURFACE('',#8198,1.8,0.2);
#6689=TOROIDAL_SURFACE('',#8200,3.,0.2);
#6690=TOROIDAL_SURFACE('',#8208,1.8,0.2);
#6691=TOROIDAL_SURFACE('',#8215,3.,0.2);
#6692=TOROIDAL_SURFACE('',#8220,1.8,0.2);
#6693=TOROIDAL_SURFACE('',#8222,3.,0.2);
#6694=TOROIDAL_SURFACE('',#8230,1.8,0.2);
#6695=TOROIDAL_SURFACE('',#8237,3.,0.2);
#6696=TOROIDAL_SURFACE('',#8242,1.8,0.2);
#6697=TOROIDAL_SURFACE('',#8244,3.,0.2);
#6698=TOROIDAL_SURFACE('',#8252,1.8,0.2);
#6699=TOROIDAL_SURFACE('',#8259,3.,0.2);
#6700=TOROIDAL_SURFACE('',#8264,1.8,0.2);
#6701=TOROIDAL_SURFACE('',#8266,3.,0.2);
#6702=TOROIDAL_SURFACE('',#8274,1.8,0.2);
#6703=TOROIDAL_SURFACE('',#8281,3.,0.2);
#6704=TOROIDAL_SURFACE('',#8286,1.8,0.2);
#6705=TOROIDAL_SURFACE('',#8288,3.,0.2);
#6706=TOROIDAL_SURFACE('',#8296,1.8,0.2);
#6707=TOROIDAL_SURFACE('',#8303,3.,0.2);
#6708=TOROIDAL_SURFACE('',#8308,1.8,0.2);
#6709=TOROIDAL_SURFACE('',#8310,3.,0.2);
#6710=TOROIDAL_SURFACE('',#8318,1.8,0.2);
#6711=TOROIDAL_SURFACE('',#8325,3.,0.2);
#6712=TOROIDAL_SURFACE('',#8330,1.8,0.2);
#6713=TOROIDAL_SURFACE('',#8332,3.,0.2);
#6714=TOROIDAL_SURFACE('',#8340,1.8,0.2);
#6715=TOROIDAL_SURFACE('',#8347,3.,0.2);
#6716=TOROIDAL_SURFACE('',#8352,1.8,0.2);
#6717=TOROIDAL_SURFACE('',#8354,3.,0.2);
#6718=TOROIDAL_SURFACE('',#8362,1.8,0.2);
#6719=TOROIDAL_SURFACE('',#8369,3.,0.2);
#6720=TOROIDAL_SURFACE('',#8374,1.8,0.2);
#6721=TOROIDAL_SURFACE('',#8376,3.,0.2);
#6722=TOROIDAL_SURFACE('',#8384,1.8,0.2);
#6723=TOROIDAL_SURFACE('',#8391,3.,0.2);
#6724=TOROIDAL_SURFACE('',#8396,1.8,0.2);
#6725=TOROIDAL_SURFACE('',#8398,3.,0.2);
#6726=TOROIDAL_SURFACE('',#8406,1.8,0.2);
#6727=TOROIDAL_SURFACE('',#8413,3.,0.2);
#6728=TOROIDAL_SURFACE('',#8418,1.8,0.2);
#6729=TOROIDAL_SURFACE('',#8420,3.,0.2);
#6730=TOROIDAL_SURFACE('',#8428,1.8,0.2);
#6731=TOROIDAL_SURFACE('',#8435,3.,0.2);
#6732=TOROIDAL_SURFACE('',#8440,1.8,0.2);
#6733=TOROIDAL_SURFACE('',#8442,3.,0.2);
#6734=TOROIDAL_SURFACE('',#8450,1.8,0.2);
#6735=TOROIDAL_SURFACE('',#8457,3.,0.2);
#6736=TOROIDAL_SURFACE('',#8462,1.8,0.2);
#6737=TOROIDAL_SURFACE('',#8464,3.,0.2);
#6738=TOROIDAL_SURFACE('',#8472,1.8,0.2);
#6739=TOROIDAL_SURFACE('',#8479,3.,0.2);
#6740=TOROIDAL_SURFACE('',#8484,1.8,0.2);
#6741=TOROIDAL_SURFACE('',#8486,3.,0.2);
#6742=TOROIDAL_SURFACE('',#8494,1.8,0.2);
#6743=TOROIDAL_SURFACE('',#8501,3.,0.2);
#6744=TOROIDAL_SURFACE('',#8506,1.8,0.2);
#6745=TOROIDAL_SURFACE('',#8508,3.,0.2);
#6746=TOROIDAL_SURFACE('',#8516,1.8,0.2);
#6747=TOROIDAL_SURFACE('',#8523,3.,0.2);
#6748=TOROIDAL_SURFACE('',#8528,1.8,0.2);
#6749=TOROIDAL_SURFACE('',#8530,3.,0.2);
#6750=TOROIDAL_SURFACE('',#8538,1.8,0.2);
#6751=TOROIDAL_SURFACE('',#8545,3.,0.2);
#6752=TOROIDAL_SURFACE('',#8550,1.8,0.2);
#6753=TOROIDAL_SURFACE('',#8552,3.,0.2);
#6754=TOROIDAL_SURFACE('',#8560,1.8,0.2);
#6755=TOROIDAL_SURFACE('',#8567,3.,0.2);
#6756=TOROIDAL_SURFACE('',#8572,1.8,0.2);
#6757=TOROIDAL_SURFACE('',#8574,3.,0.2);
#6758=TOROIDAL_SURFACE('',#8582,1.8,0.2);
#6759=TOROIDAL_SURFACE('',#8589,3.,0.2);
#6760=TOROIDAL_SURFACE('',#8594,1.8,0.2);
#6761=TOROIDAL_SURFACE('',#8596,3.,0.2);
#6762=TOROIDAL_SURFACE('',#8604,1.8,0.2);
#6763=TOROIDAL_SURFACE('',#8611,3.,0.2);
#6764=TOROIDAL_SURFACE('',#8616,1.8,0.2);
#6765=TOROIDAL_SURFACE('',#8618,3.,0.2);
#6766=TOROIDAL_SURFACE('',#8626,1.8,0.2);
#6767=TOROIDAL_SURFACE('',#8633,3.,0.2);
#6768=TOROIDAL_SURFACE('',#8638,1.8,0.2);
#6769=TOROIDAL_SURFACE('',#8640,3.,0.2);
#6770=TOROIDAL_SURFACE('',#8648,1.8,0.2);
#6771=TOROIDAL_SURFACE('',#8655,3.,0.2);
#6772=TOROIDAL_SURFACE('',#8660,1.8,0.2);
#6773=TOROIDAL_SURFACE('',#8662,3.,0.2);
#6774=TOROIDAL_SURFACE('',#8670,1.8,0.2);
#6775=TOROIDAL_SURFACE('',#8677,3.,0.2);
#6776=TOROIDAL_SURFACE('',#8682,1.8,0.2);
#6777=TOROIDAL_SURFACE('',#8684,3.,0.2);
#6778=TOROIDAL_SURFACE('',#8692,1.8,0.2);
#6779=TOROIDAL_SURFACE('',#8699,3.,0.2);
#6780=TOROIDAL_SURFACE('',#8704,1.8,0.2);
#6781=TOROIDAL_SURFACE('',#8706,3.,0.2);
#6782=TOROIDAL_SURFACE('',#8714,1.8,0.2);
#6783=TOROIDAL_SURFACE('',#8721,3.,0.2);
#6784=TOROIDAL_SURFACE('',#8726,1.8,0.2);
#6785=TOROIDAL_SURFACE('',#8728,3.,0.2);
#6786=TOROIDAL_SURFACE('',#8736,1.8,0.2);
#6787=TOROIDAL_SURFACE('',#8743,3.,0.2);
#6788=TOROIDAL_SURFACE('',#8748,1.8,0.2);
#6789=TOROIDAL_SURFACE('',#8750,3.,0.2);
#6790=TOROIDAL_SURFACE('',#8758,1.8,0.2);
#6791=TOROIDAL_SURFACE('',#8765,3.,0.2);
#6792=TOROIDAL_SURFACE('',#8770,1.8,0.2);
#6793=TOROIDAL_SURFACE('',#8772,3.,0.2);
#6794=TOROIDAL_SURFACE('',#8780,1.8,0.2);
#6795=TOROIDAL_SURFACE('',#8787,3.,0.2);
#6796=TOROIDAL_SURFACE('',#8792,1.8,0.2);
#6797=ADVANCED_FACE('',(#781),#6541,.T.);
#6798=ADVANCED_FACE('',(#782,#525),#653,.F.);
#6799=ADVANCED_FACE('',(#783),#397,.T.);
#6800=ADVANCED_FACE('',(#784),#6542,.T.);
#6801=ADVANCED_FACE('',(#785),#398,.F.);
#6802=ADVANCED_FACE('',(#786),#6543,.T.);
#6803=ADVANCED_FACE('',(#787,#526),#654,.T.);
#6804=ADVANCED_FACE('',(#788),#6544,.T.);
#6805=ADVANCED_FACE('',(#789),#6545,.T.);
#6806=ADVANCED_FACE('',(#790,#527),#655,.F.);
#6807=ADVANCED_FACE('',(#791),#399,.T.);
#6808=ADVANCED_FACE('',(#792),#6546,.T.);
#6809=ADVANCED_FACE('',(#793),#400,.F.);
#6810=ADVANCED_FACE('',(#794),#6547,.T.);
#6811=ADVANCED_FACE('',(#795,#528),#656,.T.);
#6812=ADVANCED_FACE('',(#796),#6548,.T.);
#6813=ADVANCED_FACE('',(#797),#6549,.T.);
#6814=ADVANCED_FACE('',(#798,#529),#657,.F.);
#6815=ADVANCED_FACE('',(#799),#401,.T.);
#6816=ADVANCED_FACE('',(#800),#6550,.T.);
#6817=ADVANCED_FACE('',(#801),#402,.F.);
#6818=ADVANCED_FACE('',(#802),#6551,.T.);
#6819=ADVANCED_FACE('',(#803,#530),#658,.T.);
#6820=ADVANCED_FACE('',(#804),#6552,.T.);
#6821=ADVANCED_FACE('',(#805),#6553,.T.);
#6822=ADVANCED_FACE('',(#806,#531),#659,.F.);
#6823=ADVANCED_FACE('',(#807),#403,.T.);
#6824=ADVANCED_FACE('',(#808),#6554,.T.);
#6825=ADVANCED_FACE('',(#809),#404,.F.);
#6826=ADVANCED_FACE('',(#810),#6555,.T.);
#6827=ADVANCED_FACE('',(#811,#532),#660,.T.);
#6828=ADVANCED_FACE('',(#812),#6556,.T.);
#6829=ADVANCED_FACE('',(#813),#6557,.T.);
#6830=ADVANCED_FACE('',(#814,#533),#661,.F.);
#6831=ADVANCED_FACE('',(#815),#405,.T.);
#6832=ADVANCED_FACE('',(#816),#6558,.T.);
#6833=ADVANCED_FACE('',(#817),#406,.F.);
#6834=ADVANCED_FACE('',(#818),#6559,.T.);
#6835=ADVANCED_FACE('',(#819,#534),#662,.T.);
#6836=ADVANCED_FACE('',(#820),#6560,.T.);
#6837=ADVANCED_FACE('',(#821),#6561,.T.);
#6838=ADVANCED_FACE('',(#822,#535),#663,.F.);
#6839=ADVANCED_FACE('',(#823),#407,.T.);
#6840=ADVANCED_FACE('',(#824),#6562,.T.);
#6841=ADVANCED_FACE('',(#825),#408,.F.);
#6842=ADVANCED_FACE('',(#826),#6563,.T.);
#6843=ADVANCED_FACE('',(#827,#536),#664,.T.);
#6844=ADVANCED_FACE('',(#828),#6564,.T.);
#6845=ADVANCED_FACE('',(#829),#6565,.T.);
#6846=ADVANCED_FACE('',(#830,#537),#665,.F.);
#6847=ADVANCED_FACE('',(#831),#409,.T.);
#6848=ADVANCED_FACE('',(#832),#6566,.T.);
#6849=ADVANCED_FACE('',(#833),#410,.F.);
#6850=ADVANCED_FACE('',(#834),#6567,.T.);
#6851=ADVANCED_FACE('',(#835,#538),#666,.T.);
#6852=ADVANCED_FACE('',(#836),#6568,.T.);
#6853=ADVANCED_FACE('',(#837),#6569,.T.);
#6854=ADVANCED_FACE('',(#838,#539),#667,.F.);
#6855=ADVANCED_FACE('',(#839),#411,.T.);
#6856=ADVANCED_FACE('',(#840),#6570,.T.);
#6857=ADVANCED_FACE('',(#841),#412,.F.);
#6858=ADVANCED_FACE('',(#842),#6571,.T.);
#6859=ADVANCED_FACE('',(#843,#540),#668,.T.);
#6860=ADVANCED_FACE('',(#844),#6572,.T.);
#6861=ADVANCED_FACE('',(#845),#6573,.T.);
#6862=ADVANCED_FACE('',(#846,#541),#669,.F.);
#6863=ADVANCED_FACE('',(#847),#413,.T.);
#6864=ADVANCED_FACE('',(#848),#6574,.T.);
#6865=ADVANCED_FACE('',(#849),#414,.F.);
#6866=ADVANCED_FACE('',(#850),#6575,.T.);
#6867=ADVANCED_FACE('',(#851,#542),#670,.T.);
#6868=ADVANCED_FACE('',(#852),#6576,.T.);
#6869=ADVANCED_FACE('',(#853),#6577,.T.);
#6870=ADVANCED_FACE('',(#854,#543),#671,.F.);
#6871=ADVANCED_FACE('',(#855),#415,.T.);
#6872=ADVANCED_FACE('',(#856),#6578,.T.);
#6873=ADVANCED_FACE('',(#857),#416,.F.);
#6874=ADVANCED_FACE('',(#858),#6579,.T.);
#6875=ADVANCED_FACE('',(#859,#544),#672,.T.);
#6876=ADVANCED_FACE('',(#860),#6580,.T.);
#6877=ADVANCED_FACE('',(#861),#6581,.T.);
#6878=ADVANCED_FACE('',(#862,#545),#673,.F.);
#6879=ADVANCED_FACE('',(#863),#417,.T.);
#6880=ADVANCED_FACE('',(#864),#6582,.T.);
#6881=ADVANCED_FACE('',(#865),#418,.F.);
#6882=ADVANCED_FACE('',(#866),#6583,.T.);
#6883=ADVANCED_FACE('',(#867,#546),#674,.T.);
#6884=ADVANCED_FACE('',(#868),#6584,.T.);
#6885=ADVANCED_FACE('',(#869),#6585,.T.);
#6886=ADVANCED_FACE('',(#870,#547),#675,.F.);
#6887=ADVANCED_FACE('',(#871),#419,.T.);
#6888=ADVANCED_FACE('',(#872),#6586,.T.);
#6889=ADVANCED_FACE('',(#873),#420,.F.);
#6890=ADVANCED_FACE('',(#874),#6587,.T.);
#6891=ADVANCED_FACE('',(#875,#548),#676,.T.);
#6892=ADVANCED_FACE('',(#876),#6588,.T.);
#6893=ADVANCED_FACE('',(#877),#6589,.T.);
#6894=ADVANCED_FACE('',(#878,#549),#677,.F.);
#6895=ADVANCED_FACE('',(#879),#421,.T.);
#6896=ADVANCED_FACE('',(#880),#6590,.T.);
#6897=ADVANCED_FACE('',(#881),#422,.F.);
#6898=ADVANCED_FACE('',(#882),#6591,.T.);
#6899=ADVANCED_FACE('',(#883,#550),#678,.T.);
#6900=ADVANCED_FACE('',(#884),#6592,.T.);
#6901=ADVANCED_FACE('',(#885),#6593,.T.);
#6902=ADVANCED_FACE('',(#886,#551),#679,.F.);
#6903=ADVANCED_FACE('',(#887),#423,.T.);
#6904=ADVANCED_FACE('',(#888),#6594,.T.);
#6905=ADVANCED_FACE('',(#889),#424,.F.);
#6906=ADVANCED_FACE('',(#890),#6595,.T.);
#6907=ADVANCED_FACE('',(#891,#552),#680,.T.);
#6908=ADVANCED_FACE('',(#892),#6596,.T.);
#6909=ADVANCED_FACE('',(#893),#6597,.T.);
#6910=ADVANCED_FACE('',(#894,#553),#681,.F.);
#6911=ADVANCED_FACE('',(#895),#425,.T.);
#6912=ADVANCED_FACE('',(#896),#6598,.T.);
#6913=ADVANCED_FACE('',(#897),#426,.F.);
#6914=ADVANCED_FACE('',(#898),#6599,.T.);
#6915=ADVANCED_FACE('',(#899,#554),#682,.T.);
#6916=ADVANCED_FACE('',(#900),#6600,.T.);
#6917=ADVANCED_FACE('',(#901),#6601,.T.);
#6918=ADVANCED_FACE('',(#902,#555),#683,.F.);
#6919=ADVANCED_FACE('',(#903),#427,.T.);
#6920=ADVANCED_FACE('',(#904),#6602,.T.);
#6921=ADVANCED_FACE('',(#905),#428,.F.);
#6922=ADVANCED_FACE('',(#906),#6603,.T.);
#6923=ADVANCED_FACE('',(#907,#556),#684,.T.);
#6924=ADVANCED_FACE('',(#908),#6604,.T.);
#6925=ADVANCED_FACE('',(#909),#6605,.T.);
#6926=ADVANCED_FACE('',(#910,#557),#685,.F.);
#6927=ADVANCED_FACE('',(#911),#429,.T.);
#6928=ADVANCED_FACE('',(#912),#6606,.T.);
#6929=ADVANCED_FACE('',(#913),#430,.F.);
#6930=ADVANCED_FACE('',(#914),#6607,.T.);
#6931=ADVANCED_FACE('',(#915,#558),#686,.T.);
#6932=ADVANCED_FACE('',(#916),#6608,.T.);
#6933=ADVANCED_FACE('',(#917),#6609,.T.);
#6934=ADVANCED_FACE('',(#918,#559),#687,.F.);
#6935=ADVANCED_FACE('',(#919),#431,.T.);
#6936=ADVANCED_FACE('',(#920),#6610,.T.);
#6937=ADVANCED_FACE('',(#921),#432,.F.);
#6938=ADVANCED_FACE('',(#922),#6611,.T.);
#6939=ADVANCED_FACE('',(#923,#560),#688,.T.);
#6940=ADVANCED_FACE('',(#924),#6612,.T.);
#6941=ADVANCED_FACE('',(#925),#6613,.T.);
#6942=ADVANCED_FACE('',(#926,#561),#689,.F.);
#6943=ADVANCED_FACE('',(#927),#433,.T.);
#6944=ADVANCED_FACE('',(#928),#6614,.T.);
#6945=ADVANCED_FACE('',(#929),#434,.F.);
#6946=ADVANCED_FACE('',(#930),#6615,.T.);
#6947=ADVANCED_FACE('',(#931,#562),#690,.T.);
#6948=ADVANCED_FACE('',(#932),#6616,.T.);
#6949=ADVANCED_FACE('',(#933),#6617,.T.);
#6950=ADVANCED_FACE('',(#934,#563),#691,.F.);
#6951=ADVANCED_FACE('',(#935),#435,.T.);
#6952=ADVANCED_FACE('',(#936),#6618,.T.);
#6953=ADVANCED_FACE('',(#937),#436,.F.);
#6954=ADVANCED_FACE('',(#938),#6619,.T.);
#6955=ADVANCED_FACE('',(#939,#564),#692,.T.);
#6956=ADVANCED_FACE('',(#940),#6620,.T.);
#6957=ADVANCED_FACE('',(#941),#6621,.T.);
#6958=ADVANCED_FACE('',(#942,#565),#693,.F.);
#6959=ADVANCED_FACE('',(#943),#437,.T.);
#6960=ADVANCED_FACE('',(#944),#6622,.T.);
#6961=ADVANCED_FACE('',(#945),#438,.F.);
#6962=ADVANCED_FACE('',(#946),#6623,.T.);
#6963=ADVANCED_FACE('',(#947,#566),#694,.T.);
#6964=ADVANCED_FACE('',(#948),#6624,.T.);
#6965=ADVANCED_FACE('',(#949),#6625,.T.);
#6966=ADVANCED_FACE('',(#950,#567),#695,.F.);
#6967=ADVANCED_FACE('',(#951),#439,.T.);
#6968=ADVANCED_FACE('',(#952),#6626,.T.);
#6969=ADVANCED_FACE('',(#953),#440,.F.);
#6970=ADVANCED_FACE('',(#954),#6627,.T.);
#6971=ADVANCED_FACE('',(#955,#568),#696,.T.);
#6972=ADVANCED_FACE('',(#956),#6628,.T.);
#6973=ADVANCED_FACE('',(#957),#6629,.T.);
#6974=ADVANCED_FACE('',(#958,#569),#697,.F.);
#6975=ADVANCED_FACE('',(#959),#441,.T.);
#6976=ADVANCED_FACE('',(#960),#6630,.T.);
#6977=ADVANCED_FACE('',(#961),#442,.F.);
#6978=ADVANCED_FACE('',(#962),#6631,.T.);
#6979=ADVANCED_FACE('',(#963,#570),#698,.T.);
#6980=ADVANCED_FACE('',(#964),#6632,.T.);
#6981=ADVANCED_FACE('',(#965),#6633,.T.);
#6982=ADVANCED_FACE('',(#966,#571),#699,.F.);
#6983=ADVANCED_FACE('',(#967),#443,.T.);
#6984=ADVANCED_FACE('',(#968),#6634,.T.);
#6985=ADVANCED_FACE('',(#969),#444,.F.);
#6986=ADVANCED_FACE('',(#970),#6635,.T.);
#6987=ADVANCED_FACE('',(#971,#572),#700,.T.);
#6988=ADVANCED_FACE('',(#972),#6636,.T.);
#6989=ADVANCED_FACE('',(#973),#6637,.T.);
#6990=ADVANCED_FACE('',(#974,#573),#701,.F.);
#6991=ADVANCED_FACE('',(#975),#445,.T.);
#6992=ADVANCED_FACE('',(#976),#6638,.T.);
#6993=ADVANCED_FACE('',(#977),#446,.F.);
#6994=ADVANCED_FACE('',(#978),#6639,.T.);
#6995=ADVANCED_FACE('',(#979,#574),#702,.T.);
#6996=ADVANCED_FACE('',(#980),#6640,.T.);
#6997=ADVANCED_FACE('',(#981),#6641,.T.);
#6998=ADVANCED_FACE('',(#982,#575),#703,.F.);
#6999=ADVANCED_FACE('',(#983),#447,.T.);
#7000=ADVANCED_FACE('',(#984),#6642,.T.);
#7001=ADVANCED_FACE('',(#985),#448,.F.);
#7002=ADVANCED_FACE('',(#986),#6643,.T.);
#7003=ADVANCED_FACE('',(#987,#576),#704,.T.);
#7004=ADVANCED_FACE('',(#988),#6644,.T.);
#7005=ADVANCED_FACE('',(#989),#6645,.T.);
#7006=ADVANCED_FACE('',(#990,#577),#705,.F.);
#7007=ADVANCED_FACE('',(#991),#449,.T.);
#7008=ADVANCED_FACE('',(#992),#6646,.T.);
#7009=ADVANCED_FACE('',(#993),#450,.F.);
#7010=ADVANCED_FACE('',(#994),#6647,.T.);
#7011=ADVANCED_FACE('',(#995,#578),#706,.T.);
#7012=ADVANCED_FACE('',(#996),#6648,.T.);
#7013=ADVANCED_FACE('',(#997),#6649,.T.);
#7014=ADVANCED_FACE('',(#998,#579),#707,.F.);
#7015=ADVANCED_FACE('',(#999),#451,.T.);
#7016=ADVANCED_FACE('',(#1000),#6650,.T.);
#7017=ADVANCED_FACE('',(#1001),#452,.F.);
#7018=ADVANCED_FACE('',(#1002),#6651,.T.);
#7019=ADVANCED_FACE('',(#1003,#580),#708,.T.);
#7020=ADVANCED_FACE('',(#1004),#6652,.T.);
#7021=ADVANCED_FACE('',(#1005),#6653,.T.);
#7022=ADVANCED_FACE('',(#1006,#581),#709,.F.);
#7023=ADVANCED_FACE('',(#1007),#453,.T.);
#7024=ADVANCED_FACE('',(#1008),#6654,.T.);
#7025=ADVANCED_FACE('',(#1009),#454,.F.);
#7026=ADVANCED_FACE('',(#1010),#6655,.T.);
#7027=ADVANCED_FACE('',(#1011,#582),#710,.T.);
#7028=ADVANCED_FACE('',(#1012),#6656,.T.);
#7029=ADVANCED_FACE('',(#1013),#6657,.T.);
#7030=ADVANCED_FACE('',(#1014,#583),#711,.F.);
#7031=ADVANCED_FACE('',(#1015),#455,.T.);
#7032=ADVANCED_FACE('',(#1016),#6658,.T.);
#7033=ADVANCED_FACE('',(#1017),#456,.F.);
#7034=ADVANCED_FACE('',(#1018),#6659,.T.);
#7035=ADVANCED_FACE('',(#1019,#584),#712,.T.);
#7036=ADVANCED_FACE('',(#1020),#6660,.T.);
#7037=ADVANCED_FACE('',(#1021),#6661,.T.);
#7038=ADVANCED_FACE('',(#1022,#585),#713,.F.);
#7039=ADVANCED_FACE('',(#1023),#457,.T.);
#7040=ADVANCED_FACE('',(#1024),#6662,.T.);
#7041=ADVANCED_FACE('',(#1025),#458,.F.);
#7042=ADVANCED_FACE('',(#1026),#6663,.T.);
#7043=ADVANCED_FACE('',(#1027,#586),#714,.T.);
#7044=ADVANCED_FACE('',(#1028),#6664,.T.);
#7045=ADVANCED_FACE('',(#1029),#6665,.T.);
#7046=ADVANCED_FACE('',(#1030,#587),#715,.F.);
#7047=ADVANCED_FACE('',(#1031),#459,.T.);
#7048=ADVANCED_FACE('',(#1032),#6666,.T.);
#7049=ADVANCED_FACE('',(#1033),#460,.F.);
#7050=ADVANCED_FACE('',(#1034),#6667,.T.);
#7051=ADVANCED_FACE('',(#1035,#588),#716,.T.);
#7052=ADVANCED_FACE('',(#1036),#6668,.T.);
#7053=ADVANCED_FACE('',(#1037),#6669,.T.);
#7054=ADVANCED_FACE('',(#1038,#589),#717,.F.);
#7055=ADVANCED_FACE('',(#1039),#461,.T.);
#7056=ADVANCED_FACE('',(#1040),#6670,.T.);
#7057=ADVANCED_FACE('',(#1041),#462,.F.);
#7058=ADVANCED_FACE('',(#1042),#6671,.T.);
#7059=ADVANCED_FACE('',(#1043,#590),#718,.T.);
#7060=ADVANCED_FACE('',(#1044),#6672,.T.);
#7061=ADVANCED_FACE('',(#1045),#6673,.T.);
#7062=ADVANCED_FACE('',(#1046,#591),#719,.F.);
#7063=ADVANCED_FACE('',(#1047),#463,.T.);
#7064=ADVANCED_FACE('',(#1048),#6674,.T.);
#7065=ADVANCED_FACE('',(#1049),#464,.F.);
#7066=ADVANCED_FACE('',(#1050),#6675,.T.);
#7067=ADVANCED_FACE('',(#1051,#592),#720,.T.);
#7068=ADVANCED_FACE('',(#1052),#6676,.T.);
#7069=ADVANCED_FACE('',(#1053),#6677,.T.);
#7070=ADVANCED_FACE('',(#1054,#593),#721,.F.);
#7071=ADVANCED_FACE('',(#1055),#465,.T.);
#7072=ADVANCED_FACE('',(#1056),#6678,.T.);
#7073=ADVANCED_FACE('',(#1057),#466,.F.);
#7074=ADVANCED_FACE('',(#1058),#6679,.T.);
#7075=ADVANCED_FACE('',(#1059,#594),#722,.T.);
#7076=ADVANCED_FACE('',(#1060),#6680,.T.);
#7077=ADVANCED_FACE('',(#1061),#6681,.T.);
#7078=ADVANCED_FACE('',(#1062,#595),#723,.F.);
#7079=ADVANCED_FACE('',(#1063),#467,.T.);
#7080=ADVANCED_FACE('',(#1064),#6682,.T.);
#7081=ADVANCED_FACE('',(#1065),#468,.F.);
#7082=ADVANCED_FACE('',(#1066),#6683,.T.);
#7083=ADVANCED_FACE('',(#1067,#596),#724,.T.);
#7084=ADVANCED_FACE('',(#1068),#6684,.T.);
#7085=ADVANCED_FACE('',(#1069),#6685,.T.);
#7086=ADVANCED_FACE('',(#1070,#597),#725,.F.);
#7087=ADVANCED_FACE('',(#1071),#469,.T.);
#7088=ADVANCED_FACE('',(#1072),#6686,.T.);
#7089=ADVANCED_FACE('',(#1073),#470,.F.);
#7090=ADVANCED_FACE('',(#1074),#6687,.T.);
#7091=ADVANCED_FACE('',(#1075,#598),#726,.T.);
#7092=ADVANCED_FACE('',(#1076),#6688,.T.);
#7093=ADVANCED_FACE('',(#1077),#6689,.T.);
#7094=ADVANCED_FACE('',(#1078,#599),#727,.F.);
#7095=ADVANCED_FACE('',(#1079),#471,.T.);
#7096=ADVANCED_FACE('',(#1080),#6690,.T.);
#7097=ADVANCED_FACE('',(#1081),#472,.F.);
#7098=ADVANCED_FACE('',(#1082),#6691,.T.);
#7099=ADVANCED_FACE('',(#1083,#600),#728,.T.);
#7100=ADVANCED_FACE('',(#1084),#6692,.T.);
#7101=ADVANCED_FACE('',(#1085),#6693,.T.);
#7102=ADVANCED_FACE('',(#1086,#601),#729,.F.);
#7103=ADVANCED_FACE('',(#1087),#473,.T.);
#7104=ADVANCED_FACE('',(#1088),#6694,.T.);
#7105=ADVANCED_FACE('',(#1089),#474,.F.);
#7106=ADVANCED_FACE('',(#1090),#6695,.T.);
#7107=ADVANCED_FACE('',(#1091,#602),#730,.T.);
#7108=ADVANCED_FACE('',(#1092),#6696,.T.);
#7109=ADVANCED_FACE('',(#1093),#6697,.T.);
#7110=ADVANCED_FACE('',(#1094,#603),#731,.F.);
#7111=ADVANCED_FACE('',(#1095),#475,.T.);
#7112=ADVANCED_FACE('',(#1096),#6698,.T.);
#7113=ADVANCED_FACE('',(#1097),#476,.F.);
#7114=ADVANCED_FACE('',(#1098),#6699,.T.);
#7115=ADVANCED_FACE('',(#1099,#604),#732,.T.);
#7116=ADVANCED_FACE('',(#1100),#6700,.T.);
#7117=ADVANCED_FACE('',(#1101),#6701,.T.);
#7118=ADVANCED_FACE('',(#1102,#605),#733,.F.);
#7119=ADVANCED_FACE('',(#1103),#477,.T.);
#7120=ADVANCED_FACE('',(#1104),#6702,.T.);
#7121=ADVANCED_FACE('',(#1105),#478,.F.);
#7122=ADVANCED_FACE('',(#1106),#6703,.T.);
#7123=ADVANCED_FACE('',(#1107,#606),#734,.T.);
#7124=ADVANCED_FACE('',(#1108),#6704,.T.);
#7125=ADVANCED_FACE('',(#1109),#6705,.T.);
#7126=ADVANCED_FACE('',(#1110,#607),#735,.F.);
#7127=ADVANCED_FACE('',(#1111),#479,.T.);
#7128=ADVANCED_FACE('',(#1112),#6706,.T.);
#7129=ADVANCED_FACE('',(#1113),#480,.F.);
#7130=ADVANCED_FACE('',(#1114),#6707,.T.);
#7131=ADVANCED_FACE('',(#1115,#608),#736,.T.);
#7132=ADVANCED_FACE('',(#1116),#6708,.T.);
#7133=ADVANCED_FACE('',(#1117),#6709,.T.);
#7134=ADVANCED_FACE('',(#1118,#609),#737,.F.);
#7135=ADVANCED_FACE('',(#1119),#481,.T.);
#7136=ADVANCED_FACE('',(#1120),#6710,.T.);
#7137=ADVANCED_FACE('',(#1121),#482,.F.);
#7138=ADVANCED_FACE('',(#1122),#6711,.T.);
#7139=ADVANCED_FACE('',(#1123,#610),#738,.T.);
#7140=ADVANCED_FACE('',(#1124),#6712,.T.);
#7141=ADVANCED_FACE('',(#1125),#6713,.T.);
#7142=ADVANCED_FACE('',(#1126,#611),#739,.F.);
#7143=ADVANCED_FACE('',(#1127),#483,.T.);
#7144=ADVANCED_FACE('',(#1128),#6714,.T.);
#7145=ADVANCED_FACE('',(#1129),#484,.F.);
#7146=ADVANCED_FACE('',(#1130),#6715,.T.);
#7147=ADVANCED_FACE('',(#1131,#612),#740,.T.);
#7148=ADVANCED_FACE('',(#1132),#6716,.T.);
#7149=ADVANCED_FACE('',(#1133),#6717,.T.);
#7150=ADVANCED_FACE('',(#1134,#613),#741,.F.);
#7151=ADVANCED_FACE('',(#1135),#485,.T.);
#7152=ADVANCED_FACE('',(#1136),#6718,.T.);
#7153=ADVANCED_FACE('',(#1137),#486,.F.);
#7154=ADVANCED_FACE('',(#1138),#6719,.T.);
#7155=ADVANCED_FACE('',(#1139,#614),#742,.T.);
#7156=ADVANCED_FACE('',(#1140),#6720,.T.);
#7157=ADVANCED_FACE('',(#1141),#6721,.T.);
#7158=ADVANCED_FACE('',(#1142,#615),#743,.F.);
#7159=ADVANCED_FACE('',(#1143),#487,.T.);
#7160=ADVANCED_FACE('',(#1144),#6722,.T.);
#7161=ADVANCED_FACE('',(#1145),#488,.F.);
#7162=ADVANCED_FACE('',(#1146),#6723,.T.);
#7163=ADVANCED_FACE('',(#1147,#616),#744,.T.);
#7164=ADVANCED_FACE('',(#1148),#6724,.T.);
#7165=ADVANCED_FACE('',(#1149),#6725,.T.);
#7166=ADVANCED_FACE('',(#1150,#617),#745,.F.);
#7167=ADVANCED_FACE('',(#1151),#489,.T.);
#7168=ADVANCED_FACE('',(#1152),#6726,.T.);
#7169=ADVANCED_FACE('',(#1153),#490,.F.);
#7170=ADVANCED_FACE('',(#1154),#6727,.T.);
#7171=ADVANCED_FACE('',(#1155,#618),#746,.T.);
#7172=ADVANCED_FACE('',(#1156),#6728,.T.);
#7173=ADVANCED_FACE('',(#1157),#6729,.T.);
#7174=ADVANCED_FACE('',(#1158,#619),#747,.F.);
#7175=ADVANCED_FACE('',(#1159),#491,.T.);
#7176=ADVANCED_FACE('',(#1160),#6730,.T.);
#7177=ADVANCED_FACE('',(#1161),#492,.F.);
#7178=ADVANCED_FACE('',(#1162),#6731,.T.);
#7179=ADVANCED_FACE('',(#1163,#620),#748,.T.);
#7180=ADVANCED_FACE('',(#1164),#6732,.T.);
#7181=ADVANCED_FACE('',(#1165),#6733,.T.);
#7182=ADVANCED_FACE('',(#1166,#621),#749,.F.);
#7183=ADVANCED_FACE('',(#1167),#493,.T.);
#7184=ADVANCED_FACE('',(#1168),#6734,.T.);
#7185=ADVANCED_FACE('',(#1169),#494,.F.);
#7186=ADVANCED_FACE('',(#1170),#6735,.T.);
#7187=ADVANCED_FACE('',(#1171,#622),#750,.T.);
#7188=ADVANCED_FACE('',(#1172),#6736,.T.);
#7189=ADVANCED_FACE('',(#1173),#6737,.T.);
#7190=ADVANCED_FACE('',(#1174,#623),#751,.F.);
#7191=ADVANCED_FACE('',(#1175),#495,.T.);
#7192=ADVANCED_FACE('',(#1176),#6738,.T.);
#7193=ADVANCED_FACE('',(#1177),#496,.F.);
#7194=ADVANCED_FACE('',(#1178),#6739,.T.);
#7195=ADVANCED_FACE('',(#1179,#624),#752,.T.);
#7196=ADVANCED_FACE('',(#1180),#6740,.T.);
#7197=ADVANCED_FACE('',(#1181),#6741,.T.);
#7198=ADVANCED_FACE('',(#1182,#625),#753,.F.);
#7199=ADVANCED_FACE('',(#1183),#497,.T.);
#7200=ADVANCED_FACE('',(#1184),#6742,.T.);
#7201=ADVANCED_FACE('',(#1185),#498,.F.);
#7202=ADVANCED_FACE('',(#1186),#6743,.T.);
#7203=ADVANCED_FACE('',(#1187,#626),#754,.T.);
#7204=ADVANCED_FACE('',(#1188),#6744,.T.);
#7205=ADVANCED_FACE('',(#1189),#6745,.T.);
#7206=ADVANCED_FACE('',(#1190,#627),#755,.F.);
#7207=ADVANCED_FACE('',(#1191),#499,.T.);
#7208=ADVANCED_FACE('',(#1192),#6746,.T.);
#7209=ADVANCED_FACE('',(#1193),#500,.F.);
#7210=ADVANCED_FACE('',(#1194),#6747,.T.);
#7211=ADVANCED_FACE('',(#1195,#628),#756,.T.);
#7212=ADVANCED_FACE('',(#1196),#6748,.T.);
#7213=ADVANCED_FACE('',(#1197),#6749,.T.);
#7214=ADVANCED_FACE('',(#1198,#629),#757,.F.);
#7215=ADVANCED_FACE('',(#1199),#501,.T.);
#7216=ADVANCED_FACE('',(#1200),#6750,.T.);
#7217=ADVANCED_FACE('',(#1201),#502,.F.);
#7218=ADVANCED_FACE('',(#1202),#6751,.T.);
#7219=ADVANCED_FACE('',(#1203,#630),#758,.T.);
#7220=ADVANCED_FACE('',(#1204),#6752,.T.);
#7221=ADVANCED_FACE('',(#1205),#6753,.T.);
#7222=ADVANCED_FACE('',(#1206,#631),#759,.F.);
#7223=ADVANCED_FACE('',(#1207),#503,.T.);
#7224=ADVANCED_FACE('',(#1208),#6754,.T.);
#7225=ADVANCED_FACE('',(#1209),#504,.F.);
#7226=ADVANCED_FACE('',(#1210),#6755,.T.);
#7227=ADVANCED_FACE('',(#1211,#632),#760,.T.);
#7228=ADVANCED_FACE('',(#1212),#6756,.T.);
#7229=ADVANCED_FACE('',(#1213),#6757,.T.);
#7230=ADVANCED_FACE('',(#1214,#633),#761,.F.);
#7231=ADVANCED_FACE('',(#1215),#505,.T.);
#7232=ADVANCED_FACE('',(#1216),#6758,.T.);
#7233=ADVANCED_FACE('',(#1217),#506,.F.);
#7234=ADVANCED_FACE('',(#1218),#6759,.T.);
#7235=ADVANCED_FACE('',(#1219,#634),#762,.T.);
#7236=ADVANCED_FACE('',(#1220),#6760,.T.);
#7237=ADVANCED_FACE('',(#1221),#6761,.T.);
#7238=ADVANCED_FACE('',(#1222,#635),#763,.F.);
#7239=ADVANCED_FACE('',(#1223),#507,.T.);
#7240=ADVANCED_FACE('',(#1224),#6762,.T.);
#7241=ADVANCED_FACE('',(#1225),#508,.F.);
#7242=ADVANCED_FACE('',(#1226),#6763,.T.);
#7243=ADVANCED_FACE('',(#1227,#636),#764,.T.);
#7244=ADVANCED_FACE('',(#1228),#6764,.T.);
#7245=ADVANCED_FACE('',(#1229),#6765,.T.);
#7246=ADVANCED_FACE('',(#1230,#637),#765,.F.);
#7247=ADVANCED_FACE('',(#1231),#509,.T.);
#7248=ADVANCED_FACE('',(#1232),#6766,.T.);
#7249=ADVANCED_FACE('',(#1233),#510,.F.);
#7250=ADVANCED_FACE('',(#1234),#6767,.T.);
#7251=ADVANCED_FACE('',(#1235,#638),#766,.T.);
#7252=ADVANCED_FACE('',(#1236),#6768,.T.);
#7253=ADVANCED_FACE('',(#1237),#6769,.T.);
#7254=ADVANCED_FACE('',(#1238,#639),#767,.F.);
#7255=ADVANCED_FACE('',(#1239),#511,.T.);
#7256=ADVANCED_FACE('',(#1240),#6770,.T.);
#7257=ADVANCED_FACE('',(#1241),#512,.F.);
#7258=ADVANCED_FACE('',(#1242),#6771,.T.);
#7259=ADVANCED_FACE('',(#1243,#640),#768,.T.);
#7260=ADVANCED_FACE('',(#1244),#6772,.T.);
#7261=ADVANCED_FACE('',(#1245),#6773,.T.);
#7262=ADVANCED_FACE('',(#1246,#641),#769,.F.);
#7263=ADVANCED_FACE('',(#1247),#513,.T.);
#7264=ADVANCED_FACE('',(#1248),#6774,.T.);
#7265=ADVANCED_FACE('',(#1249),#514,.F.);
#7266=ADVANCED_FACE('',(#1250),#6775,.T.);
#7267=ADVANCED_FACE('',(#1251,#642),#770,.T.);
#7268=ADVANCED_FACE('',(#1252),#6776,.T.);
#7269=ADVANCED_FACE('',(#1253),#6777,.T.);
#7270=ADVANCED_FACE('',(#1254,#643),#771,.F.);
#7271=ADVANCED_FACE('',(#1255),#515,.T.);
#7272=ADVANCED_FACE('',(#1256),#6778,.T.);
#7273=ADVANCED_FACE('',(#1257),#516,.F.);
#7274=ADVANCED_FACE('',(#1258),#6779,.T.);
#7275=ADVANCED_FACE('',(#1259,#644),#772,.T.);
#7276=ADVANCED_FACE('',(#1260),#6780,.T.);
#7277=ADVANCED_FACE('',(#1261),#6781,.T.);
#7278=ADVANCED_FACE('',(#1262,#645),#773,.F.);
#7279=ADVANCED_FACE('',(#1263),#517,.T.);
#7280=ADVANCED_FACE('',(#1264),#6782,.T.);
#7281=ADVANCED_FACE('',(#1265),#518,.F.);
#7282=ADVANCED_FACE('',(#1266),#6783,.T.);
#7283=ADVANCED_FACE('',(#1267,#646),#774,.T.);
#7284=ADVANCED_FACE('',(#1268),#6784,.T.);
#7285=ADVANCED_FACE('',(#1269),#6785,.T.);
#7286=ADVANCED_FACE('',(#1270,#647),#775,.F.);
#7287=ADVANCED_FACE('',(#1271),#519,.T.);
#7288=ADVANCED_FACE('',(#1272),#6786,.T.);
#7289=ADVANCED_FACE('',(#1273),#520,.F.);
#7290=ADVANCED_FACE('',(#1274),#6787,.T.);
#7291=ADVANCED_FACE('',(#1275,#648),#776,.T.);
#7292=ADVANCED_FACE('',(#1276),#6788,.T.);
#7293=ADVANCED_FACE('',(#1277),#6789,.T.);
#7294=ADVANCED_FACE('',(#1278,#649),#777,.F.);
#7295=ADVANCED_FACE('',(#1279),#521,.T.);
#7296=ADVANCED_FACE('',(#1280),#6790,.T.);
#7297=ADVANCED_FACE('',(#1281),#522,.F.);
#7298=ADVANCED_FACE('',(#1282),#6791,.T.);
#7299=ADVANCED_FACE('',(#1283,#650),#778,.T.);
#7300=ADVANCED_FACE('',(#1284),#6792,.T.);
#7301=ADVANCED_FACE('',(#1285),#6793,.T.);
#7302=ADVANCED_FACE('',(#1286,#651),#779,.F.);
#7303=ADVANCED_FACE('',(#1287),#523,.T.);
#7304=ADVANCED_FACE('',(#1288),#6794,.T.);
#7305=ADVANCED_FACE('',(#1289),#524,.F.);
#7306=ADVANCED_FACE('',(#1290),#6795,.T.);
#7307=ADVANCED_FACE('',(#1291,#652),#780,.T.);
#7308=ADVANCED_FACE('',(#1292),#6796,.T.);
#7309=CLOSED_SHELL('',(#6797,#6798,#6799,#6800,#6801,#6802,#6803,#6804));
#7310=CLOSED_SHELL('',(#6805,#6806,#6807,#6808,#6809,#6810,#6811,#6812));
#7311=CLOSED_SHELL('',(#6813,#6814,#6815,#6816,#6817,#6818,#6819,#6820));
#7312=CLOSED_SHELL('',(#6821,#6822,#6823,#6824,#6825,#6826,#6827,#6828));
#7313=CLOSED_SHELL('',(#6829,#6830,#6831,#6832,#6833,#6834,#6835,#6836));
#7314=CLOSED_SHELL('',(#6837,#6838,#6839,#6840,#6841,#6842,#6843,#6844));
#7315=CLOSED_SHELL('',(#6845,#6846,#6847,#6848,#6849,#6850,#6851,#6852));
#7316=CLOSED_SHELL('',(#6853,#6854,#6855,#6856,#6857,#6858,#6859,#6860));
#7317=CLOSED_SHELL('',(#6861,#6862,#6863,#6864,#6865,#6866,#6867,#6868));
#7318=CLOSED_SHELL('',(#6869,#6870,#6871,#6872,#6873,#6874,#6875,#6876));
#7319=CLOSED_SHELL('',(#6877,#6878,#6879,#6880,#6881,#6882,#6883,#6884));
#7320=CLOSED_SHELL('',(#6885,#6886,#6887,#6888,#6889,#6890,#6891,#6892));
#7321=CLOSED_SHELL('',(#6893,#6894,#6895,#6896,#6897,#6898,#6899,#6900));
#7322=CLOSED_SHELL('',(#6901,#6902,#6903,#6904,#6905,#6906,#6907,#6908));
#7323=CLOSED_SHELL('',(#6909,#6910,#6911,#6912,#6913,#6914,#6915,#6916));
#7324=CLOSED_SHELL('',(#6917,#6918,#6919,#6920,#6921,#6922,#6923,#6924));
#7325=CLOSED_SHELL('',(#6925,#6926,#6927,#6928,#6929,#6930,#6931,#6932));
#7326=CLOSED_SHELL('',(#6933,#6934,#6935,#6936,#6937,#6938,#6939,#6940));
#7327=CLOSED_SHELL('',(#6941,#6942,#6943,#6944,#6945,#6946,#6947,#6948));
#7328=CLOSED_SHELL('',(#6949,#6950,#6951,#6952,#6953,#6954,#6955,#6956));
#7329=CLOSED_SHELL('',(#6957,#6958,#6959,#6960,#6961,#6962,#6963,#6964));
#7330=CLOSED_SHELL('',(#6965,#6966,#6967,#6968,#6969,#6970,#6971,#6972));
#7331=CLOSED_SHELL('',(#6973,#6974,#6975,#6976,#6977,#6978,#6979,#6980));
#7332=CLOSED_SHELL('',(#6981,#6982,#6983,#6984,#6985,#6986,#6987,#6988));
#7333=CLOSED_SHELL('',(#6989,#6990,#6991,#6992,#6993,#6994,#6995,#6996));
#7334=CLOSED_SHELL('',(#6997,#6998,#6999,#7000,#7001,#7002,#7003,#7004));
#7335=CLOSED_SHELL('',(#7005,#7006,#7007,#7008,#7009,#7010,#7011,#7012));
#7336=CLOSED_SHELL('',(#7013,#7014,#7015,#7016,#7017,#7018,#7019,#7020));
#7337=CLOSED_SHELL('',(#7021,#7022,#7023,#7024,#7025,#7026,#7027,#7028));
#7338=CLOSED_SHELL('',(#7029,#7030,#7031,#7032,#7033,#7034,#7035,#7036));
#7339=CLOSED_SHELL('',(#7037,#7038,#7039,#7040,#7041,#7042,#7043,#7044));
#7340=CLOSED_SHELL('',(#7045,#7046,#7047,#7048,#7049,#7050,#7051,#7052));
#7341=CLOSED_SHELL('',(#7053,#7054,#7055,#7056,#7057,#7058,#7059,#7060));
#7342=CLOSED_SHELL('',(#7061,#7062,#7063,#7064,#7065,#7066,#7067,#7068));
#7343=CLOSED_SHELL('',(#7069,#7070,#7071,#7072,#7073,#7074,#7075,#7076));
#7344=CLOSED_SHELL('',(#7077,#7078,#7079,#7080,#7081,#7082,#7083,#7084));
#7345=CLOSED_SHELL('',(#7085,#7086,#7087,#7088,#7089,#7090,#7091,#7092));
#7346=CLOSED_SHELL('',(#7093,#7094,#7095,#7096,#7097,#7098,#7099,#7100));
#7347=CLOSED_SHELL('',(#7101,#7102,#7103,#7104,#7105,#7106,#7107,#7108));
#7348=CLOSED_SHELL('',(#7109,#7110,#7111,#7112,#7113,#7114,#7115,#7116));
#7349=CLOSED_SHELL('',(#7117,#7118,#7119,#7120,#7121,#7122,#7123,#7124));
#7350=CLOSED_SHELL('',(#7125,#7126,#7127,#7128,#7129,#7130,#7131,#7132));
#7351=CLOSED_SHELL('',(#7133,#7134,#7135,#7136,#7137,#7138,#7139,#7140));
#7352=CLOSED_SHELL('',(#7141,#7142,#7143,#7144,#7145,#7146,#7147,#7148));
#7353=CLOSED_SHELL('',(#7149,#7150,#7151,#7152,#7153,#7154,#7155,#7156));
#7354=CLOSED_SHELL('',(#7157,#7158,#7159,#7160,#7161,#7162,#7163,#7164));
#7355=CLOSED_SHELL('',(#7165,#7166,#7167,#7168,#7169,#7170,#7171,#7172));
#7356=CLOSED_SHELL('',(#7173,#7174,#7175,#7176,#7177,#7178,#7179,#7180));
#7357=CLOSED_SHELL('',(#7181,#7182,#7183,#7184,#7185,#7186,#7187,#7188));
#7358=CLOSED_SHELL('',(#7189,#7190,#7191,#7192,#7193,#7194,#7195,#7196));
#7359=CLOSED_SHELL('',(#7197,#7198,#7199,#7200,#7201,#7202,#7203,#7204));
#7360=CLOSED_SHELL('',(#7205,#7206,#7207,#7208,#7209,#7210,#7211,#7212));
#7361=CLOSED_SHELL('',(#7213,#7214,#7215,#7216,#7217,#7218,#7219,#7220));
#7362=CLOSED_SHELL('',(#7221,#7222,#7223,#7224,#7225,#7226,#7227,#7228));
#7363=CLOSED_SHELL('',(#7229,#7230,#7231,#7232,#7233,#7234,#7235,#7236));
#7364=CLOSED_SHELL('',(#7237,#7238,#7239,#7240,#7241,#7242,#7243,#7244));
#7365=CLOSED_SHELL('',(#7245,#7246,#7247,#7248,#7249,#7250,#7251,#7252));
#7366=CLOSED_SHELL('',(#7253,#7254,#7255,#7256,#7257,#7258,#7259,#7260));
#7367=CLOSED_SHELL('',(#7261,#7262,#7263,#7264,#7265,#7266,#7267,#7268));
#7368=CLOSED_SHELL('',(#7269,#7270,#7271,#7272,#7273,#7274,#7275,#7276));
#7369=CLOSED_SHELL('',(#7277,#7278,#7279,#7280,#7281,#7282,#7283,#7284));
#7370=CLOSED_SHELL('',(#7285,#7286,#7287,#7288,#7289,#7290,#7291,#7292));
#7371=CLOSED_SHELL('',(#7293,#7294,#7295,#7296,#7297,#7298,#7299,#7300));
#7372=CLOSED_SHELL('',(#7301,#7302,#7303,#7304,#7305,#7306,#7307,#7308));
#7373=DERIVED_UNIT_ELEMENT(#7375,1.);
#7374=DERIVED_UNIT_ELEMENT(#13922,-3.);
#7375=(
MASS_UNIT()
NAMED_UNIT(*)
SI_UNIT(.KILO.,.GRAM.)
);
#7376=DERIVED_UNIT((#7373,#7374));
#7377=MEASURE_REPRESENTATION_ITEM('density measure',
POSITIVE_RATIO_MEASURE(7850.),#7376);
#7378=PROPERTY_DEFINITION_REPRESENTATION(#7383,#7380);
#7379=PROPERTY_DEFINITION_REPRESENTATION(#7384,#7381);
#7380=REPRESENTATION('material name',(#7382),#13919);
#7381=REPRESENTATION('density',(#7377),#13919);
#7382=DESCRIPTIVE_REPRESENTATION_ITEM('Steel','Steel');
#7383=PROPERTY_DEFINITION('material property','material name',#13929);
#7384=PROPERTY_DEFINITION('material property','density of part',#13929);
#7385=AXIS2_PLACEMENT_3D('',#11740,#8794,#8795);
#7386=AXIS2_PLACEMENT_3D('',#11741,#8796,#8797);
#7387=AXIS2_PLACEMENT_3D('',#11743,#8798,#8799);
#7388=AXIS2_PLACEMENT_3D('',#11745,#8800,#8801);
#7389=AXIS2_PLACEMENT_3D('',#11746,#8802,#8803);
#7390=AXIS2_PLACEMENT_3D('',#11747,#8804,#8805);
#7391=AXIS2_PLACEMENT_3D('',#11749,#8806,#8807);
#7392=AXIS2_PLACEMENT_3D('',#11750,#8808,#8809);
#7393=AXIS2_PLACEMENT_3D('',#11752,#8810,#8811);
#7394=AXIS2_PLACEMENT_3D('',#11754,#8813,#8814);
#7395=AXIS2_PLACEMENT_3D('',#11757,#8815,#8816);
#7396=AXIS2_PLACEMENT_3D('',#11758,#8817,#8818);
#7397=AXIS2_PLACEMENT_3D('',#11759,#8819,#8820);
#7398=AXIS2_PLACEMENT_3D('',#11760,#8821,#8822);
#7399=AXIS2_PLACEMENT_3D('',#11763,#8823,#8824);
#7400=AXIS2_PLACEMENT_3D('',#11765,#8826,#8827);
#7401=AXIS2_PLACEMENT_3D('',#11766,#8828,#8829);
#7402=AXIS2_PLACEMENT_3D('',#11768,#8830,#8831);
#7403=AXIS2_PLACEMENT_3D('',#11769,#8832,#8833);
#7404=AXIS2_PLACEMENT_3D('',#11770,#8834,#8835);
#7405=AXIS2_PLACEMENT_3D('',#11772,#8836,#8837);
#7406=AXIS2_PLACEMENT_3D('',#11773,#8838,#8839);
#7407=AXIS2_PLACEMENT_3D('',#11774,#8840,#8841);
#7408=AXIS2_PLACEMENT_3D('',#11775,#8842,#8843);
#7409=AXIS2_PLACEMENT_3D('',#11777,#8844,#8845);
#7410=AXIS2_PLACEMENT_3D('',#11779,#8846,#8847);
#7411=AXIS2_PLACEMENT_3D('',#11780,#8848,#8849);
#7412=AXIS2_PLACEMENT_3D('',#11781,#8850,#8851);
#7413=AXIS2_PLACEMENT_3D('',#11783,#8852,#8853);
#7414=AXIS2_PLACEMENT_3D('',#11784,#8854,#8855);
#7415=AXIS2_PLACEMENT_3D('',#11786,#8856,#8857);
#7416=AXIS2_PLACEMENT_3D('',#11788,#8859,#8860);
#7417=AXIS2_PLACEMENT_3D('',#11791,#8861,#8862);
#7418=AXIS2_PLACEMENT_3D('',#11792,#8863,#8864);
#7419=AXIS2_PLACEMENT_3D('',#11793,#8865,#8866);
#7420=AXIS2_PLACEMENT_3D('',#11794,#8867,#8868);
#7421=AXIS2_PLACEMENT_3D('',#11797,#8869,#8870);
#7422=AXIS2_PLACEMENT_3D('',#11799,#8872,#8873);
#7423=AXIS2_PLACEMENT_3D('',#11800,#8874,#8875);
#7424=AXIS2_PLACEMENT_3D('',#11802,#8876,#8877);
#7425=AXIS2_PLACEMENT_3D('',#11803,#8878,#8879);
#7426=AXIS2_PLACEMENT_3D('',#11804,#8880,#8881);
#7427=AXIS2_PLACEMENT_3D('',#11806,#8882,#8883);
#7428=AXIS2_PLACEMENT_3D('',#11807,#8884,#8885);
#7429=AXIS2_PLACEMENT_3D('',#11808,#8886,#8887);
#7430=AXIS2_PLACEMENT_3D('',#11809,#8888,#8889);
#7431=AXIS2_PLACEMENT_3D('',#11811,#8890,#8891);
#7432=AXIS2_PLACEMENT_3D('',#11813,#8892,#8893);
#7433=AXIS2_PLACEMENT_3D('',#11814,#8894,#8895);
#7434=AXIS2_PLACEMENT_3D('',#11815,#8896,#8897);
#7435=AXIS2_PLACEMENT_3D('',#11817,#8898,#8899);
#7436=AXIS2_PLACEMENT_3D('',#11818,#8900,#8901);
#7437=AXIS2_PLACEMENT_3D('',#11820,#8902,#8903);
#7438=AXIS2_PLACEMENT_3D('',#11822,#8905,#8906);
#7439=AXIS2_PLACEMENT_3D('',#11825,#8907,#8908);
#7440=AXIS2_PLACEMENT_3D('',#11826,#8909,#8910);
#7441=AXIS2_PLACEMENT_3D('',#11827,#8911,#8912);
#7442=AXIS2_PLACEMENT_3D('',#11828,#8913,#8914);
#7443=AXIS2_PLACEMENT_3D('',#11831,#8915,#8916);
#7444=AXIS2_PLACEMENT_3D('',#11833,#8918,#8919);
#7445=AXIS2_PLACEMENT_3D('',#11834,#8920,#8921);
#7446=AXIS2_PLACEMENT_3D('',#11836,#8922,#8923);
#7447=AXIS2_PLACEMENT_3D('',#11837,#8924,#8925);
#7448=AXIS2_PLACEMENT_3D('',#11838,#8926,#8927);
#7449=AXIS2_PLACEMENT_3D('',#11840,#8928,#8929);
#7450=AXIS2_PLACEMENT_3D('',#11841,#8930,#8931);
#7451=AXIS2_PLACEMENT_3D('',#11842,#8932,#8933);
#7452=AXIS2_PLACEMENT_3D('',#11843,#8934,#8935);
#7453=AXIS2_PLACEMENT_3D('',#11845,#8936,#8937);
#7454=AXIS2_PLACEMENT_3D('',#11847,#8938,#8939);
#7455=AXIS2_PLACEMENT_3D('',#11848,#8940,#8941);
#7456=AXIS2_PLACEMENT_3D('',#11849,#8942,#8943);
#7457=AXIS2_PLACEMENT_3D('',#11851,#8944,#8945);
#7458=AXIS2_PLACEMENT_3D('',#11852,#8946,#8947);
#7459=AXIS2_PLACEMENT_3D('',#11854,#8948,#8949);
#7460=AXIS2_PLACEMENT_3D('',#11856,#8951,#8952);
#7461=AXIS2_PLACEMENT_3D('',#11859,#8953,#8954);
#7462=AXIS2_PLACEMENT_3D('',#11860,#8955,#8956);
#7463=AXIS2_PLACEMENT_3D('',#11861,#8957,#8958);
#7464=AXIS2_PLACEMENT_3D('',#11862,#8959,#8960);
#7465=AXIS2_PLACEMENT_3D('',#11865,#8961,#8962);
#7466=AXIS2_PLACEMENT_3D('',#11867,#8964,#8965);
#7467=AXIS2_PLACEMENT_3D('',#11868,#8966,#8967);
#7468=AXIS2_PLACEMENT_3D('',#11870,#8968,#8969);
#7469=AXIS2_PLACEMENT_3D('',#11871,#8970,#8971);
#7470=AXIS2_PLACEMENT_3D('',#11872,#8972,#8973);
#7471=AXIS2_PLACEMENT_3D('',#11874,#8974,#8975);
#7472=AXIS2_PLACEMENT_3D('',#11875,#8976,#8977);
#7473=AXIS2_PLACEMENT_3D('',#11876,#8978,#8979);
#7474=AXIS2_PLACEMENT_3D('',#11877,#8980,#8981);
#7475=AXIS2_PLACEMENT_3D('',#11879,#8982,#8983);
#7476=AXIS2_PLACEMENT_3D('',#11881,#8984,#8985);
#7477=AXIS2_PLACEMENT_3D('',#11882,#8986,#8987);
#7478=AXIS2_PLACEMENT_3D('',#11883,#8988,#8989);
#7479=AXIS2_PLACEMENT_3D('',#11885,#8990,#8991);
#7480=AXIS2_PLACEMENT_3D('',#11886,#8992,#8993);
#7481=AXIS2_PLACEMENT_3D('',#11888,#8994,#8995);
#7482=AXIS2_PLACEMENT_3D('',#11890,#8997,#8998);
#7483=AXIS2_PLACEMENT_3D('',#11893,#8999,#9000);
#7484=AXIS2_PLACEMENT_3D('',#11894,#9001,#9002);
#7485=AXIS2_PLACEMENT_3D('',#11895,#9003,#9004);
#7486=AXIS2_PLACEMENT_3D('',#11896,#9005,#9006);
#7487=AXIS2_PLACEMENT_3D('',#11899,#9007,#9008);
#7488=AXIS2_PLACEMENT_3D('',#11901,#9010,#9011);
#7489=AXIS2_PLACEMENT_3D('',#11902,#9012,#9013);
#7490=AXIS2_PLACEMENT_3D('',#11904,#9014,#9015);
#7491=AXIS2_PLACEMENT_3D('',#11905,#9016,#9017);
#7492=AXIS2_PLACEMENT_3D('',#11906,#9018,#9019);
#7493=AXIS2_PLACEMENT_3D('',#11908,#9020,#9021);
#7494=AXIS2_PLACEMENT_3D('',#11909,#9022,#9023);
#7495=AXIS2_PLACEMENT_3D('',#11910,#9024,#9025);
#7496=AXIS2_PLACEMENT_3D('',#11911,#9026,#9027);
#7497=AXIS2_PLACEMENT_3D('',#11913,#9028,#9029);
#7498=AXIS2_PLACEMENT_3D('',#11915,#9030,#9031);
#7499=AXIS2_PLACEMENT_3D('',#11916,#9032,#9033);
#7500=AXIS2_PLACEMENT_3D('',#11917,#9034,#9035);
#7501=AXIS2_PLACEMENT_3D('',#11919,#9036,#9037);
#7502=AXIS2_PLACEMENT_3D('',#11920,#9038,#9039);
#7503=AXIS2_PLACEMENT_3D('',#11922,#9040,#9041);
#7504=AXIS2_PLACEMENT_3D('',#11924,#9043,#9044);
#7505=AXIS2_PLACEMENT_3D('',#11927,#9045,#9046);
#7506=AXIS2_PLACEMENT_3D('',#11928,#9047,#9048);
#7507=AXIS2_PLACEMENT_3D('',#11929,#9049,#9050);
#7508=AXIS2_PLACEMENT_3D('',#11930,#9051,#9052);
#7509=AXIS2_PLACEMENT_3D('',#11933,#9053,#9054);
#7510=AXIS2_PLACEMENT_3D('',#11935,#9056,#9057);
#7511=AXIS2_PLACEMENT_3D('',#11936,#9058,#9059);
#7512=AXIS2_PLACEMENT_3D('',#11938,#9060,#9061);
#7513=AXIS2_PLACEMENT_3D('',#11939,#9062,#9063);
#7514=AXIS2_PLACEMENT_3D('',#11940,#9064,#9065);
#7515=AXIS2_PLACEMENT_3D('',#11942,#9066,#9067);
#7516=AXIS2_PLACEMENT_3D('',#11943,#9068,#9069);
#7517=AXIS2_PLACEMENT_3D('',#11944,#9070,#9071);
#7518=AXIS2_PLACEMENT_3D('',#11945,#9072,#9073);
#7519=AXIS2_PLACEMENT_3D('',#11947,#9074,#9075);
#7520=AXIS2_PLACEMENT_3D('',#11949,#9076,#9077);
#7521=AXIS2_PLACEMENT_3D('',#11950,#9078,#9079);
#7522=AXIS2_PLACEMENT_3D('',#11951,#9080,#9081);
#7523=AXIS2_PLACEMENT_3D('',#11953,#9082,#9083);
#7524=AXIS2_PLACEMENT_3D('',#11954,#9084,#9085);
#7525=AXIS2_PLACEMENT_3D('',#11956,#9086,#9087);
#7526=AXIS2_PLACEMENT_3D('',#11958,#9089,#9090);
#7527=AXIS2_PLACEMENT_3D('',#11961,#9091,#9092);
#7528=AXIS2_PLACEMENT_3D('',#11962,#9093,#9094);
#7529=AXIS2_PLACEMENT_3D('',#11963,#9095,#9096);
#7530=AXIS2_PLACEMENT_3D('',#11964,#9097,#9098);
#7531=AXIS2_PLACEMENT_3D('',#11967,#9099,#9100);
#7532=AXIS2_PLACEMENT_3D('',#11969,#9102,#9103);
#7533=AXIS2_PLACEMENT_3D('',#11970,#9104,#9105);
#7534=AXIS2_PLACEMENT_3D('',#11972,#9106,#9107);
#7535=AXIS2_PLACEMENT_3D('',#11973,#9108,#9109);
#7536=AXIS2_PLACEMENT_3D('',#11974,#9110,#9111);
#7537=AXIS2_PLACEMENT_3D('',#11976,#9112,#9113);
#7538=AXIS2_PLACEMENT_3D('',#11977,#9114,#9115);
#7539=AXIS2_PLACEMENT_3D('',#11978,#9116,#9117);
#7540=AXIS2_PLACEMENT_3D('',#11979,#9118,#9119);
#7541=AXIS2_PLACEMENT_3D('',#11981,#9120,#9121);
#7542=AXIS2_PLACEMENT_3D('',#11983,#9122,#9123);
#7543=AXIS2_PLACEMENT_3D('',#11984,#9124,#9125);
#7544=AXIS2_PLACEMENT_3D('',#11985,#9126,#9127);
#7545=AXIS2_PLACEMENT_3D('',#11987,#9128,#9129);
#7546=AXIS2_PLACEMENT_3D('',#11988,#9130,#9131);
#7547=AXIS2_PLACEMENT_3D('',#11990,#9132,#9133);
#7548=AXIS2_PLACEMENT_3D('',#11992,#9135,#9136);
#7549=AXIS2_PLACEMENT_3D('',#11995,#9137,#9138);
#7550=AXIS2_PLACEMENT_3D('',#11996,#9139,#9140);
#7551=AXIS2_PLACEMENT_3D('',#11997,#9141,#9142);
#7552=AXIS2_PLACEMENT_3D('',#11998,#9143,#9144);
#7553=AXIS2_PLACEMENT_3D('',#12001,#9145,#9146);
#7554=AXIS2_PLACEMENT_3D('',#12003,#9148,#9149);
#7555=AXIS2_PLACEMENT_3D('',#12004,#9150,#9151);
#7556=AXIS2_PLACEMENT_3D('',#12006,#9152,#9153);
#7557=AXIS2_PLACEMENT_3D('',#12007,#9154,#9155);
#7558=AXIS2_PLACEMENT_3D('',#12008,#9156,#9157);
#7559=AXIS2_PLACEMENT_3D('',#12010,#9158,#9159);
#7560=AXIS2_PLACEMENT_3D('',#12011,#9160,#9161);
#7561=AXIS2_PLACEMENT_3D('',#12012,#9162,#9163);
#7562=AXIS2_PLACEMENT_3D('',#12013,#9164,#9165);
#7563=AXIS2_PLACEMENT_3D('',#12015,#9166,#9167);
#7564=AXIS2_PLACEMENT_3D('',#12017,#9168,#9169);
#7565=AXIS2_PLACEMENT_3D('',#12018,#9170,#9171);
#7566=AXIS2_PLACEMENT_3D('',#12019,#9172,#9173);
#7567=AXIS2_PLACEMENT_3D('',#12021,#9174,#9175);
#7568=AXIS2_PLACEMENT_3D('',#12022,#9176,#9177);
#7569=AXIS2_PLACEMENT_3D('',#12024,#9178,#9179);
#7570=AXIS2_PLACEMENT_3D('',#12026,#9181,#9182);
#7571=AXIS2_PLACEMENT_3D('',#12029,#9183,#9184);
#7572=AXIS2_PLACEMENT_3D('',#12030,#9185,#9186);
#7573=AXIS2_PLACEMENT_3D('',#12031,#9187,#9188);
#7574=AXIS2_PLACEMENT_3D('',#12032,#9189,#9190);
#7575=AXIS2_PLACEMENT_3D('',#12035,#9191,#9192);
#7576=AXIS2_PLACEMENT_3D('',#12037,#9194,#9195);
#7577=AXIS2_PLACEMENT_3D('',#12038,#9196,#9197);
#7578=AXIS2_PLACEMENT_3D('',#12040,#9198,#9199);
#7579=AXIS2_PLACEMENT_3D('',#12041,#9200,#9201);
#7580=AXIS2_PLACEMENT_3D('',#12042,#9202,#9203);
#7581=AXIS2_PLACEMENT_3D('',#12044,#9204,#9205);
#7582=AXIS2_PLACEMENT_3D('',#12045,#9206,#9207);
#7583=AXIS2_PLACEMENT_3D('',#12046,#9208,#9209);
#7584=AXIS2_PLACEMENT_3D('',#12047,#9210,#9211);
#7585=AXIS2_PLACEMENT_3D('',#12049,#9212,#9213);
#7586=AXIS2_PLACEMENT_3D('',#12051,#9214,#9215);
#7587=AXIS2_PLACEMENT_3D('',#12052,#9216,#9217);
#7588=AXIS2_PLACEMENT_3D('',#12053,#9218,#9219);
#7589=AXIS2_PLACEMENT_3D('',#12055,#9220,#9221);
#7590=AXIS2_PLACEMENT_3D('',#12056,#9222,#9223);
#7591=AXIS2_PLACEMENT_3D('',#12058,#9224,#9225);
#7592=AXIS2_PLACEMENT_3D('',#12060,#9227,#9228);
#7593=AXIS2_PLACEMENT_3D('',#12063,#9229,#9230);
#7594=AXIS2_PLACEMENT_3D('',#12064,#9231,#9232);
#7595=AXIS2_PLACEMENT_3D('',#12065,#9233,#9234);
#7596=AXIS2_PLACEMENT_3D('',#12066,#9235,#9236);
#7597=AXIS2_PLACEMENT_3D('',#12069,#9237,#9238);
#7598=AXIS2_PLACEMENT_3D('',#12071,#9240,#9241);
#7599=AXIS2_PLACEMENT_3D('',#12072,#9242,#9243);
#7600=AXIS2_PLACEMENT_3D('',#12074,#9244,#9245);
#7601=AXIS2_PLACEMENT_3D('',#12075,#9246,#9247);
#7602=AXIS2_PLACEMENT_3D('',#12076,#9248,#9249);
#7603=AXIS2_PLACEMENT_3D('',#12078,#9250,#9251);
#7604=AXIS2_PLACEMENT_3D('',#12079,#9252,#9253);
#7605=AXIS2_PLACEMENT_3D('',#12080,#9254,#9255);
#7606=AXIS2_PLACEMENT_3D('',#12081,#9256,#9257);
#7607=AXIS2_PLACEMENT_3D('',#12083,#9258,#9259);
#7608=AXIS2_PLACEMENT_3D('',#12085,#9260,#9261);
#7609=AXIS2_PLACEMENT_3D('',#12086,#9262,#9263);
#7610=AXIS2_PLACEMENT_3D('',#12087,#9264,#9265);
#7611=AXIS2_PLACEMENT_3D('',#12089,#9266,#9267);
#7612=AXIS2_PLACEMENT_3D('',#12090,#9268,#9269);
#7613=AXIS2_PLACEMENT_3D('',#12092,#9270,#9271);
#7614=AXIS2_PLACEMENT_3D('',#12094,#9273,#9274);
#7615=AXIS2_PLACEMENT_3D('',#12097,#9275,#9276);
#7616=AXIS2_PLACEMENT_3D('',#12098,#9277,#9278);
#7617=AXIS2_PLACEMENT_3D('',#12099,#9279,#9280);
#7618=AXIS2_PLACEMENT_3D('',#12100,#9281,#9282);
#7619=AXIS2_PLACEMENT_3D('',#12103,#9283,#9284);
#7620=AXIS2_PLACEMENT_3D('',#12105,#9286,#9287);
#7621=AXIS2_PLACEMENT_3D('',#12106,#9288,#9289);
#7622=AXIS2_PLACEMENT_3D('',#12108,#9290,#9291);
#7623=AXIS2_PLACEMENT_3D('',#12109,#9292,#9293);
#7624=AXIS2_PLACEMENT_3D('',#12110,#9294,#9295);
#7625=AXIS2_PLACEMENT_3D('',#12112,#9296,#9297);
#7626=AXIS2_PLACEMENT_3D('',#12113,#9298,#9299);
#7627=AXIS2_PLACEMENT_3D('',#12114,#9300,#9301);
#7628=AXIS2_PLACEMENT_3D('',#12115,#9302,#9303);
#7629=AXIS2_PLACEMENT_3D('',#12117,#9304,#9305);
#7630=AXIS2_PLACEMENT_3D('',#12119,#9306,#9307);
#7631=AXIS2_PLACEMENT_3D('',#12120,#9308,#9309);
#7632=AXIS2_PLACEMENT_3D('',#12121,#9310,#9311);
#7633=AXIS2_PLACEMENT_3D('',#12123,#9312,#9313);
#7634=AXIS2_PLACEMENT_3D('',#12124,#9314,#9315);
#7635=AXIS2_PLACEMENT_3D('',#12126,#9316,#9317);
#7636=AXIS2_PLACEMENT_3D('',#12128,#9319,#9320);
#7637=AXIS2_PLACEMENT_3D('',#12131,#9321,#9322);
#7638=AXIS2_PLACEMENT_3D('',#12132,#9323,#9324);
#7639=AXIS2_PLACEMENT_3D('',#12133,#9325,#9326);
#7640=AXIS2_PLACEMENT_3D('',#12134,#9327,#9328);
#7641=AXIS2_PLACEMENT_3D('',#12137,#9329,#9330);
#7642=AXIS2_PLACEMENT_3D('',#12139,#9332,#9333);
#7643=AXIS2_PLACEMENT_3D('',#12140,#9334,#9335);
#7644=AXIS2_PLACEMENT_3D('',#12142,#9336,#9337);
#7645=AXIS2_PLACEMENT_3D('',#12143,#9338,#9339);
#7646=AXIS2_PLACEMENT_3D('',#12144,#9340,#9341);
#7647=AXIS2_PLACEMENT_3D('',#12146,#9342,#9343);
#7648=AXIS2_PLACEMENT_3D('',#12147,#9344,#9345);
#7649=AXIS2_PLACEMENT_3D('',#12148,#9346,#9347);
#7650=AXIS2_PLACEMENT_3D('',#12149,#9348,#9349);
#7651=AXIS2_PLACEMENT_3D('',#12151,#9350,#9351);
#7652=AXIS2_PLACEMENT_3D('',#12153,#9352,#9353);
#7653=AXIS2_PLACEMENT_3D('',#12154,#9354,#9355);
#7654=AXIS2_PLACEMENT_3D('',#12155,#9356,#9357);
#7655=AXIS2_PLACEMENT_3D('',#12157,#9358,#9359);
#7656=AXIS2_PLACEMENT_3D('',#12158,#9360,#9361);
#7657=AXIS2_PLACEMENT_3D('',#12160,#9362,#9363);
#7658=AXIS2_PLACEMENT_3D('',#12162,#9365,#9366);
#7659=AXIS2_PLACEMENT_3D('',#12165,#9367,#9368);
#7660=AXIS2_PLACEMENT_3D('',#12166,#9369,#9370);
#7661=AXIS2_PLACEMENT_3D('',#12167,#9371,#9372);
#7662=AXIS2_PLACEMENT_3D('',#12168,#9373,#9374);
#7663=AXIS2_PLACEMENT_3D('',#12171,#9375,#9376);
#7664=AXIS2_PLACEMENT_3D('',#12173,#9378,#9379);
#7665=AXIS2_PLACEMENT_3D('',#12174,#9380,#9381);
#7666=AXIS2_PLACEMENT_3D('',#12176,#9382,#9383);
#7667=AXIS2_PLACEMENT_3D('',#12177,#9384,#9385);
#7668=AXIS2_PLACEMENT_3D('',#12178,#9386,#9387);
#7669=AXIS2_PLACEMENT_3D('',#12180,#9388,#9389);
#7670=AXIS2_PLACEMENT_3D('',#12181,#9390,#9391);
#7671=AXIS2_PLACEMENT_3D('',#12182,#9392,#9393);
#7672=AXIS2_PLACEMENT_3D('',#12183,#9394,#9395);
#7673=AXIS2_PLACEMENT_3D('',#12185,#9396,#9397);
#7674=AXIS2_PLACEMENT_3D('',#12187,#9398,#9399);
#7675=AXIS2_PLACEMENT_3D('',#12188,#9400,#9401);
#7676=AXIS2_PLACEMENT_3D('',#12189,#9402,#9403);
#7677=AXIS2_PLACEMENT_3D('',#12191,#9404,#9405);
#7678=AXIS2_PLACEMENT_3D('',#12192,#9406,#9407);
#7679=AXIS2_PLACEMENT_3D('',#12194,#9408,#9409);
#7680=AXIS2_PLACEMENT_3D('',#12196,#9411,#9412);
#7681=AXIS2_PLACEMENT_3D('',#12199,#9413,#9414);
#7682=AXIS2_PLACEMENT_3D('',#12200,#9415,#9416);
#7683=AXIS2_PLACEMENT_3D('',#12201,#9417,#9418);
#7684=AXIS2_PLACEMENT_3D('',#12202,#9419,#9420);
#7685=AXIS2_PLACEMENT_3D('',#12205,#9421,#9422);
#7686=AXIS2_PLACEMENT_3D('',#12207,#9424,#9425);
#7687=AXIS2_PLACEMENT_3D('',#12208,#9426,#9427);
#7688=AXIS2_PLACEMENT_3D('',#12210,#9428,#9429);
#7689=AXIS2_PLACEMENT_3D('',#12211,#9430,#9431);
#7690=AXIS2_PLACEMENT_3D('',#12212,#9432,#9433);
#7691=AXIS2_PLACEMENT_3D('',#12214,#9434,#9435);
#7692=AXIS2_PLACEMENT_3D('',#12215,#9436,#9437);
#7693=AXIS2_PLACEMENT_3D('',#12216,#9438,#9439);
#7694=AXIS2_PLACEMENT_3D('',#12217,#9440,#9441);
#7695=AXIS2_PLACEMENT_3D('',#12219,#9442,#9443);
#7696=AXIS2_PLACEMENT_3D('',#12221,#9444,#9445);
#7697=AXIS2_PLACEMENT_3D('',#12222,#9446,#9447);
#7698=AXIS2_PLACEMENT_3D('',#12223,#9448,#9449);
#7699=AXIS2_PLACEMENT_3D('',#12225,#9450,#9451);
#7700=AXIS2_PLACEMENT_3D('',#12226,#9452,#9453);
#7701=AXIS2_PLACEMENT_3D('',#12228,#9454,#9455);
#7702=AXIS2_PLACEMENT_3D('',#12230,#9457,#9458);
#7703=AXIS2_PLACEMENT_3D('',#12233,#9459,#9460);
#7704=AXIS2_PLACEMENT_3D('',#12234,#9461,#9462);
#7705=AXIS2_PLACEMENT_3D('',#12235,#9463,#9464);
#7706=AXIS2_PLACEMENT_3D('',#12236,#9465,#9466);
#7707=AXIS2_PLACEMENT_3D('',#12239,#9467,#9468);
#7708=AXIS2_PLACEMENT_3D('',#12241,#9470,#9471);
#7709=AXIS2_PLACEMENT_3D('',#12242,#9472,#9473);
#7710=AXIS2_PLACEMENT_3D('',#12244,#9474,#9475);
#7711=AXIS2_PLACEMENT_3D('',#12245,#9476,#9477);
#7712=AXIS2_PLACEMENT_3D('',#12246,#9478,#9479);
#7713=AXIS2_PLACEMENT_3D('',#12248,#9480,#9481);
#7714=AXIS2_PLACEMENT_3D('',#12249,#9482,#9483);
#7715=AXIS2_PLACEMENT_3D('',#12250,#9484,#9485);
#7716=AXIS2_PLACEMENT_3D('',#12251,#9486,#9487);
#7717=AXIS2_PLACEMENT_3D('',#12253,#9488,#9489);
#7718=AXIS2_PLACEMENT_3D('',#12255,#9490,#9491);
#7719=AXIS2_PLACEMENT_3D('',#12256,#9492,#9493);
#7720=AXIS2_PLACEMENT_3D('',#12257,#9494,#9495);
#7721=AXIS2_PLACEMENT_3D('',#12259,#9496,#9497);
#7722=AXIS2_PLACEMENT_3D('',#12260,#9498,#9499);
#7723=AXIS2_PLACEMENT_3D('',#12262,#9500,#9501);
#7724=AXIS2_PLACEMENT_3D('',#12264,#9503,#9504);
#7725=AXIS2_PLACEMENT_3D('',#12267,#9505,#9506);
#7726=AXIS2_PLACEMENT_3D('',#12268,#9507,#9508);
#7727=AXIS2_PLACEMENT_3D('',#12269,#9509,#9510);
#7728=AXIS2_PLACEMENT_3D('',#12270,#9511,#9512);
#7729=AXIS2_PLACEMENT_3D('',#12273,#9513,#9514);
#7730=AXIS2_PLACEMENT_3D('',#12275,#9516,#9517);
#7731=AXIS2_PLACEMENT_3D('',#12276,#9518,#9519);
#7732=AXIS2_PLACEMENT_3D('',#12278,#9520,#9521);
#7733=AXIS2_PLACEMENT_3D('',#12279,#9522,#9523);
#7734=AXIS2_PLACEMENT_3D('',#12280,#9524,#9525);
#7735=AXIS2_PLACEMENT_3D('',#12282,#9526,#9527);
#7736=AXIS2_PLACEMENT_3D('',#12283,#9528,#9529);
#7737=AXIS2_PLACEMENT_3D('',#12284,#9530,#9531);
#7738=AXIS2_PLACEMENT_3D('',#12285,#9532,#9533);
#7739=AXIS2_PLACEMENT_3D('',#12287,#9534,#9535);
#7740=AXIS2_PLACEMENT_3D('',#12289,#9536,#9537);
#7741=AXIS2_PLACEMENT_3D('',#12290,#9538,#9539);
#7742=AXIS2_PLACEMENT_3D('',#12291,#9540,#9541);
#7743=AXIS2_PLACEMENT_3D('',#12293,#9542,#9543);
#7744=AXIS2_PLACEMENT_3D('',#12294,#9544,#9545);
#7745=AXIS2_PLACEMENT_3D('',#12296,#9546,#9547);
#7746=AXIS2_PLACEMENT_3D('',#12298,#9549,#9550);
#7747=AXIS2_PLACEMENT_3D('',#12301,#9551,#9552);
#7748=AXIS2_PLACEMENT_3D('',#12302,#9553,#9554);
#7749=AXIS2_PLACEMENT_3D('',#12303,#9555,#9556);
#7750=AXIS2_PLACEMENT_3D('',#12304,#9557,#9558);
#7751=AXIS2_PLACEMENT_3D('',#12307,#9559,#9560);
#7752=AXIS2_PLACEMENT_3D('',#12309,#9562,#9563);
#7753=AXIS2_PLACEMENT_3D('',#12310,#9564,#9565);
#7754=AXIS2_PLACEMENT_3D('',#12312,#9566,#9567);
#7755=AXIS2_PLACEMENT_3D('',#12313,#9568,#9569);
#7756=AXIS2_PLACEMENT_3D('',#12314,#9570,#9571);
#7757=AXIS2_PLACEMENT_3D('',#12316,#9572,#9573);
#7758=AXIS2_PLACEMENT_3D('',#12317,#9574,#9575);
#7759=AXIS2_PLACEMENT_3D('',#12318,#9576,#9577);
#7760=AXIS2_PLACEMENT_3D('',#12319,#9578,#9579);
#7761=AXIS2_PLACEMENT_3D('',#12321,#9580,#9581);
#7762=AXIS2_PLACEMENT_3D('',#12323,#9582,#9583);
#7763=AXIS2_PLACEMENT_3D('',#12324,#9584,#9585);
#7764=AXIS2_PLACEMENT_3D('',#12325,#9586,#9587);
#7765=AXIS2_PLACEMENT_3D('',#12327,#9588,#9589);
#7766=AXIS2_PLACEMENT_3D('',#12328,#9590,#9591);
#7767=AXIS2_PLACEMENT_3D('',#12330,#9592,#9593);
#7768=AXIS2_PLACEMENT_3D('',#12332,#9595,#9596);
#7769=AXIS2_PLACEMENT_3D('',#12335,#9597,#9598);
#7770=AXIS2_PLACEMENT_3D('',#12336,#9599,#9600);
#7771=AXIS2_PLACEMENT_3D('',#12337,#9601,#9602);
#7772=AXIS2_PLACEMENT_3D('',#12338,#9603,#9604);
#7773=AXIS2_PLACEMENT_3D('',#12341,#9605,#9606);
#7774=AXIS2_PLACEMENT_3D('',#12343,#9608,#9609);
#7775=AXIS2_PLACEMENT_3D('',#12344,#9610,#9611);
#7776=AXIS2_PLACEMENT_3D('',#12346,#9612,#9613);
#7777=AXIS2_PLACEMENT_3D('',#12347,#9614,#9615);
#7778=AXIS2_PLACEMENT_3D('',#12348,#9616,#9617);
#7779=AXIS2_PLACEMENT_3D('',#12350,#9618,#9619);
#7780=AXIS2_PLACEMENT_3D('',#12351,#9620,#9621);
#7781=AXIS2_PLACEMENT_3D('',#12352,#9622,#9623);
#7782=AXIS2_PLACEMENT_3D('',#12353,#9624,#9625);
#7783=AXIS2_PLACEMENT_3D('',#12355,#9626,#9627);
#7784=AXIS2_PLACEMENT_3D('',#12357,#9628,#9629);
#7785=AXIS2_PLACEMENT_3D('',#12358,#9630,#9631);
#7786=AXIS2_PLACEMENT_3D('',#12359,#9632,#9633);
#7787=AXIS2_PLACEMENT_3D('',#12361,#9634,#9635);
#7788=AXIS2_PLACEMENT_3D('',#12362,#9636,#9637);
#7789=AXIS2_PLACEMENT_3D('',#12364,#9638,#9639);
#7790=AXIS2_PLACEMENT_3D('',#12366,#9641,#9642);
#7791=AXIS2_PLACEMENT_3D('',#12369,#9643,#9644);
#7792=AXIS2_PLACEMENT_3D('',#12370,#9645,#9646);
#7793=AXIS2_PLACEMENT_3D('',#12371,#9647,#9648);
#7794=AXIS2_PLACEMENT_3D('',#12372,#9649,#9650);
#7795=AXIS2_PLACEMENT_3D('',#12375,#9651,#9652);
#7796=AXIS2_PLACEMENT_3D('',#12377,#9654,#9655);
#7797=AXIS2_PLACEMENT_3D('',#12378,#9656,#9657);
#7798=AXIS2_PLACEMENT_3D('',#12380,#9658,#9659);
#7799=AXIS2_PLACEMENT_3D('',#12381,#9660,#9661);
#7800=AXIS2_PLACEMENT_3D('',#12382,#9662,#9663);
#7801=AXIS2_PLACEMENT_3D('',#12384,#9664,#9665);
#7802=AXIS2_PLACEMENT_3D('',#12385,#9666,#9667);
#7803=AXIS2_PLACEMENT_3D('',#12386,#9668,#9669);
#7804=AXIS2_PLACEMENT_3D('',#12387,#9670,#9671);
#7805=AXIS2_PLACEMENT_3D('',#12389,#9672,#9673);
#7806=AXIS2_PLACEMENT_3D('',#12391,#9674,#9675);
#7807=AXIS2_PLACEMENT_3D('',#12392,#9676,#9677);
#7808=AXIS2_PLACEMENT_3D('',#12393,#9678,#9679);
#7809=AXIS2_PLACEMENT_3D('',#12395,#9680,#9681);
#7810=AXIS2_PLACEMENT_3D('',#12396,#9682,#9683);
#7811=AXIS2_PLACEMENT_3D('',#12398,#9684,#9685);
#7812=AXIS2_PLACEMENT_3D('',#12400,#9687,#9688);
#7813=AXIS2_PLACEMENT_3D('',#12403,#9689,#9690);
#7814=AXIS2_PLACEMENT_3D('',#12404,#9691,#9692);
#7815=AXIS2_PLACEMENT_3D('',#12405,#9693,#9694);
#7816=AXIS2_PLACEMENT_3D('',#12406,#9695,#9696);
#7817=AXIS2_PLACEMENT_3D('',#12409,#9697,#9698);
#7818=AXIS2_PLACEMENT_3D('',#12411,#9700,#9701);
#7819=AXIS2_PLACEMENT_3D('',#12412,#9702,#9703);
#7820=AXIS2_PLACEMENT_3D('',#12414,#9704,#9705);
#7821=AXIS2_PLACEMENT_3D('',#12415,#9706,#9707);
#7822=AXIS2_PLACEMENT_3D('',#12416,#9708,#9709);
#7823=AXIS2_PLACEMENT_3D('',#12418,#9710,#9711);
#7824=AXIS2_PLACEMENT_3D('',#12419,#9712,#9713);
#7825=AXIS2_PLACEMENT_3D('',#12420,#9714,#9715);
#7826=AXIS2_PLACEMENT_3D('',#12421,#9716,#9717);
#7827=AXIS2_PLACEMENT_3D('',#12423,#9718,#9719);
#7828=AXIS2_PLACEMENT_3D('',#12425,#9720,#9721);
#7829=AXIS2_PLACEMENT_3D('',#12426,#9722,#9723);
#7830=AXIS2_PLACEMENT_3D('',#12427,#9724,#9725);
#7831=AXIS2_PLACEMENT_3D('',#12429,#9726,#9727);
#7832=AXIS2_PLACEMENT_3D('',#12430,#9728,#9729);
#7833=AXIS2_PLACEMENT_3D('',#12432,#9730,#9731);
#7834=AXIS2_PLACEMENT_3D('',#12434,#9733,#9734);
#7835=AXIS2_PLACEMENT_3D('',#12437,#9735,#9736);
#7836=AXIS2_PLACEMENT_3D('',#12438,#9737,#9738);
#7837=AXIS2_PLACEMENT_3D('',#12439,#9739,#9740);
#7838=AXIS2_PLACEMENT_3D('',#12440,#9741,#9742);
#7839=AXIS2_PLACEMENT_3D('',#12443,#9743,#9744);
#7840=AXIS2_PLACEMENT_3D('',#12445,#9746,#9747);
#7841=AXIS2_PLACEMENT_3D('',#12446,#9748,#9749);
#7842=AXIS2_PLACEMENT_3D('',#12448,#9750,#9751);
#7843=AXIS2_PLACEMENT_3D('',#12449,#9752,#9753);
#7844=AXIS2_PLACEMENT_3D('',#12450,#9754,#9755);
#7845=AXIS2_PLACEMENT_3D('',#12452,#9756,#9757);
#7846=AXIS2_PLACEMENT_3D('',#12453,#9758,#9759);
#7847=AXIS2_PLACEMENT_3D('',#12454,#9760,#9761);
#7848=AXIS2_PLACEMENT_3D('',#12455,#9762,#9763);
#7849=AXIS2_PLACEMENT_3D('',#12457,#9764,#9765);
#7850=AXIS2_PLACEMENT_3D('',#12459,#9766,#9767);
#7851=AXIS2_PLACEMENT_3D('',#12460,#9768,#9769);
#7852=AXIS2_PLACEMENT_3D('',#12461,#9770,#9771);
#7853=AXIS2_PLACEMENT_3D('',#12463,#9772,#9773);
#7854=AXIS2_PLACEMENT_3D('',#12464,#9774,#9775);
#7855=AXIS2_PLACEMENT_3D('',#12466,#9776,#9777);
#7856=AXIS2_PLACEMENT_3D('',#12468,#9779,#9780);
#7857=AXIS2_PLACEMENT_3D('',#12471,#9781,#9782);
#7858=AXIS2_PLACEMENT_3D('',#12472,#9783,#9784);
#7859=AXIS2_PLACEMENT_3D('',#12473,#9785,#9786);
#7860=AXIS2_PLACEMENT_3D('',#12474,#9787,#9788);
#7861=AXIS2_PLACEMENT_3D('',#12477,#9789,#9790);
#7862=AXIS2_PLACEMENT_3D('',#12479,#9792,#9793);
#7863=AXIS2_PLACEMENT_3D('',#12480,#9794,#9795);
#7864=AXIS2_PLACEMENT_3D('',#12482,#9796,#9797);
#7865=AXIS2_PLACEMENT_3D('',#12483,#9798,#9799);
#7866=AXIS2_PLACEMENT_3D('',#12484,#9800,#9801);
#7867=AXIS2_PLACEMENT_3D('',#12486,#9802,#9803);
#7868=AXIS2_PLACEMENT_3D('',#12487,#9804,#9805);
#7869=AXIS2_PLACEMENT_3D('',#12488,#9806,#9807);
#7870=AXIS2_PLACEMENT_3D('',#12489,#9808,#9809);
#7871=AXIS2_PLACEMENT_3D('',#12491,#9810,#9811);
#7872=AXIS2_PLACEMENT_3D('',#12493,#9812,#9813);
#7873=AXIS2_PLACEMENT_3D('',#12494,#9814,#9815);
#7874=AXIS2_PLACEMENT_3D('',#12495,#9816,#9817);
#7875=AXIS2_PLACEMENT_3D('',#12497,#9818,#9819);
#7876=AXIS2_PLACEMENT_3D('',#12498,#9820,#9821);
#7877=AXIS2_PLACEMENT_3D('',#12500,#9822,#9823);
#7878=AXIS2_PLACEMENT_3D('',#12502,#9825,#9826);
#7879=AXIS2_PLACEMENT_3D('',#12505,#9827,#9828);
#7880=AXIS2_PLACEMENT_3D('',#12506,#9829,#9830);
#7881=AXIS2_PLACEMENT_3D('',#12507,#9831,#9832);
#7882=AXIS2_PLACEMENT_3D('',#12508,#9833,#9834);
#7883=AXIS2_PLACEMENT_3D('',#12511,#9835,#9836);
#7884=AXIS2_PLACEMENT_3D('',#12513,#9838,#9839);
#7885=AXIS2_PLACEMENT_3D('',#12514,#9840,#9841);
#7886=AXIS2_PLACEMENT_3D('',#12516,#9842,#9843);
#7887=AXIS2_PLACEMENT_3D('',#12517,#9844,#9845);
#7888=AXIS2_PLACEMENT_3D('',#12518,#9846,#9847);
#7889=AXIS2_PLACEMENT_3D('',#12520,#9848,#9849);
#7890=AXIS2_PLACEMENT_3D('',#12521,#9850,#9851);
#7891=AXIS2_PLACEMENT_3D('',#12522,#9852,#9853);
#7892=AXIS2_PLACEMENT_3D('',#12523,#9854,#9855);
#7893=AXIS2_PLACEMENT_3D('',#12525,#9856,#9857);
#7894=AXIS2_PLACEMENT_3D('',#12527,#9858,#9859);
#7895=AXIS2_PLACEMENT_3D('',#12528,#9860,#9861);
#7896=AXIS2_PLACEMENT_3D('',#12529,#9862,#9863);
#7897=AXIS2_PLACEMENT_3D('',#12531,#9864,#9865);
#7898=AXIS2_PLACEMENT_3D('',#12532,#9866,#9867);
#7899=AXIS2_PLACEMENT_3D('',#12534,#9868,#9869);
#7900=AXIS2_PLACEMENT_3D('',#12536,#9871,#9872);
#7901=AXIS2_PLACEMENT_3D('',#12539,#9873,#9874);
#7902=AXIS2_PLACEMENT_3D('',#12540,#9875,#9876);
#7903=AXIS2_PLACEMENT_3D('',#12541,#9877,#9878);
#7904=AXIS2_PLACEMENT_3D('',#12542,#9879,#9880);
#7905=AXIS2_PLACEMENT_3D('',#12545,#9881,#9882);
#7906=AXIS2_PLACEMENT_3D('',#12547,#9884,#9885);
#7907=AXIS2_PLACEMENT_3D('',#12548,#9886,#9887);
#7908=AXIS2_PLACEMENT_3D('',#12550,#9888,#9889);
#7909=AXIS2_PLACEMENT_3D('',#12551,#9890,#9891);
#7910=AXIS2_PLACEMENT_3D('',#12552,#9892,#9893);
#7911=AXIS2_PLACEMENT_3D('',#12554,#9894,#9895);
#7912=AXIS2_PLACEMENT_3D('',#12555,#9896,#9897);
#7913=AXIS2_PLACEMENT_3D('',#12556,#9898,#9899);
#7914=AXIS2_PLACEMENT_3D('',#12557,#9900,#9901);
#7915=AXIS2_PLACEMENT_3D('',#12559,#9902,#9903);
#7916=AXIS2_PLACEMENT_3D('',#12561,#9904,#9905);
#7917=AXIS2_PLACEMENT_3D('',#12562,#9906,#9907);
#7918=AXIS2_PLACEMENT_3D('',#12563,#9908,#9909);
#7919=AXIS2_PLACEMENT_3D('',#12565,#9910,#9911);
#7920=AXIS2_PLACEMENT_3D('',#12566,#9912,#9913);
#7921=AXIS2_PLACEMENT_3D('',#12568,#9914,#9915);
#7922=AXIS2_PLACEMENT_3D('',#12570,#9917,#9918);
#7923=AXIS2_PLACEMENT_3D('',#12573,#9919,#9920);
#7924=AXIS2_PLACEMENT_3D('',#12574,#9921,#9922);
#7925=AXIS2_PLACEMENT_3D('',#12575,#9923,#9924);
#7926=AXIS2_PLACEMENT_3D('',#12576,#9925,#9926);
#7927=AXIS2_PLACEMENT_3D('',#12579,#9927,#9928);
#7928=AXIS2_PLACEMENT_3D('',#12581,#9930,#9931);
#7929=AXIS2_PLACEMENT_3D('',#12582,#9932,#9933);
#7930=AXIS2_PLACEMENT_3D('',#12584,#9934,#9935);
#7931=AXIS2_PLACEMENT_3D('',#12585,#9936,#9937);
#7932=AXIS2_PLACEMENT_3D('',#12586,#9938,#9939);
#7933=AXIS2_PLACEMENT_3D('',#12588,#9940,#9941);
#7934=AXIS2_PLACEMENT_3D('',#12589,#9942,#9943);
#7935=AXIS2_PLACEMENT_3D('',#12590,#9944,#9945);
#7936=AXIS2_PLACEMENT_3D('',#12591,#9946,#9947);
#7937=AXIS2_PLACEMENT_3D('',#12593,#9948,#9949);
#7938=AXIS2_PLACEMENT_3D('',#12595,#9950,#9951);
#7939=AXIS2_PLACEMENT_3D('',#12596,#9952,#9953);
#7940=AXIS2_PLACEMENT_3D('',#12597,#9954,#9955);
#7941=AXIS2_PLACEMENT_3D('',#12599,#9956,#9957);
#7942=AXIS2_PLACEMENT_3D('',#12600,#9958,#9959);
#7943=AXIS2_PLACEMENT_3D('',#12602,#9960,#9961);
#7944=AXIS2_PLACEMENT_3D('',#12604,#9963,#9964);
#7945=AXIS2_PLACEMENT_3D('',#12607,#9965,#9966);
#7946=AXIS2_PLACEMENT_3D('',#12608,#9967,#9968);
#7947=AXIS2_PLACEMENT_3D('',#12609,#9969,#9970);
#7948=AXIS2_PLACEMENT_3D('',#12610,#9971,#9972);
#7949=AXIS2_PLACEMENT_3D('',#12613,#9973,#9974);
#7950=AXIS2_PLACEMENT_3D('',#12615,#9976,#9977);
#7951=AXIS2_PLACEMENT_3D('',#12616,#9978,#9979);
#7952=AXIS2_PLACEMENT_3D('',#12618,#9980,#9981);
#7953=AXIS2_PLACEMENT_3D('',#12619,#9982,#9983);
#7954=AXIS2_PLACEMENT_3D('',#12620,#9984,#9985);
#7955=AXIS2_PLACEMENT_3D('',#12622,#9986,#9987);
#7956=AXIS2_PLACEMENT_3D('',#12623,#9988,#9989);
#7957=AXIS2_PLACEMENT_3D('',#12624,#9990,#9991);
#7958=AXIS2_PLACEMENT_3D('',#12625,#9992,#9993);
#7959=AXIS2_PLACEMENT_3D('',#12627,#9994,#9995);
#7960=AXIS2_PLACEMENT_3D('',#12629,#9996,#9997);
#7961=AXIS2_PLACEMENT_3D('',#12630,#9998,#9999);
#7962=AXIS2_PLACEMENT_3D('',#12631,#10000,#10001);
#7963=AXIS2_PLACEMENT_3D('',#12633,#10002,#10003);
#7964=AXIS2_PLACEMENT_3D('',#12634,#10004,#10005);
#7965=AXIS2_PLACEMENT_3D('',#12636,#10006,#10007);
#7966=AXIS2_PLACEMENT_3D('',#12638,#10009,#10010);
#7967=AXIS2_PLACEMENT_3D('',#12641,#10011,#10012);
#7968=AXIS2_PLACEMENT_3D('',#12642,#10013,#10014);
#7969=AXIS2_PLACEMENT_3D('',#12643,#10015,#10016);
#7970=AXIS2_PLACEMENT_3D('',#12644,#10017,#10018);
#7971=AXIS2_PLACEMENT_3D('',#12647,#10019,#10020);
#7972=AXIS2_PLACEMENT_3D('',#12649,#10022,#10023);
#7973=AXIS2_PLACEMENT_3D('',#12650,#10024,#10025);
#7974=AXIS2_PLACEMENT_3D('',#12652,#10026,#10027);
#7975=AXIS2_PLACEMENT_3D('',#12653,#10028,#10029);
#7976=AXIS2_PLACEMENT_3D('',#12654,#10030,#10031);
#7977=AXIS2_PLACEMENT_3D('',#12656,#10032,#10033);
#7978=AXIS2_PLACEMENT_3D('',#12657,#10034,#10035);
#7979=AXIS2_PLACEMENT_3D('',#12658,#10036,#10037);
#7980=AXIS2_PLACEMENT_3D('',#12659,#10038,#10039);
#7981=AXIS2_PLACEMENT_3D('',#12661,#10040,#10041);
#7982=AXIS2_PLACEMENT_3D('',#12663,#10042,#10043);
#7983=AXIS2_PLACEMENT_3D('',#12664,#10044,#10045);
#7984=AXIS2_PLACEMENT_3D('',#12665,#10046,#10047);
#7985=AXIS2_PLACEMENT_3D('',#12667,#10048,#10049);
#7986=AXIS2_PLACEMENT_3D('',#12668,#10050,#10051);
#7987=AXIS2_PLACEMENT_3D('',#12670,#10052,#10053);
#7988=AXIS2_PLACEMENT_3D('',#12672,#10055,#10056);
#7989=AXIS2_PLACEMENT_3D('',#12675,#10057,#10058);
#7990=AXIS2_PLACEMENT_3D('',#12676,#10059,#10060);
#7991=AXIS2_PLACEMENT_3D('',#12677,#10061,#10062);
#7992=AXIS2_PLACEMENT_3D('',#12678,#10063,#10064);
#7993=AXIS2_PLACEMENT_3D('',#12681,#10065,#10066);
#7994=AXIS2_PLACEMENT_3D('',#12683,#10068,#10069);
#7995=AXIS2_PLACEMENT_3D('',#12684,#10070,#10071);
#7996=AXIS2_PLACEMENT_3D('',#12686,#10072,#10073);
#7997=AXIS2_PLACEMENT_3D('',#12687,#10074,#10075);
#7998=AXIS2_PLACEMENT_3D('',#12688,#10076,#10077);
#7999=AXIS2_PLACEMENT_3D('',#12690,#10078,#10079);
#8000=AXIS2_PLACEMENT_3D('',#12691,#10080,#10081);
#8001=AXIS2_PLACEMENT_3D('',#12692,#10082,#10083);
#8002=AXIS2_PLACEMENT_3D('',#12693,#10084,#10085);
#8003=AXIS2_PLACEMENT_3D('',#12695,#10086,#10087);
#8004=AXIS2_PLACEMENT_3D('',#12697,#10088,#10089);
#8005=AXIS2_PLACEMENT_3D('',#12698,#10090,#10091);
#8006=AXIS2_PLACEMENT_3D('',#12699,#10092,#10093);
#8007=AXIS2_PLACEMENT_3D('',#12701,#10094,#10095);
#8008=AXIS2_PLACEMENT_3D('',#12702,#10096,#10097);
#8009=AXIS2_PLACEMENT_3D('',#12704,#10098,#10099);
#8010=AXIS2_PLACEMENT_3D('',#12706,#10101,#10102);
#8011=AXIS2_PLACEMENT_3D('',#12709,#10103,#10104);
#8012=AXIS2_PLACEMENT_3D('',#12710,#10105,#10106);
#8013=AXIS2_PLACEMENT_3D('',#12711,#10107,#10108);
#8014=AXIS2_PLACEMENT_3D('',#12712,#10109,#10110);
#8015=AXIS2_PLACEMENT_3D('',#12715,#10111,#10112);
#8016=AXIS2_PLACEMENT_3D('',#12717,#10114,#10115);
#8017=AXIS2_PLACEMENT_3D('',#12718,#10116,#10117);
#8018=AXIS2_PLACEMENT_3D('',#12720,#10118,#10119);
#8019=AXIS2_PLACEMENT_3D('',#12721,#10120,#10121);
#8020=AXIS2_PLACEMENT_3D('',#12722,#10122,#10123);
#8021=AXIS2_PLACEMENT_3D('',#12724,#10124,#10125);
#8022=AXIS2_PLACEMENT_3D('',#12725,#10126,#10127);
#8023=AXIS2_PLACEMENT_3D('',#12726,#10128,#10129);
#8024=AXIS2_PLACEMENT_3D('',#12727,#10130,#10131);
#8025=AXIS2_PLACEMENT_3D('',#12729,#10132,#10133);
#8026=AXIS2_PLACEMENT_3D('',#12731,#10134,#10135);
#8027=AXIS2_PLACEMENT_3D('',#12732,#10136,#10137);
#8028=AXIS2_PLACEMENT_3D('',#12733,#10138,#10139);
#8029=AXIS2_PLACEMENT_3D('',#12735,#10140,#10141);
#8030=AXIS2_PLACEMENT_3D('',#12736,#10142,#10143);
#8031=AXIS2_PLACEMENT_3D('',#12738,#10144,#10145);
#8032=AXIS2_PLACEMENT_3D('',#12740,#10147,#10148);
#8033=AXIS2_PLACEMENT_3D('',#12743,#10149,#10150);
#8034=AXIS2_PLACEMENT_3D('',#12744,#10151,#10152);
#8035=AXIS2_PLACEMENT_3D('',#12745,#10153,#10154);
#8036=AXIS2_PLACEMENT_3D('',#12746,#10155,#10156);
#8037=AXIS2_PLACEMENT_3D('',#12749,#10157,#10158);
#8038=AXIS2_PLACEMENT_3D('',#12751,#10160,#10161);
#8039=AXIS2_PLACEMENT_3D('',#12752,#10162,#10163);
#8040=AXIS2_PLACEMENT_3D('',#12754,#10164,#10165);
#8041=AXIS2_PLACEMENT_3D('',#12755,#10166,#10167);
#8042=AXIS2_PLACEMENT_3D('',#12756,#10168,#10169);
#8043=AXIS2_PLACEMENT_3D('',#12758,#10170,#10171);
#8044=AXIS2_PLACEMENT_3D('',#12759,#10172,#10173);
#8045=AXIS2_PLACEMENT_3D('',#12760,#10174,#10175);
#8046=AXIS2_PLACEMENT_3D('',#12761,#10176,#10177);
#8047=AXIS2_PLACEMENT_3D('',#12763,#10178,#10179);
#8048=AXIS2_PLACEMENT_3D('',#12765,#10180,#10181);
#8049=AXIS2_PLACEMENT_3D('',#12766,#10182,#10183);
#8050=AXIS2_PLACEMENT_3D('',#12767,#10184,#10185);
#8051=AXIS2_PLACEMENT_3D('',#12769,#10186,#10187);
#8052=AXIS2_PLACEMENT_3D('',#12770,#10188,#10189);
#8053=AXIS2_PLACEMENT_3D('',#12772,#10190,#10191);
#8054=AXIS2_PLACEMENT_3D('',#12774,#10193,#10194);
#8055=AXIS2_PLACEMENT_3D('',#12777,#10195,#10196);
#8056=AXIS2_PLACEMENT_3D('',#12778,#10197,#10198);
#8057=AXIS2_PLACEMENT_3D('',#12779,#10199,#10200);
#8058=AXIS2_PLACEMENT_3D('',#12780,#10201,#10202);
#8059=AXIS2_PLACEMENT_3D('',#12783,#10203,#10204);
#8060=AXIS2_PLACEMENT_3D('',#12785,#10206,#10207);
#8061=AXIS2_PLACEMENT_3D('',#12786,#10208,#10209);
#8062=AXIS2_PLACEMENT_3D('',#12788,#10210,#10211);
#8063=AXIS2_PLACEMENT_3D('',#12789,#10212,#10213);
#8064=AXIS2_PLACEMENT_3D('',#12790,#10214,#10215);
#8065=AXIS2_PLACEMENT_3D('',#12792,#10216,#10217);
#8066=AXIS2_PLACEMENT_3D('',#12793,#10218,#10219);
#8067=AXIS2_PLACEMENT_3D('',#12794,#10220,#10221);
#8068=AXIS2_PLACEMENT_3D('',#12795,#10222,#10223);
#8069=AXIS2_PLACEMENT_3D('',#12797,#10224,#10225);
#8070=AXIS2_PLACEMENT_3D('',#12799,#10226,#10227);
#8071=AXIS2_PLACEMENT_3D('',#12800,#10228,#10229);
#8072=AXIS2_PLACEMENT_3D('',#12801,#10230,#10231);
#8073=AXIS2_PLACEMENT_3D('',#12803,#10232,#10233);
#8074=AXIS2_PLACEMENT_3D('',#12804,#10234,#10235);
#8075=AXIS2_PLACEMENT_3D('',#12806,#10236,#10237);
#8076=AXIS2_PLACEMENT_3D('',#12808,#10239,#10240);
#8077=AXIS2_PLACEMENT_3D('',#12811,#10241,#10242);
#8078=AXIS2_PLACEMENT_3D('',#12812,#10243,#10244);
#8079=AXIS2_PLACEMENT_3D('',#12813,#10245,#10246);
#8080=AXIS2_PLACEMENT_3D('',#12814,#10247,#10248);
#8081=AXIS2_PLACEMENT_3D('',#12817,#10249,#10250);
#8082=AXIS2_PLACEMENT_3D('',#12819,#10252,#10253);
#8083=AXIS2_PLACEMENT_3D('',#12820,#10254,#10255);
#8084=AXIS2_PLACEMENT_3D('',#12822,#10256,#10257);
#8085=AXIS2_PLACEMENT_3D('',#12823,#10258,#10259);
#8086=AXIS2_PLACEMENT_3D('',#12824,#10260,#10261);
#8087=AXIS2_PLACEMENT_3D('',#12826,#10262,#10263);
#8088=AXIS2_PLACEMENT_3D('',#12827,#10264,#10265);
#8089=AXIS2_PLACEMENT_3D('',#12828,#10266,#10267);
#8090=AXIS2_PLACEMENT_3D('',#12829,#10268,#10269);
#8091=AXIS2_PLACEMENT_3D('',#12831,#10270,#10271);
#8092=AXIS2_PLACEMENT_3D('',#12833,#10272,#10273);
#8093=AXIS2_PLACEMENT_3D('',#12834,#10274,#10275);
#8094=AXIS2_PLACEMENT_3D('',#12835,#10276,#10277);
#8095=AXIS2_PLACEMENT_3D('',#12837,#10278,#10279);
#8096=AXIS2_PLACEMENT_3D('',#12838,#10280,#10281);
#8097=AXIS2_PLACEMENT_3D('',#12840,#10282,#10283);
#8098=AXIS2_PLACEMENT_3D('',#12842,#10285,#10286);
#8099=AXIS2_PLACEMENT_3D('',#12845,#10287,#10288);
#8100=AXIS2_PLACEMENT_3D('',#12846,#10289,#10290);
#8101=AXIS2_PLACEMENT_3D('',#12847,#10291,#10292);
#8102=AXIS2_PLACEMENT_3D('',#12848,#10293,#10294);
#8103=AXIS2_PLACEMENT_3D('',#12851,#10295,#10296);
#8104=AXIS2_PLACEMENT_3D('',#12853,#10298,#10299);
#8105=AXIS2_PLACEMENT_3D('',#12854,#10300,#10301);
#8106=AXIS2_PLACEMENT_3D('',#12856,#10302,#10303);
#8107=AXIS2_PLACEMENT_3D('',#12857,#10304,#10305);
#8108=AXIS2_PLACEMENT_3D('',#12858,#10306,#10307);
#8109=AXIS2_PLACEMENT_3D('',#12860,#10308,#10309);
#8110=AXIS2_PLACEMENT_3D('',#12861,#10310,#10311);
#8111=AXIS2_PLACEMENT_3D('',#12862,#10312,#10313);
#8112=AXIS2_PLACEMENT_3D('',#12863,#10314,#10315);
#8113=AXIS2_PLACEMENT_3D('',#12865,#10316,#10317);
#8114=AXIS2_PLACEMENT_3D('',#12867,#10318,#10319);
#8115=AXIS2_PLACEMENT_3D('',#12868,#10320,#10321);
#8116=AXIS2_PLACEMENT_3D('',#12869,#10322,#10323);
#8117=AXIS2_PLACEMENT_3D('',#12871,#10324,#10325);
#8118=AXIS2_PLACEMENT_3D('',#12872,#10326,#10327);
#8119=AXIS2_PLACEMENT_3D('',#12874,#10328,#10329);
#8120=AXIS2_PLACEMENT_3D('',#12876,#10331,#10332);
#8121=AXIS2_PLACEMENT_3D('',#12879,#10333,#10334);
#8122=AXIS2_PLACEMENT_3D('',#12880,#10335,#10336);
#8123=AXIS2_PLACEMENT_3D('',#12881,#10337,#10338);
#8124=AXIS2_PLACEMENT_3D('',#12882,#10339,#10340);
#8125=AXIS2_PLACEMENT_3D('',#12885,#10341,#10342);
#8126=AXIS2_PLACEMENT_3D('',#12887,#10344,#10345);
#8127=AXIS2_PLACEMENT_3D('',#12888,#10346,#10347);
#8128=AXIS2_PLACEMENT_3D('',#12890,#10348,#10349);
#8129=AXIS2_PLACEMENT_3D('',#12891,#10350,#10351);
#8130=AXIS2_PLACEMENT_3D('',#12892,#10352,#10353);
#8131=AXIS2_PLACEMENT_3D('',#12894,#10354,#10355);
#8132=AXIS2_PLACEMENT_3D('',#12895,#10356,#10357);
#8133=AXIS2_PLACEMENT_3D('',#12896,#10358,#10359);
#8134=AXIS2_PLACEMENT_3D('',#12897,#10360,#10361);
#8135=AXIS2_PLACEMENT_3D('',#12899,#10362,#10363);
#8136=AXIS2_PLACEMENT_3D('',#12901,#10364,#10365);
#8137=AXIS2_PLACEMENT_3D('',#12902,#10366,#10367);
#8138=AXIS2_PLACEMENT_3D('',#12903,#10368,#10369);
#8139=AXIS2_PLACEMENT_3D('',#12905,#10370,#10371);
#8140=AXIS2_PLACEMENT_3D('',#12906,#10372,#10373);
#8141=AXIS2_PLACEMENT_3D('',#12908,#10374,#10375);
#8142=AXIS2_PLACEMENT_3D('',#12910,#10377,#10378);
#8143=AXIS2_PLACEMENT_3D('',#12913,#10379,#10380);
#8144=AXIS2_PLACEMENT_3D('',#12914,#10381,#10382);
#8145=AXIS2_PLACEMENT_3D('',#12915,#10383,#10384);
#8146=AXIS2_PLACEMENT_3D('',#12916,#10385,#10386);
#8147=AXIS2_PLACEMENT_3D('',#12919,#10387,#10388);
#8148=AXIS2_PLACEMENT_3D('',#12921,#10390,#10391);
#8149=AXIS2_PLACEMENT_3D('',#12922,#10392,#10393);
#8150=AXIS2_PLACEMENT_3D('',#12924,#10394,#10395);
#8151=AXIS2_PLACEMENT_3D('',#12925,#10396,#10397);
#8152=AXIS2_PLACEMENT_3D('',#12926,#10398,#10399);
#8153=AXIS2_PLACEMENT_3D('',#12928,#10400,#10401);
#8154=AXIS2_PLACEMENT_3D('',#12929,#10402,#10403);
#8155=AXIS2_PLACEMENT_3D('',#12930,#10404,#10405);
#8156=AXIS2_PLACEMENT_3D('',#12931,#10406,#10407);
#8157=AXIS2_PLACEMENT_3D('',#12933,#10408,#10409);
#8158=AXIS2_PLACEMENT_3D('',#12935,#10410,#10411);
#8159=AXIS2_PLACEMENT_3D('',#12936,#10412,#10413);
#8160=AXIS2_PLACEMENT_3D('',#12937,#10414,#10415);
#8161=AXIS2_PLACEMENT_3D('',#12939,#10416,#10417);
#8162=AXIS2_PLACEMENT_3D('',#12940,#10418,#10419);
#8163=AXIS2_PLACEMENT_3D('',#12942,#10420,#10421);
#8164=AXIS2_PLACEMENT_3D('',#12944,#10423,#10424);
#8165=AXIS2_PLACEMENT_3D('',#12947,#10425,#10426);
#8166=AXIS2_PLACEMENT_3D('',#12948,#10427,#10428);
#8167=AXIS2_PLACEMENT_3D('',#12949,#10429,#10430);
#8168=AXIS2_PLACEMENT_3D('',#12950,#10431,#10432);
#8169=AXIS2_PLACEMENT_3D('',#12953,#10433,#10434);
#8170=AXIS2_PLACEMENT_3D('',#12955,#10436,#10437);
#8171=AXIS2_PLACEMENT_3D('',#12956,#10438,#10439);
#8172=AXIS2_PLACEMENT_3D('',#12958,#10440,#10441);
#8173=AXIS2_PLACEMENT_3D('',#12959,#10442,#10443);
#8174=AXIS2_PLACEMENT_3D('',#12960,#10444,#10445);
#8175=AXIS2_PLACEMENT_3D('',#12962,#10446,#10447);
#8176=AXIS2_PLACEMENT_3D('',#12963,#10448,#10449);
#8177=AXIS2_PLACEMENT_3D('',#12964,#10450,#10451);
#8178=AXIS2_PLACEMENT_3D('',#12965,#10452,#10453);
#8179=AXIS2_PLACEMENT_3D('',#12967,#10454,#10455);
#8180=AXIS2_PLACEMENT_3D('',#12969,#10456,#10457);
#8181=AXIS2_PLACEMENT_3D('',#12970,#10458,#10459);
#8182=AXIS2_PLACEMENT_3D('',#12971,#10460,#10461);
#8183=AXIS2_PLACEMENT_3D('',#12973,#10462,#10463);
#8184=AXIS2_PLACEMENT_3D('',#12974,#10464,#10465);
#8185=AXIS2_PLACEMENT_3D('',#12976,#10466,#10467);
#8186=AXIS2_PLACEMENT_3D('',#12978,#10469,#10470);
#8187=AXIS2_PLACEMENT_3D('',#12981,#10471,#10472);
#8188=AXIS2_PLACEMENT_3D('',#12982,#10473,#10474);
#8189=AXIS2_PLACEMENT_3D('',#12983,#10475,#10476);
#8190=AXIS2_PLACEMENT_3D('',#12984,#10477,#10478);
#8191=AXIS2_PLACEMENT_3D('',#12987,#10479,#10480);
#8192=AXIS2_PLACEMENT_3D('',#12989,#10482,#10483);
#8193=AXIS2_PLACEMENT_3D('',#12990,#10484,#10485);
#8194=AXIS2_PLACEMENT_3D('',#12992,#10486,#10487);
#8195=AXIS2_PLACEMENT_3D('',#12993,#10488,#10489);
#8196=AXIS2_PLACEMENT_3D('',#12994,#10490,#10491);
#8197=AXIS2_PLACEMENT_3D('',#12996,#10492,#10493);
#8198=AXIS2_PLACEMENT_3D('',#12997,#10494,#10495);
#8199=AXIS2_PLACEMENT_3D('',#12998,#10496,#10497);
#8200=AXIS2_PLACEMENT_3D('',#12999,#10498,#10499);
#8201=AXIS2_PLACEMENT_3D('',#13001,#10500,#10501);
#8202=AXIS2_PLACEMENT_3D('',#13003,#10502,#10503);
#8203=AXIS2_PLACEMENT_3D('',#13004,#10504,#10505);
#8204=AXIS2_PLACEMENT_3D('',#13005,#10506,#10507);
#8205=AXIS2_PLACEMENT_3D('',#13007,#10508,#10509);
#8206=AXIS2_PLACEMENT_3D('',#13008,#10510,#10511);
#8207=AXIS2_PLACEMENT_3D('',#13010,#10512,#10513);
#8208=AXIS2_PLACEMENT_3D('',#13012,#10515,#10516);
#8209=AXIS2_PLACEMENT_3D('',#13015,#10517,#10518);
#8210=AXIS2_PLACEMENT_3D('',#13016,#10519,#10520);
#8211=AXIS2_PLACEMENT_3D('',#13017,#10521,#10522);
#8212=AXIS2_PLACEMENT_3D('',#13018,#10523,#10524);
#8213=AXIS2_PLACEMENT_3D('',#13021,#10525,#10526);
#8214=AXIS2_PLACEMENT_3D('',#13023,#10528,#10529);
#8215=AXIS2_PLACEMENT_3D('',#13024,#10530,#10531);
#8216=AXIS2_PLACEMENT_3D('',#13026,#10532,#10533);
#8217=AXIS2_PLACEMENT_3D('',#13027,#10534,#10535);
#8218=AXIS2_PLACEMENT_3D('',#13028,#10536,#10537);
#8219=AXIS2_PLACEMENT_3D('',#13030,#10538,#10539);
#8220=AXIS2_PLACEMENT_3D('',#13031,#10540,#10541);
#8221=AXIS2_PLACEMENT_3D('',#13032,#10542,#10543);
#8222=AXIS2_PLACEMENT_3D('',#13033,#10544,#10545);
#8223=AXIS2_PLACEMENT_3D('',#13035,#10546,#10547);
#8224=AXIS2_PLACEMENT_3D('',#13037,#10548,#10549);
#8225=AXIS2_PLACEMENT_3D('',#13038,#10550,#10551);
#8226=AXIS2_PLACEMENT_3D('',#13039,#10552,#10553);
#8227=AXIS2_PLACEMENT_3D('',#13041,#10554,#10555);
#8228=AXIS2_PLACEMENT_3D('',#13042,#10556,#10557);
#8229=AXIS2_PLACEMENT_3D('',#13044,#10558,#10559);
#8230=AXIS2_PLACEMENT_3D('',#13046,#10561,#10562);
#8231=AXIS2_PLACEMENT_3D('',#13049,#10563,#10564);
#8232=AXIS2_PLACEMENT_3D('',#13050,#10565,#10566);
#8233=AXIS2_PLACEMENT_3D('',#13051,#10567,#10568);
#8234=AXIS2_PLACEMENT_3D('',#13052,#10569,#10570);
#8235=AXIS2_PLACEMENT_3D('',#13055,#10571,#10572);
#8236=AXIS2_PLACEMENT_3D('',#13057,#10574,#10575);
#8237=AXIS2_PLACEMENT_3D('',#13058,#10576,#10577);
#8238=AXIS2_PLACEMENT_3D('',#13060,#10578,#10579);
#8239=AXIS2_PLACEMENT_3D('',#13061,#10580,#10581);
#8240=AXIS2_PLACEMENT_3D('',#13062,#10582,#10583);
#8241=AXIS2_PLACEMENT_3D('',#13064,#10584,#10585);
#8242=AXIS2_PLACEMENT_3D('',#13065,#10586,#10587);
#8243=AXIS2_PLACEMENT_3D('',#13066,#10588,#10589);
#8244=AXIS2_PLACEMENT_3D('',#13067,#10590,#10591);
#8245=AXIS2_PLACEMENT_3D('',#13069,#10592,#10593);
#8246=AXIS2_PLACEMENT_3D('',#13071,#10594,#10595);
#8247=AXIS2_PLACEMENT_3D('',#13072,#10596,#10597);
#8248=AXIS2_PLACEMENT_3D('',#13073,#10598,#10599);
#8249=AXIS2_PLACEMENT_3D('',#13075,#10600,#10601);
#8250=AXIS2_PLACEMENT_3D('',#13076,#10602,#10603);
#8251=AXIS2_PLACEMENT_3D('',#13078,#10604,#10605);
#8252=AXIS2_PLACEMENT_3D('',#13080,#10607,#10608);
#8253=AXIS2_PLACEMENT_3D('',#13083,#10609,#10610);
#8254=AXIS2_PLACEMENT_3D('',#13084,#10611,#10612);
#8255=AXIS2_PLACEMENT_3D('',#13085,#10613,#10614);
#8256=AXIS2_PLACEMENT_3D('',#13086,#10615,#10616);
#8257=AXIS2_PLACEMENT_3D('',#13089,#10617,#10618);
#8258=AXIS2_PLACEMENT_3D('',#13091,#10620,#10621);
#8259=AXIS2_PLACEMENT_3D('',#13092,#10622,#10623);
#8260=AXIS2_PLACEMENT_3D('',#13094,#10624,#10625);
#8261=AXIS2_PLACEMENT_3D('',#13095,#10626,#10627);
#8262=AXIS2_PLACEMENT_3D('',#13096,#10628,#10629);
#8263=AXIS2_PLACEMENT_3D('',#13098,#10630,#10631);
#8264=AXIS2_PLACEMENT_3D('',#13099,#10632,#10633);
#8265=AXIS2_PLACEMENT_3D('',#13100,#10634,#10635);
#8266=AXIS2_PLACEMENT_3D('',#13101,#10636,#10637);
#8267=AXIS2_PLACEMENT_3D('',#13103,#10638,#10639);
#8268=AXIS2_PLACEMENT_3D('',#13105,#10640,#10641);
#8269=AXIS2_PLACEMENT_3D('',#13106,#10642,#10643);
#8270=AXIS2_PLACEMENT_3D('',#13107,#10644,#10645);
#8271=AXIS2_PLACEMENT_3D('',#13109,#10646,#10647);
#8272=AXIS2_PLACEMENT_3D('',#13110,#10648,#10649);
#8273=AXIS2_PLACEMENT_3D('',#13112,#10650,#10651);
#8274=AXIS2_PLACEMENT_3D('',#13114,#10653,#10654);
#8275=AXIS2_PLACEMENT_3D('',#13117,#10655,#10656);
#8276=AXIS2_PLACEMENT_3D('',#13118,#10657,#10658);
#8277=AXIS2_PLACEMENT_3D('',#13119,#10659,#10660);
#8278=AXIS2_PLACEMENT_3D('',#13120,#10661,#10662);
#8279=AXIS2_PLACEMENT_3D('',#13123,#10663,#10664);
#8280=AXIS2_PLACEMENT_3D('',#13125,#10666,#10667);
#8281=AXIS2_PLACEMENT_3D('',#13126,#10668,#10669);
#8282=AXIS2_PLACEMENT_3D('',#13128,#10670,#10671);
#8283=AXIS2_PLACEMENT_3D('',#13129,#10672,#10673);
#8284=AXIS2_PLACEMENT_3D('',#13130,#10674,#10675);
#8285=AXIS2_PLACEMENT_3D('',#13132,#10676,#10677);
#8286=AXIS2_PLACEMENT_3D('',#13133,#10678,#10679);
#8287=AXIS2_PLACEMENT_3D('',#13134,#10680,#10681);
#8288=AXIS2_PLACEMENT_3D('',#13135,#10682,#10683);
#8289=AXIS2_PLACEMENT_3D('',#13137,#10684,#10685);
#8290=AXIS2_PLACEMENT_3D('',#13139,#10686,#10687);
#8291=AXIS2_PLACEMENT_3D('',#13140,#10688,#10689);
#8292=AXIS2_PLACEMENT_3D('',#13141,#10690,#10691);
#8293=AXIS2_PLACEMENT_3D('',#13143,#10692,#10693);
#8294=AXIS2_PLACEMENT_3D('',#13144,#10694,#10695);
#8295=AXIS2_PLACEMENT_3D('',#13146,#10696,#10697);
#8296=AXIS2_PLACEMENT_3D('',#13148,#10699,#10700);
#8297=AXIS2_PLACEMENT_3D('',#13151,#10701,#10702);
#8298=AXIS2_PLACEMENT_3D('',#13152,#10703,#10704);
#8299=AXIS2_PLACEMENT_3D('',#13153,#10705,#10706);
#8300=AXIS2_PLACEMENT_3D('',#13154,#10707,#10708);
#8301=AXIS2_PLACEMENT_3D('',#13157,#10709,#10710);
#8302=AXIS2_PLACEMENT_3D('',#13159,#10712,#10713);
#8303=AXIS2_PLACEMENT_3D('',#13160,#10714,#10715);
#8304=AXIS2_PLACEMENT_3D('',#13162,#10716,#10717);
#8305=AXIS2_PLACEMENT_3D('',#13163,#10718,#10719);
#8306=AXIS2_PLACEMENT_3D('',#13164,#10720,#10721);
#8307=AXIS2_PLACEMENT_3D('',#13166,#10722,#10723);
#8308=AXIS2_PLACEMENT_3D('',#13167,#10724,#10725);
#8309=AXIS2_PLACEMENT_3D('',#13168,#10726,#10727);
#8310=AXIS2_PLACEMENT_3D('',#13169,#10728,#10729);
#8311=AXIS2_PLACEMENT_3D('',#13171,#10730,#10731);
#8312=AXIS2_PLACEMENT_3D('',#13173,#10732,#10733);
#8313=AXIS2_PLACEMENT_3D('',#13174,#10734,#10735);
#8314=AXIS2_PLACEMENT_3D('',#13175,#10736,#10737);
#8315=AXIS2_PLACEMENT_3D('',#13177,#10738,#10739);
#8316=AXIS2_PLACEMENT_3D('',#13178,#10740,#10741);
#8317=AXIS2_PLACEMENT_3D('',#13180,#10742,#10743);
#8318=AXIS2_PLACEMENT_3D('',#13182,#10745,#10746);
#8319=AXIS2_PLACEMENT_3D('',#13185,#10747,#10748);
#8320=AXIS2_PLACEMENT_3D('',#13186,#10749,#10750);
#8321=AXIS2_PLACEMENT_3D('',#13187,#10751,#10752);
#8322=AXIS2_PLACEMENT_3D('',#13188,#10753,#10754);
#8323=AXIS2_PLACEMENT_3D('',#13191,#10755,#10756);
#8324=AXIS2_PLACEMENT_3D('',#13193,#10758,#10759);
#8325=AXIS2_PLACEMENT_3D('',#13194,#10760,#10761);
#8326=AXIS2_PLACEMENT_3D('',#13196,#10762,#10763);
#8327=AXIS2_PLACEMENT_3D('',#13197,#10764,#10765);
#8328=AXIS2_PLACEMENT_3D('',#13198,#10766,#10767);
#8329=AXIS2_PLACEMENT_3D('',#13200,#10768,#10769);
#8330=AXIS2_PLACEMENT_3D('',#13201,#10770,#10771);
#8331=AXIS2_PLACEMENT_3D('',#13202,#10772,#10773);
#8332=AXIS2_PLACEMENT_3D('',#13203,#10774,#10775);
#8333=AXIS2_PLACEMENT_3D('',#13205,#10776,#10777);
#8334=AXIS2_PLACEMENT_3D('',#13207,#10778,#10779);
#8335=AXIS2_PLACEMENT_3D('',#13208,#10780,#10781);
#8336=AXIS2_PLACEMENT_3D('',#13209,#10782,#10783);
#8337=AXIS2_PLACEMENT_3D('',#13211,#10784,#10785);
#8338=AXIS2_PLACEMENT_3D('',#13212,#10786,#10787);
#8339=AXIS2_PLACEMENT_3D('',#13214,#10788,#10789);
#8340=AXIS2_PLACEMENT_3D('',#13216,#10791,#10792);
#8341=AXIS2_PLACEMENT_3D('',#13219,#10793,#10794);
#8342=AXIS2_PLACEMENT_3D('',#13220,#10795,#10796);
#8343=AXIS2_PLACEMENT_3D('',#13221,#10797,#10798);
#8344=AXIS2_PLACEMENT_3D('',#13222,#10799,#10800);
#8345=AXIS2_PLACEMENT_3D('',#13225,#10801,#10802);
#8346=AXIS2_PLACEMENT_3D('',#13227,#10804,#10805);
#8347=AXIS2_PLACEMENT_3D('',#13228,#10806,#10807);
#8348=AXIS2_PLACEMENT_3D('',#13230,#10808,#10809);
#8349=AXIS2_PLACEMENT_3D('',#13231,#10810,#10811);
#8350=AXIS2_PLACEMENT_3D('',#13232,#10812,#10813);
#8351=AXIS2_PLACEMENT_3D('',#13234,#10814,#10815);
#8352=AXIS2_PLACEMENT_3D('',#13235,#10816,#10817);
#8353=AXIS2_PLACEMENT_3D('',#13236,#10818,#10819);
#8354=AXIS2_PLACEMENT_3D('',#13237,#10820,#10821);
#8355=AXIS2_PLACEMENT_3D('',#13239,#10822,#10823);
#8356=AXIS2_PLACEMENT_3D('',#13241,#10824,#10825);
#8357=AXIS2_PLACEMENT_3D('',#13242,#10826,#10827);
#8358=AXIS2_PLACEMENT_3D('',#13243,#10828,#10829);
#8359=AXIS2_PLACEMENT_3D('',#13245,#10830,#10831);
#8360=AXIS2_PLACEMENT_3D('',#13246,#10832,#10833);
#8361=AXIS2_PLACEMENT_3D('',#13248,#10834,#10835);
#8362=AXIS2_PLACEMENT_3D('',#13250,#10837,#10838);
#8363=AXIS2_PLACEMENT_3D('',#13253,#10839,#10840);
#8364=AXIS2_PLACEMENT_3D('',#13254,#10841,#10842);
#8365=AXIS2_PLACEMENT_3D('',#13255,#10843,#10844);
#8366=AXIS2_PLACEMENT_3D('',#13256,#10845,#10846);
#8367=AXIS2_PLACEMENT_3D('',#13259,#10847,#10848);
#8368=AXIS2_PLACEMENT_3D('',#13261,#10850,#10851);
#8369=AXIS2_PLACEMENT_3D('',#13262,#10852,#10853);
#8370=AXIS2_PLACEMENT_3D('',#13264,#10854,#10855);
#8371=AXIS2_PLACEMENT_3D('',#13265,#10856,#10857);
#8372=AXIS2_PLACEMENT_3D('',#13266,#10858,#10859);
#8373=AXIS2_PLACEMENT_3D('',#13268,#10860,#10861);
#8374=AXIS2_PLACEMENT_3D('',#13269,#10862,#10863);
#8375=AXIS2_PLACEMENT_3D('',#13270,#10864,#10865);
#8376=AXIS2_PLACEMENT_3D('',#13271,#10866,#10867);
#8377=AXIS2_PLACEMENT_3D('',#13273,#10868,#10869);
#8378=AXIS2_PLACEMENT_3D('',#13275,#10870,#10871);
#8379=AXIS2_PLACEMENT_3D('',#13276,#10872,#10873);
#8380=AXIS2_PLACEMENT_3D('',#13277,#10874,#10875);
#8381=AXIS2_PLACEMENT_3D('',#13279,#10876,#10877);
#8382=AXIS2_PLACEMENT_3D('',#13280,#10878,#10879);
#8383=AXIS2_PLACEMENT_3D('',#13282,#10880,#10881);
#8384=AXIS2_PLACEMENT_3D('',#13284,#10883,#10884);
#8385=AXIS2_PLACEMENT_3D('',#13287,#10885,#10886);
#8386=AXIS2_PLACEMENT_3D('',#13288,#10887,#10888);
#8387=AXIS2_PLACEMENT_3D('',#13289,#10889,#10890);
#8388=AXIS2_PLACEMENT_3D('',#13290,#10891,#10892);
#8389=AXIS2_PLACEMENT_3D('',#13293,#10893,#10894);
#8390=AXIS2_PLACEMENT_3D('',#13295,#10896,#10897);
#8391=AXIS2_PLACEMENT_3D('',#13296,#10898,#10899);
#8392=AXIS2_PLACEMENT_3D('',#13298,#10900,#10901);
#8393=AXIS2_PLACEMENT_3D('',#13299,#10902,#10903);
#8394=AXIS2_PLACEMENT_3D('',#13300,#10904,#10905);
#8395=AXIS2_PLACEMENT_3D('',#13302,#10906,#10907);
#8396=AXIS2_PLACEMENT_3D('',#13303,#10908,#10909);
#8397=AXIS2_PLACEMENT_3D('',#13304,#10910,#10911);
#8398=AXIS2_PLACEMENT_3D('',#13305,#10912,#10913);
#8399=AXIS2_PLACEMENT_3D('',#13307,#10914,#10915);
#8400=AXIS2_PLACEMENT_3D('',#13309,#10916,#10917);
#8401=AXIS2_PLACEMENT_3D('',#13310,#10918,#10919);
#8402=AXIS2_PLACEMENT_3D('',#13311,#10920,#10921);
#8403=AXIS2_PLACEMENT_3D('',#13313,#10922,#10923);
#8404=AXIS2_PLACEMENT_3D('',#13314,#10924,#10925);
#8405=AXIS2_PLACEMENT_3D('',#13316,#10926,#10927);
#8406=AXIS2_PLACEMENT_3D('',#13318,#10929,#10930);
#8407=AXIS2_PLACEMENT_3D('',#13321,#10931,#10932);
#8408=AXIS2_PLACEMENT_3D('',#13322,#10933,#10934);
#8409=AXIS2_PLACEMENT_3D('',#13323,#10935,#10936);
#8410=AXIS2_PLACEMENT_3D('',#13324,#10937,#10938);
#8411=AXIS2_PLACEMENT_3D('',#13327,#10939,#10940);
#8412=AXIS2_PLACEMENT_3D('',#13329,#10942,#10943);
#8413=AXIS2_PLACEMENT_3D('',#13330,#10944,#10945);
#8414=AXIS2_PLACEMENT_3D('',#13332,#10946,#10947);
#8415=AXIS2_PLACEMENT_3D('',#13333,#10948,#10949);
#8416=AXIS2_PLACEMENT_3D('',#13334,#10950,#10951);
#8417=AXIS2_PLACEMENT_3D('',#13336,#10952,#10953);
#8418=AXIS2_PLACEMENT_3D('',#13337,#10954,#10955);
#8419=AXIS2_PLACEMENT_3D('',#13338,#10956,#10957);
#8420=AXIS2_PLACEMENT_3D('',#13339,#10958,#10959);
#8421=AXIS2_PLACEMENT_3D('',#13341,#10960,#10961);
#8422=AXIS2_PLACEMENT_3D('',#13343,#10962,#10963);
#8423=AXIS2_PLACEMENT_3D('',#13344,#10964,#10965);
#8424=AXIS2_PLACEMENT_3D('',#13345,#10966,#10967);
#8425=AXIS2_PLACEMENT_3D('',#13347,#10968,#10969);
#8426=AXIS2_PLACEMENT_3D('',#13348,#10970,#10971);
#8427=AXIS2_PLACEMENT_3D('',#13350,#10972,#10973);
#8428=AXIS2_PLACEMENT_3D('',#13352,#10975,#10976);
#8429=AXIS2_PLACEMENT_3D('',#13355,#10977,#10978);
#8430=AXIS2_PLACEMENT_3D('',#13356,#10979,#10980);
#8431=AXIS2_PLACEMENT_3D('',#13357,#10981,#10982);
#8432=AXIS2_PLACEMENT_3D('',#13358,#10983,#10984);
#8433=AXIS2_PLACEMENT_3D('',#13361,#10985,#10986);
#8434=AXIS2_PLACEMENT_3D('',#13363,#10988,#10989);
#8435=AXIS2_PLACEMENT_3D('',#13364,#10990,#10991);
#8436=AXIS2_PLACEMENT_3D('',#13366,#10992,#10993);
#8437=AXIS2_PLACEMENT_3D('',#13367,#10994,#10995);
#8438=AXIS2_PLACEMENT_3D('',#13368,#10996,#10997);
#8439=AXIS2_PLACEMENT_3D('',#13370,#10998,#10999);
#8440=AXIS2_PLACEMENT_3D('',#13371,#11000,#11001);
#8441=AXIS2_PLACEMENT_3D('',#13372,#11002,#11003);
#8442=AXIS2_PLACEMENT_3D('',#13373,#11004,#11005);
#8443=AXIS2_PLACEMENT_3D('',#13375,#11006,#11007);
#8444=AXIS2_PLACEMENT_3D('',#13377,#11008,#11009);
#8445=AXIS2_PLACEMENT_3D('',#13378,#11010,#11011);
#8446=AXIS2_PLACEMENT_3D('',#13379,#11012,#11013);
#8447=AXIS2_PLACEMENT_3D('',#13381,#11014,#11015);
#8448=AXIS2_PLACEMENT_3D('',#13382,#11016,#11017);
#8449=AXIS2_PLACEMENT_3D('',#13384,#11018,#11019);
#8450=AXIS2_PLACEMENT_3D('',#13386,#11021,#11022);
#8451=AXIS2_PLACEMENT_3D('',#13389,#11023,#11024);
#8452=AXIS2_PLACEMENT_3D('',#13390,#11025,#11026);
#8453=AXIS2_PLACEMENT_3D('',#13391,#11027,#11028);
#8454=AXIS2_PLACEMENT_3D('',#13392,#11029,#11030);
#8455=AXIS2_PLACEMENT_3D('',#13395,#11031,#11032);
#8456=AXIS2_PLACEMENT_3D('',#13397,#11034,#11035);
#8457=AXIS2_PLACEMENT_3D('',#13398,#11036,#11037);
#8458=AXIS2_PLACEMENT_3D('',#13400,#11038,#11039);
#8459=AXIS2_PLACEMENT_3D('',#13401,#11040,#11041);
#8460=AXIS2_PLACEMENT_3D('',#13402,#11042,#11043);
#8461=AXIS2_PLACEMENT_3D('',#13404,#11044,#11045);
#8462=AXIS2_PLACEMENT_3D('',#13405,#11046,#11047);
#8463=AXIS2_PLACEMENT_3D('',#13406,#11048,#11049);
#8464=AXIS2_PLACEMENT_3D('',#13407,#11050,#11051);
#8465=AXIS2_PLACEMENT_3D('',#13409,#11052,#11053);
#8466=AXIS2_PLACEMENT_3D('',#13411,#11054,#11055);
#8467=AXIS2_PLACEMENT_3D('',#13412,#11056,#11057);
#8468=AXIS2_PLACEMENT_3D('',#13413,#11058,#11059);
#8469=AXIS2_PLACEMENT_3D('',#13415,#11060,#11061);
#8470=AXIS2_PLACEMENT_3D('',#13416,#11062,#11063);
#8471=AXIS2_PLACEMENT_3D('',#13418,#11064,#11065);
#8472=AXIS2_PLACEMENT_3D('',#13420,#11067,#11068);
#8473=AXIS2_PLACEMENT_3D('',#13423,#11069,#11070);
#8474=AXIS2_PLACEMENT_3D('',#13424,#11071,#11072);
#8475=AXIS2_PLACEMENT_3D('',#13425,#11073,#11074);
#8476=AXIS2_PLACEMENT_3D('',#13426,#11075,#11076);
#8477=AXIS2_PLACEMENT_3D('',#13429,#11077,#11078);
#8478=AXIS2_PLACEMENT_3D('',#13431,#11080,#11081);
#8479=AXIS2_PLACEMENT_3D('',#13432,#11082,#11083);
#8480=AXIS2_PLACEMENT_3D('',#13434,#11084,#11085);
#8481=AXIS2_PLACEMENT_3D('',#13435,#11086,#11087);
#8482=AXIS2_PLACEMENT_3D('',#13436,#11088,#11089);
#8483=AXIS2_PLACEMENT_3D('',#13438,#11090,#11091);
#8484=AXIS2_PLACEMENT_3D('',#13439,#11092,#11093);
#8485=AXIS2_PLACEMENT_3D('',#13440,#11094,#11095);
#8486=AXIS2_PLACEMENT_3D('',#13441,#11096,#11097);
#8487=AXIS2_PLACEMENT_3D('',#13443,#11098,#11099);
#8488=AXIS2_PLACEMENT_3D('',#13445,#11100,#11101);
#8489=AXIS2_PLACEMENT_3D('',#13446,#11102,#11103);
#8490=AXIS2_PLACEMENT_3D('',#13447,#11104,#11105);
#8491=AXIS2_PLACEMENT_3D('',#13449,#11106,#11107);
#8492=AXIS2_PLACEMENT_3D('',#13450,#11108,#11109);
#8493=AXIS2_PLACEMENT_3D('',#13452,#11110,#11111);
#8494=AXIS2_PLACEMENT_3D('',#13454,#11113,#11114);
#8495=AXIS2_PLACEMENT_3D('',#13457,#11115,#11116);
#8496=AXIS2_PLACEMENT_3D('',#13458,#11117,#11118);
#8497=AXIS2_PLACEMENT_3D('',#13459,#11119,#11120);
#8498=AXIS2_PLACEMENT_3D('',#13460,#11121,#11122);
#8499=AXIS2_PLACEMENT_3D('',#13463,#11123,#11124);
#8500=AXIS2_PLACEMENT_3D('',#13465,#11126,#11127);
#8501=AXIS2_PLACEMENT_3D('',#13466,#11128,#11129);
#8502=AXIS2_PLACEMENT_3D('',#13468,#11130,#11131);
#8503=AXIS2_PLACEMENT_3D('',#13469,#11132,#11133);
#8504=AXIS2_PLACEMENT_3D('',#13470,#11134,#11135);
#8505=AXIS2_PLACEMENT_3D('',#13472,#11136,#11137);
#8506=AXIS2_PLACEMENT_3D('',#13473,#11138,#11139);
#8507=AXIS2_PLACEMENT_3D('',#13474,#11140,#11141);
#8508=AXIS2_PLACEMENT_3D('',#13475,#11142,#11143);
#8509=AXIS2_PLACEMENT_3D('',#13477,#11144,#11145);
#8510=AXIS2_PLACEMENT_3D('',#13479,#11146,#11147);
#8511=AXIS2_PLACEMENT_3D('',#13480,#11148,#11149);
#8512=AXIS2_PLACEMENT_3D('',#13481,#11150,#11151);
#8513=AXIS2_PLACEMENT_3D('',#13483,#11152,#11153);
#8514=AXIS2_PLACEMENT_3D('',#13484,#11154,#11155);
#8515=AXIS2_PLACEMENT_3D('',#13486,#11156,#11157);
#8516=AXIS2_PLACEMENT_3D('',#13488,#11159,#11160);
#8517=AXIS2_PLACEMENT_3D('',#13491,#11161,#11162);
#8518=AXIS2_PLACEMENT_3D('',#13492,#11163,#11164);
#8519=AXIS2_PLACEMENT_3D('',#13493,#11165,#11166);
#8520=AXIS2_PLACEMENT_3D('',#13494,#11167,#11168);
#8521=AXIS2_PLACEMENT_3D('',#13497,#11169,#11170);
#8522=AXIS2_PLACEMENT_3D('',#13499,#11172,#11173);
#8523=AXIS2_PLACEMENT_3D('',#13500,#11174,#11175);
#8524=AXIS2_PLACEMENT_3D('',#13502,#11176,#11177);
#8525=AXIS2_PLACEMENT_3D('',#13503,#11178,#11179);
#8526=AXIS2_PLACEMENT_3D('',#13504,#11180,#11181);
#8527=AXIS2_PLACEMENT_3D('',#13506,#11182,#11183);
#8528=AXIS2_PLACEMENT_3D('',#13507,#11184,#11185);
#8529=AXIS2_PLACEMENT_3D('',#13508,#11186,#11187);
#8530=AXIS2_PLACEMENT_3D('',#13509,#11188,#11189);
#8531=AXIS2_PLACEMENT_3D('',#13511,#11190,#11191);
#8532=AXIS2_PLACEMENT_3D('',#13513,#11192,#11193);
#8533=AXIS2_PLACEMENT_3D('',#13514,#11194,#11195);
#8534=AXIS2_PLACEMENT_3D('',#13515,#11196,#11197);
#8535=AXIS2_PLACEMENT_3D('',#13517,#11198,#11199);
#8536=AXIS2_PLACEMENT_3D('',#13518,#11200,#11201);
#8537=AXIS2_PLACEMENT_3D('',#13520,#11202,#11203);
#8538=AXIS2_PLACEMENT_3D('',#13522,#11205,#11206);
#8539=AXIS2_PLACEMENT_3D('',#13525,#11207,#11208);
#8540=AXIS2_PLACEMENT_3D('',#13526,#11209,#11210);
#8541=AXIS2_PLACEMENT_3D('',#13527,#11211,#11212);
#8542=AXIS2_PLACEMENT_3D('',#13528,#11213,#11214);
#8543=AXIS2_PLACEMENT_3D('',#13531,#11215,#11216);
#8544=AXIS2_PLACEMENT_3D('',#13533,#11218,#11219);
#8545=AXIS2_PLACEMENT_3D('',#13534,#11220,#11221);
#8546=AXIS2_PLACEMENT_3D('',#13536,#11222,#11223);
#8547=AXIS2_PLACEMENT_3D('',#13537,#11224,#11225);
#8548=AXIS2_PLACEMENT_3D('',#13538,#11226,#11227);
#8549=AXIS2_PLACEMENT_3D('',#13540,#11228,#11229);
#8550=AXIS2_PLACEMENT_3D('',#13541,#11230,#11231);
#8551=AXIS2_PLACEMENT_3D('',#13542,#11232,#11233);
#8552=AXIS2_PLACEMENT_3D('',#13543,#11234,#11235);
#8553=AXIS2_PLACEMENT_3D('',#13545,#11236,#11237);
#8554=AXIS2_PLACEMENT_3D('',#13547,#11238,#11239);
#8555=AXIS2_PLACEMENT_3D('',#13548,#11240,#11241);
#8556=AXIS2_PLACEMENT_3D('',#13549,#11242,#11243);
#8557=AXIS2_PLACEMENT_3D('',#13551,#11244,#11245);
#8558=AXIS2_PLACEMENT_3D('',#13552,#11246,#11247);
#8559=AXIS2_PLACEMENT_3D('',#13554,#11248,#11249);
#8560=AXIS2_PLACEMENT_3D('',#13556,#11251,#11252);
#8561=AXIS2_PLACEMENT_3D('',#13559,#11253,#11254);
#8562=AXIS2_PLACEMENT_3D('',#13560,#11255,#11256);
#8563=AXIS2_PLACEMENT_3D('',#13561,#11257,#11258);
#8564=AXIS2_PLACEMENT_3D('',#13562,#11259,#11260);
#8565=AXIS2_PLACEMENT_3D('',#13565,#11261,#11262);
#8566=AXIS2_PLACEMENT_3D('',#13567,#11264,#11265);
#8567=AXIS2_PLACEMENT_3D('',#13568,#11266,#11267);
#8568=AXIS2_PLACEMENT_3D('',#13570,#11268,#11269);
#8569=AXIS2_PLACEMENT_3D('',#13571,#11270,#11271);
#8570=AXIS2_PLACEMENT_3D('',#13572,#11272,#11273);
#8571=AXIS2_PLACEMENT_3D('',#13574,#11274,#11275);
#8572=AXIS2_PLACEMENT_3D('',#13575,#11276,#11277);
#8573=AXIS2_PLACEMENT_3D('',#13576,#11278,#11279);
#8574=AXIS2_PLACEMENT_3D('',#13577,#11280,#11281);
#8575=AXIS2_PLACEMENT_3D('',#13579,#11282,#11283);
#8576=AXIS2_PLACEMENT_3D('',#13581,#11284,#11285);
#8577=AXIS2_PLACEMENT_3D('',#13582,#11286,#11287);
#8578=AXIS2_PLACEMENT_3D('',#13583,#11288,#11289);
#8579=AXIS2_PLACEMENT_3D('',#13585,#11290,#11291);
#8580=AXIS2_PLACEMENT_3D('',#13586,#11292,#11293);
#8581=AXIS2_PLACEMENT_3D('',#13588,#11294,#11295);
#8582=AXIS2_PLACEMENT_3D('',#13590,#11297,#11298);
#8583=AXIS2_PLACEMENT_3D('',#13593,#11299,#11300);
#8584=AXIS2_PLACEMENT_3D('',#13594,#11301,#11302);
#8585=AXIS2_PLACEMENT_3D('',#13595,#11303,#11304);
#8586=AXIS2_PLACEMENT_3D('',#13596,#11305,#11306);
#8587=AXIS2_PLACEMENT_3D('',#13599,#11307,#11308);
#8588=AXIS2_PLACEMENT_3D('',#13601,#11310,#11311);
#8589=AXIS2_PLACEMENT_3D('',#13602,#11312,#11313);
#8590=AXIS2_PLACEMENT_3D('',#13604,#11314,#11315);
#8591=AXIS2_PLACEMENT_3D('',#13605,#11316,#11317);
#8592=AXIS2_PLACEMENT_3D('',#13606,#11318,#11319);
#8593=AXIS2_PLACEMENT_3D('',#13608,#11320,#11321);
#8594=AXIS2_PLACEMENT_3D('',#13609,#11322,#11323);
#8595=AXIS2_PLACEMENT_3D('',#13610,#11324,#11325);
#8596=AXIS2_PLACEMENT_3D('',#13611,#11326,#11327);
#8597=AXIS2_PLACEMENT_3D('',#13613,#11328,#11329);
#8598=AXIS2_PLACEMENT_3D('',#13615,#11330,#11331);
#8599=AXIS2_PLACEMENT_3D('',#13616,#11332,#11333);
#8600=AXIS2_PLACEMENT_3D('',#13617,#11334,#11335);
#8601=AXIS2_PLACEMENT_3D('',#13619,#11336,#11337);
#8602=AXIS2_PLACEMENT_3D('',#13620,#11338,#11339);
#8603=AXIS2_PLACEMENT_3D('',#13622,#11340,#11341);
#8604=AXIS2_PLACEMENT_3D('',#13624,#11343,#11344);
#8605=AXIS2_PLACEMENT_3D('',#13627,#11345,#11346);
#8606=AXIS2_PLACEMENT_3D('',#13628,#11347,#11348);
#8607=AXIS2_PLACEMENT_3D('',#13629,#11349,#11350);
#8608=AXIS2_PLACEMENT_3D('',#13630,#11351,#11352);
#8609=AXIS2_PLACEMENT_3D('',#13633,#11353,#11354);
#8610=AXIS2_PLACEMENT_3D('',#13635,#11356,#11357);
#8611=AXIS2_PLACEMENT_3D('',#13636,#11358,#11359);
#8612=AXIS2_PLACEMENT_3D('',#13638,#11360,#11361);
#8613=AXIS2_PLACEMENT_3D('',#13639,#11362,#11363);
#8614=AXIS2_PLACEMENT_3D('',#13640,#11364,#11365);
#8615=AXIS2_PLACEMENT_3D('',#13642,#11366,#11367);
#8616=AXIS2_PLACEMENT_3D('',#13643,#11368,#11369);
#8617=AXIS2_PLACEMENT_3D('',#13644,#11370,#11371);
#8618=AXIS2_PLACEMENT_3D('',#13645,#11372,#11373);
#8619=AXIS2_PLACEMENT_3D('',#13647,#11374,#11375);
#8620=AXIS2_PLACEMENT_3D('',#13649,#11376,#11377);
#8621=AXIS2_PLACEMENT_3D('',#13650,#11378,#11379);
#8622=AXIS2_PLACEMENT_3D('',#13651,#11380,#11381);
#8623=AXIS2_PLACEMENT_3D('',#13653,#11382,#11383);
#8624=AXIS2_PLACEMENT_3D('',#13654,#11384,#11385);
#8625=AXIS2_PLACEMENT_3D('',#13656,#11386,#11387);
#8626=AXIS2_PLACEMENT_3D('',#13658,#11389,#11390);
#8627=AXIS2_PLACEMENT_3D('',#13661,#11391,#11392);
#8628=AXIS2_PLACEMENT_3D('',#13662,#11393,#11394);
#8629=AXIS2_PLACEMENT_3D('',#13663,#11395,#11396);
#8630=AXIS2_PLACEMENT_3D('',#13664,#11397,#11398);
#8631=AXIS2_PLACEMENT_3D('',#13667,#11399,#11400);
#8632=AXIS2_PLACEMENT_3D('',#13669,#11402,#11403);
#8633=AXIS2_PLACEMENT_3D('',#13670,#11404,#11405);
#8634=AXIS2_PLACEMENT_3D('',#13672,#11406,#11407);
#8635=AXIS2_PLACEMENT_3D('',#13673,#11408,#11409);
#8636=AXIS2_PLACEMENT_3D('',#13674,#11410,#11411);
#8637=AXIS2_PLACEMENT_3D('',#13676,#11412,#11413);
#8638=AXIS2_PLACEMENT_3D('',#13677,#11414,#11415);
#8639=AXIS2_PLACEMENT_3D('',#13678,#11416,#11417);
#8640=AXIS2_PLACEMENT_3D('',#13679,#11418,#11419);
#8641=AXIS2_PLACEMENT_3D('',#13681,#11420,#11421);
#8642=AXIS2_PLACEMENT_3D('',#13683,#11422,#11423);
#8643=AXIS2_PLACEMENT_3D('',#13684,#11424,#11425);
#8644=AXIS2_PLACEMENT_3D('',#13685,#11426,#11427);
#8645=AXIS2_PLACEMENT_3D('',#13687,#11428,#11429);
#8646=AXIS2_PLACEMENT_3D('',#13688,#11430,#11431);
#8647=AXIS2_PLACEMENT_3D('',#13690,#11432,#11433);
#8648=AXIS2_PLACEMENT_3D('',#13692,#11435,#11436);
#8649=AXIS2_PLACEMENT_3D('',#13695,#11437,#11438);
#8650=AXIS2_PLACEMENT_3D('',#13696,#11439,#11440);
#8651=AXIS2_PLACEMENT_3D('',#13697,#11441,#11442);
#8652=AXIS2_PLACEMENT_3D('',#13698,#11443,#11444);
#8653=AXIS2_PLACEMENT_3D('',#13701,#11445,#11446);
#8654=AXIS2_PLACEMENT_3D('',#13703,#11448,#11449);
#8655=AXIS2_PLACEMENT_3D('',#13704,#11450,#11451);
#8656=AXIS2_PLACEMENT_3D('',#13706,#11452,#11453);
#8657=AXIS2_PLACEMENT_3D('',#13707,#11454,#11455);
#8658=AXIS2_PLACEMENT_3D('',#13708,#11456,#11457);
#8659=AXIS2_PLACEMENT_3D('',#13710,#11458,#11459);
#8660=AXIS2_PLACEMENT_3D('',#13711,#11460,#11461);
#8661=AXIS2_PLACEMENT_3D('',#13712,#11462,#11463);
#8662=AXIS2_PLACEMENT_3D('',#13713,#11464,#11465);
#8663=AXIS2_PLACEMENT_3D('',#13715,#11466,#11467);
#8664=AXIS2_PLACEMENT_3D('',#13717,#11468,#11469);
#8665=AXIS2_PLACEMENT_3D('',#13718,#11470,#11471);
#8666=AXIS2_PLACEMENT_3D('',#13719,#11472,#11473);
#8667=AXIS2_PLACEMENT_3D('',#13721,#11474,#11475);
#8668=AXIS2_PLACEMENT_3D('',#13722,#11476,#11477);
#8669=AXIS2_PLACEMENT_3D('',#13724,#11478,#11479);
#8670=AXIS2_PLACEMENT_3D('',#13726,#11481,#11482);
#8671=AXIS2_PLACEMENT_3D('',#13729,#11483,#11484);
#8672=AXIS2_PLACEMENT_3D('',#13730,#11485,#11486);
#8673=AXIS2_PLACEMENT_3D('',#13731,#11487,#11488);
#8674=AXIS2_PLACEMENT_3D('',#13732,#11489,#11490);
#8675=AXIS2_PLACEMENT_3D('',#13735,#11491,#11492);
#8676=AXIS2_PLACEMENT_3D('',#13737,#11494,#11495);
#8677=AXIS2_PLACEMENT_3D('',#13738,#11496,#11497);
#8678=AXIS2_PLACEMENT_3D('',#13740,#11498,#11499);
#8679=AXIS2_PLACEMENT_3D('',#13741,#11500,#11501);
#8680=AXIS2_PLACEMENT_3D('',#13742,#11502,#11503);
#8681=AXIS2_PLACEMENT_3D('',#13744,#11504,#11505);
#8682=AXIS2_PLACEMENT_3D('',#13745,#11506,#11507);
#8683=AXIS2_PLACEMENT_3D('',#13746,#11508,#11509);
#8684=AXIS2_PLACEMENT_3D('',#13747,#11510,#11511);
#8685=AXIS2_PLACEMENT_3D('',#13749,#11512,#11513);
#8686=AXIS2_PLACEMENT_3D('',#13751,#11514,#11515);
#8687=AXIS2_PLACEMENT_3D('',#13752,#11516,#11517);
#8688=AXIS2_PLACEMENT_3D('',#13753,#11518,#11519);
#8689=AXIS2_PLACEMENT_3D('',#13755,#11520,#11521);
#8690=AXIS2_PLACEMENT_3D('',#13756,#11522,#11523);
#8691=AXIS2_PLACEMENT_3D('',#13758,#11524,#11525);
#8692=AXIS2_PLACEMENT_3D('',#13760,#11527,#11528);
#8693=AXIS2_PLACEMENT_3D('',#13763,#11529,#11530);
#8694=AXIS2_PLACEMENT_3D('',#13764,#11531,#11532);
#8695=AXIS2_PLACEMENT_3D('',#13765,#11533,#11534);
#8696=AXIS2_PLACEMENT_3D('',#13766,#11535,#11536);
#8697=AXIS2_PLACEMENT_3D('',#13769,#11537,#11538);
#8698=AXIS2_PLACEMENT_3D('',#13771,#11540,#11541);
#8699=AXIS2_PLACEMENT_3D('',#13772,#11542,#11543);
#8700=AXIS2_PLACEMENT_3D('',#13774,#11544,#11545);
#8701=AXIS2_PLACEMENT_3D('',#13775,#11546,#11547);
#8702=AXIS2_PLACEMENT_3D('',#13776,#11548,#11549);
#8703=AXIS2_PLACEMENT_3D('',#13778,#11550,#11551);
#8704=AXIS2_PLACEMENT_3D('',#13779,#11552,#11553);
#8705=AXIS2_PLACEMENT_3D('',#13780,#11554,#11555);
#8706=AXIS2_PLACEMENT_3D('',#13781,#11556,#11557);
#8707=AXIS2_PLACEMENT_3D('',#13783,#11558,#11559);
#8708=AXIS2_PLACEMENT_3D('',#13785,#11560,#11561);
#8709=AXIS2_PLACEMENT_3D('',#13786,#11562,#11563);
#8710=AXIS2_PLACEMENT_3D('',#13787,#11564,#11565);
#8711=AXIS2_PLACEMENT_3D('',#13789,#11566,#11567);
#8712=AXIS2_PLACEMENT_3D('',#13790,#11568,#11569);
#8713=AXIS2_PLACEMENT_3D('',#13792,#11570,#11571);
#8714=AXIS2_PLACEMENT_3D('',#13794,#11573,#11574);
#8715=AXIS2_PLACEMENT_3D('',#13797,#11575,#11576);
#8716=AXIS2_PLACEMENT_3D('',#13798,#11577,#11578);
#8717=AXIS2_PLACEMENT_3D('',#13799,#11579,#11580);
#8718=AXIS2_PLACEMENT_3D('',#13800,#11581,#11582);
#8719=AXIS2_PLACEMENT_3D('',#13803,#11583,#11584);
#8720=AXIS2_PLACEMENT_3D('',#13805,#11586,#11587);
#8721=AXIS2_PLACEMENT_3D('',#13806,#11588,#11589);
#8722=AXIS2_PLACEMENT_3D('',#13808,#11590,#11591);
#8723=AXIS2_PLACEMENT_3D('',#13809,#11592,#11593);
#8724=AXIS2_PLACEMENT_3D('',#13810,#11594,#11595);
#8725=AXIS2_PLACEMENT_3D('',#13812,#11596,#11597);
#8726=AXIS2_PLACEMENT_3D('',#13813,#11598,#11599);
#8727=AXIS2_PLACEMENT_3D('',#13814,#11600,#11601);
#8728=AXIS2_PLACEMENT_3D('',#13815,#11602,#11603);
#8729=AXIS2_PLACEMENT_3D('',#13817,#11604,#11605);
#8730=AXIS2_PLACEMENT_3D('',#13819,#11606,#11607);
#8731=AXIS2_PLACEMENT_3D('',#13820,#11608,#11609);
#8732=AXIS2_PLACEMENT_3D('',#13821,#11610,#11611);
#8733=AXIS2_PLACEMENT_3D('',#13823,#11612,#11613);
#8734=AXIS2_PLACEMENT_3D('',#13824,#11614,#11615);
#8735=AXIS2_PLACEMENT_3D('',#13826,#11616,#11617);
#8736=AXIS2_PLACEMENT_3D('',#13828,#11619,#11620);
#8737=AXIS2_PLACEMENT_3D('',#13831,#11621,#11622);
#8738=AXIS2_PLACEMENT_3D('',#13832,#11623,#11624);
#8739=AXIS2_PLACEMENT_3D('',#13833,#11625,#11626);
#8740=AXIS2_PLACEMENT_3D('',#13834,#11627,#11628);
#8741=AXIS2_PLACEMENT_3D('',#13837,#11629,#11630);
#8742=AXIS2_PLACEMENT_3D('',#13839,#11632,#11633);
#8743=AXIS2_PLACEMENT_3D('',#13840,#11634,#11635);
#8744=AXIS2_PLACEMENT_3D('',#13842,#11636,#11637);
#8745=AXIS2_PLACEMENT_3D('',#13843,#11638,#11639);
#8746=AXIS2_PLACEMENT_3D('',#13844,#11640,#11641);
#8747=AXIS2_PLACEMENT_3D('',#13846,#11642,#11643);
#8748=AXIS2_PLACEMENT_3D('',#13847,#11644,#11645);
#8749=AXIS2_PLACEMENT_3D('',#13848,#11646,#11647);
#8750=AXIS2_PLACEMENT_3D('',#13849,#11648,#11649);
#8751=AXIS2_PLACEMENT_3D('',#13851,#11650,#11651);
#8752=AXIS2_PLACEMENT_3D('',#13853,#11652,#11653);
#8753=AXIS2_PLACEMENT_3D('',#13854,#11654,#11655);
#8754=AXIS2_PLACEMENT_3D('',#13855,#11656,#11657);
#8755=AXIS2_PLACEMENT_3D('',#13857,#11658,#11659);
#8756=AXIS2_PLACEMENT_3D('',#13858,#11660,#11661);
#8757=AXIS2_PLACEMENT_3D('',#13860,#11662,#11663);
#8758=AXIS2_PLACEMENT_3D('',#13862,#11665,#11666);
#8759=AXIS2_PLACEMENT_3D('',#13865,#11667,#11668);
#8760=AXIS2_PLACEMENT_3D('',#13866,#11669,#11670);
#8761=AXIS2_PLACEMENT_3D('',#13867,#11671,#11672);
#8762=AXIS2_PLACEMENT_3D('',#13868,#11673,#11674);
#8763=AXIS2_PLACEMENT_3D('',#13871,#11675,#11676);
#8764=AXIS2_PLACEMENT_3D('',#13873,#11678,#11679);
#8765=AXIS2_PLACEMENT_3D('',#13874,#11680,#11681);
#8766=AXIS2_PLACEMENT_3D('',#13876,#11682,#11683);
#8767=AXIS2_PLACEMENT_3D('',#13877,#11684,#11685);
#8768=AXIS2_PLACEMENT_3D('',#13878,#11686,#11687);
#8769=AXIS2_PLACEMENT_3D('',#13880,#11688,#11689);
#8770=AXIS2_PLACEMENT_3D('',#13881,#11690,#11691);
#8771=AXIS2_PLACEMENT_3D('',#13882,#11692,#11693);
#8772=AXIS2_PLACEMENT_3D('',#13883,#11694,#11695);
#8773=AXIS2_PLACEMENT_3D('',#13885,#11696,#11697);
#8774=AXIS2_PLACEMENT_3D('',#13887,#11698,#11699);
#8775=AXIS2_PLACEMENT_3D('',#13888,#11700,#11701);
#8776=AXIS2_PLACEMENT_3D('',#13889,#11702,#11703);
#8777=AXIS2_PLACEMENT_3D('',#13891,#11704,#11705);
#8778=AXIS2_PLACEMENT_3D('',#13892,#11706,#11707);
#8779=AXIS2_PLACEMENT_3D('',#13894,#11708,#11709);
#8780=AXIS2_PLACEMENT_3D('',#13896,#11711,#11712);
#8781=AXIS2_PLACEMENT_3D('',#13899,#11713,#11714);
#8782=AXIS2_PLACEMENT_3D('',#13900,#11715,#11716);
#8783=AXIS2_PLACEMENT_3D('',#13901,#11717,#11718);
#8784=AXIS2_PLACEMENT_3D('',#13902,#11719,#11720);
#8785=AXIS2_PLACEMENT_3D('',#13905,#11721,#11722);
#8786=AXIS2_PLACEMENT_3D('',#13907,#11724,#11725);
#8787=AXIS2_PLACEMENT_3D('',#13908,#11726,#11727);
#8788=AXIS2_PLACEMENT_3D('',#13910,#11728,#11729);
#8789=AXIS2_PLACEMENT_3D('',#13911,#11730,#11731);
#8790=AXIS2_PLACEMENT_3D('',#13912,#11732,#11733);
#8791=AXIS2_PLACEMENT_3D('',#13914,#11734,#11735);
#8792=AXIS2_PLACEMENT_3D('',#13915,#11736,#11737);
#8793=AXIS2_PLACEMENT_3D('',#13916,#11738,#11739);
#8794=DIRECTION('axis',(0.,0.,1.));
#8795=DIRECTION('refdir',(1.,0.,0.));
#8796=DIRECTION('center_axis',(0.,0.,1.));
#8797=DIRECTION('ref_axis',(1.,0.,0.));
#8798=DIRECTION('center_axis',(0.,0.,-1.));
#8799=DIRECTION('ref_axis',(1.,0.,0.));
#8800=DIRECTION('center_axis',(0.,-1.,0.));
#8801=DIRECTION('ref_axis',(-1.,0.,0.));
#8802=DIRECTION('center_axis',(0.,0.,1.));
#8803=DIRECTION('ref_axis',(1.,0.,0.));
#8804=DIRECTION('center_axis',(0.,0.,1.));
#8805=DIRECTION('ref_axis',(1.,0.,0.));
#8806=DIRECTION('center_axis',(0.,0.,-1.));
#8807=DIRECTION('ref_axis',(1.,0.,0.));
#8808=DIRECTION('center_axis',(0.,0.,1.));
#8809=DIRECTION('ref_axis',(1.,0.,0.));
#8810=DIRECTION('center_axis',(0.,0.,1.));
#8811=DIRECTION('ref_axis',(1.,0.,0.));
#8812=DIRECTION('',(0.,0.,-1.));
#8813=DIRECTION('center_axis',(0.,0.,-1.));
#8814=DIRECTION('ref_axis',(-1.,0.,0.));
#8815=DIRECTION('center_axis',(0.,0.,1.));
#8816=DIRECTION('ref_axis',(1.,0.,0.));
#8817=DIRECTION('center_axis',(0.,-1.,0.));
#8818=DIRECTION('ref_axis',(1.,0.,0.));
#8819=DIRECTION('center_axis',(0.,0.,1.));
#8820=DIRECTION('ref_axis',(1.,0.,0.));
#8821=DIRECTION('center_axis',(0.,0.,1.));
#8822=DIRECTION('ref_axis',(1.,0.,0.));
#8823=DIRECTION('center_axis',(0.,0.,-1.));
#8824=DIRECTION('ref_axis',(1.,0.,0.));
#8825=DIRECTION('',(0.,0.,-1.));
#8826=DIRECTION('center_axis',(0.,0.,-1.));
#8827=DIRECTION('ref_axis',(1.,0.,0.));
#8828=DIRECTION('center_axis',(0.,0.,1.));
#8829=DIRECTION('ref_axis',(1.,0.,0.));
#8830=DIRECTION('center_axis',(0.,0.,-1.));
#8831=DIRECTION('ref_axis',(1.,0.,0.));
#8832=DIRECTION('center_axis',(0.,-1.,0.));
#8833=DIRECTION('ref_axis',(-1.,0.,0.));
#8834=DIRECTION('center_axis',(0.,0.,1.));
#8835=DIRECTION('ref_axis',(1.,0.,0.));
#8836=DIRECTION('center_axis',(0.,0.,1.));
#8837=DIRECTION('ref_axis',(1.,0.,0.));
#8838=DIRECTION('center_axis',(0.,0.,-1.));
#8839=DIRECTION('ref_axis',(-1.,0.,0.));
#8840=DIRECTION('center_axis',(0.,-1.,0.));
#8841=DIRECTION('ref_axis',(1.,0.,0.));
#8842=DIRECTION('center_axis',(0.,0.,1.));
#8843=DIRECTION('ref_axis',(1.,0.,0.));
#8844=DIRECTION('center_axis',(0.,0.,-1.));
#8845=DIRECTION('ref_axis',(1.,0.,0.));
#8846=DIRECTION('center_axis',(0.,-1.,0.));
#8847=DIRECTION('ref_axis',(-1.,0.,0.));
#8848=DIRECTION('center_axis',(0.,0.,1.));
#8849=DIRECTION('ref_axis',(1.,0.,0.));
#8850=DIRECTION('center_axis',(0.,0.,1.));
#8851=DIRECTION('ref_axis',(1.,0.,0.));
#8852=DIRECTION('center_axis',(0.,0.,-1.));
#8853=DIRECTION('ref_axis',(1.,0.,0.));
#8854=DIRECTION('center_axis',(0.,0.,1.));
#8855=DIRECTION('ref_axis',(1.,0.,0.));
#8856=DIRECTION('center_axis',(0.,0.,1.));
#8857=DIRECTION('ref_axis',(1.,0.,0.));
#8858=DIRECTION('',(0.,0.,-1.));
#8859=DIRECTION('center_axis',(0.,0.,-1.));
#8860=DIRECTION('ref_axis',(-1.,0.,0.));
#8861=DIRECTION('center_axis',(0.,0.,1.));
#8862=DIRECTION('ref_axis',(1.,0.,0.));
#8863=DIRECTION('center_axis',(0.,-1.,0.));
#8864=DIRECTION('ref_axis',(1.,0.,0.));
#8865=DIRECTION('center_axis',(0.,0.,1.));
#8866=DIRECTION('ref_axis',(1.,0.,0.));
#8867=DIRECTION('center_axis',(0.,0.,1.));
#8868=DIRECTION('ref_axis',(1.,0.,0.));
#8869=DIRECTION('center_axis',(0.,0.,-1.));
#8870=DIRECTION('ref_axis',(1.,0.,0.));
#8871=DIRECTION('',(0.,0.,-1.));
#8872=DIRECTION('center_axis',(0.,0.,-1.));
#8873=DIRECTION('ref_axis',(1.,0.,0.));
#8874=DIRECTION('center_axis',(0.,0.,1.));
#8875=DIRECTION('ref_axis',(1.,0.,0.));
#8876=DIRECTION('center_axis',(0.,0.,-1.));
#8877=DIRECTION('ref_axis',(1.,0.,0.));
#8878=DIRECTION('center_axis',(0.,-1.,0.));
#8879=DIRECTION('ref_axis',(-1.,0.,0.));
#8880=DIRECTION('center_axis',(0.,0.,1.));
#8881=DIRECTION('ref_axis',(1.,0.,0.));
#8882=DIRECTION('center_axis',(0.,0.,1.));
#8883=DIRECTION('ref_axis',(1.,0.,0.));
#8884=DIRECTION('center_axis',(0.,0.,-1.));
#8885=DIRECTION('ref_axis',(-1.,0.,0.));
#8886=DIRECTION('center_axis',(0.,-1.,0.));
#8887=DIRECTION('ref_axis',(1.,0.,0.));
#8888=DIRECTION('center_axis',(0.,0.,1.));
#8889=DIRECTION('ref_axis',(1.,0.,0.));
#8890=DIRECTION('center_axis',(0.,0.,-1.));
#8891=DIRECTION('ref_axis',(1.,0.,0.));
#8892=DIRECTION('center_axis',(0.,-1.,0.));
#8893=DIRECTION('ref_axis',(-1.,0.,0.));
#8894=DIRECTION('center_axis',(0.,0.,1.));
#8895=DIRECTION('ref_axis',(1.,0.,0.));
#8896=DIRECTION('center_axis',(0.,0.,1.));
#8897=DIRECTION('ref_axis',(1.,0.,0.));
#8898=DIRECTION('center_axis',(0.,0.,-1.));
#8899=DIRECTION('ref_axis',(1.,0.,0.));
#8900=DIRECTION('center_axis',(0.,0.,1.));
#8901=DIRECTION('ref_axis',(1.,0.,0.));
#8902=DIRECTION('center_axis',(0.,0.,1.));
#8903=DIRECTION('ref_axis',(1.,0.,0.));
#8904=DIRECTION('',(0.,0.,-1.));
#8905=DIRECTION('center_axis',(0.,0.,-1.));
#8906=DIRECTION('ref_axis',(-1.,0.,0.));
#8907=DIRECTION('center_axis',(0.,0.,1.));
#8908=DIRECTION('ref_axis',(1.,0.,0.));
#8909=DIRECTION('center_axis',(0.,-1.,0.));
#8910=DIRECTION('ref_axis',(1.,0.,0.));
#8911=DIRECTION('center_axis',(0.,0.,1.));
#8912=DIRECTION('ref_axis',(1.,0.,0.));
#8913=DIRECTION('center_axis',(0.,0.,1.));
#8914=DIRECTION('ref_axis',(1.,0.,0.));
#8915=DIRECTION('center_axis',(0.,0.,-1.));
#8916=DIRECTION('ref_axis',(1.,0.,0.));
#8917=DIRECTION('',(0.,0.,-1.));
#8918=DIRECTION('center_axis',(0.,0.,-1.));
#8919=DIRECTION('ref_axis',(1.,0.,0.));
#8920=DIRECTION('center_axis',(0.,0.,1.));
#8921=DIRECTION('ref_axis',(1.,0.,0.));
#8922=DIRECTION('center_axis',(0.,0.,-1.));
#8923=DIRECTION('ref_axis',(1.,0.,0.));
#8924=DIRECTION('center_axis',(0.,-1.,0.));
#8925=DIRECTION('ref_axis',(-1.,0.,0.));
#8926=DIRECTION('center_axis',(0.,0.,1.));
#8927=DIRECTION('ref_axis',(1.,0.,0.));
#8928=DIRECTION('center_axis',(0.,0.,1.));
#8929=DIRECTION('ref_axis',(1.,0.,0.));
#8930=DIRECTION('center_axis',(0.,0.,-1.));
#8931=DIRECTION('ref_axis',(-1.,0.,0.));
#8932=DIRECTION('center_axis',(0.,-1.,0.));
#8933=DIRECTION('ref_axis',(1.,0.,0.));
#8934=DIRECTION('center_axis',(0.,0.,1.));
#8935=DIRECTION('ref_axis',(1.,0.,0.));
#8936=DIRECTION('center_axis',(0.,0.,-1.));
#8937=DIRECTION('ref_axis',(1.,0.,0.));
#8938=DIRECTION('center_axis',(0.,-1.,0.));
#8939=DIRECTION('ref_axis',(-1.,0.,0.));
#8940=DIRECTION('center_axis',(0.,0.,1.));
#8941=DIRECTION('ref_axis',(1.,0.,0.));
#8942=DIRECTION('center_axis',(0.,0.,1.));
#8943=DIRECTION('ref_axis',(1.,0.,0.));
#8944=DIRECTION('center_axis',(0.,0.,-1.));
#8945=DIRECTION('ref_axis',(1.,0.,0.));
#8946=DIRECTION('center_axis',(0.,0.,1.));
#8947=DIRECTION('ref_axis',(1.,0.,0.));
#8948=DIRECTION('center_axis',(0.,0.,1.));
#8949=DIRECTION('ref_axis',(1.,0.,0.));
#8950=DIRECTION('',(0.,0.,-1.));
#8951=DIRECTION('center_axis',(0.,0.,-1.));
#8952=DIRECTION('ref_axis',(-1.,0.,0.));
#8953=DIRECTION('center_axis',(0.,0.,1.));
#8954=DIRECTION('ref_axis',(1.,0.,0.));
#8955=DIRECTION('center_axis',(0.,-1.,0.));
#8956=DIRECTION('ref_axis',(1.,0.,0.));
#8957=DIRECTION('center_axis',(0.,0.,1.));
#8958=DIRECTION('ref_axis',(1.,0.,0.));
#8959=DIRECTION('center_axis',(0.,0.,1.));
#8960=DIRECTION('ref_axis',(1.,0.,0.));
#8961=DIRECTION('center_axis',(0.,0.,-1.));
#8962=DIRECTION('ref_axis',(1.,0.,0.));
#8963=DIRECTION('',(0.,0.,-1.));
#8964=DIRECTION('center_axis',(0.,0.,-1.));
#8965=DIRECTION('ref_axis',(1.,0.,0.));
#8966=DIRECTION('center_axis',(0.,0.,1.));
#8967=DIRECTION('ref_axis',(1.,0.,0.));
#8968=DIRECTION('center_axis',(0.,0.,-1.));
#8969=DIRECTION('ref_axis',(1.,0.,0.));
#8970=DIRECTION('center_axis',(0.,-1.,0.));
#8971=DIRECTION('ref_axis',(-1.,0.,0.));
#8972=DIRECTION('center_axis',(0.,0.,1.));
#8973=DIRECTION('ref_axis',(1.,0.,0.));
#8974=DIRECTION('center_axis',(0.,0.,1.));
#8975=DIRECTION('ref_axis',(1.,0.,0.));
#8976=DIRECTION('center_axis',(0.,0.,-1.));
#8977=DIRECTION('ref_axis',(-1.,0.,0.));
#8978=DIRECTION('center_axis',(0.,-1.,0.));
#8979=DIRECTION('ref_axis',(1.,0.,0.));
#8980=DIRECTION('center_axis',(0.,0.,1.));
#8981=DIRECTION('ref_axis',(1.,0.,0.));
#8982=DIRECTION('center_axis',(0.,0.,-1.));
#8983=DIRECTION('ref_axis',(1.,0.,0.));
#8984=DIRECTION('center_axis',(0.,-1.,0.));
#8985=DIRECTION('ref_axis',(-1.,0.,0.));
#8986=DIRECTION('center_axis',(0.,0.,1.));
#8987=DIRECTION('ref_axis',(1.,0.,0.));
#8988=DIRECTION('center_axis',(0.,0.,1.));
#8989=DIRECTION('ref_axis',(1.,0.,0.));
#8990=DIRECTION('center_axis',(0.,0.,-1.));
#8991=DIRECTION('ref_axis',(1.,0.,0.));
#8992=DIRECTION('center_axis',(0.,0.,1.));
#8993=DIRECTION('ref_axis',(1.,0.,0.));
#8994=DIRECTION('center_axis',(0.,0.,1.));
#8995=DIRECTION('ref_axis',(1.,0.,0.));
#8996=DIRECTION('',(0.,0.,-1.));
#8997=DIRECTION('center_axis',(0.,0.,-1.));
#8998=DIRECTION('ref_axis',(-1.,0.,0.));
#8999=DIRECTION('center_axis',(0.,0.,1.));
#9000=DIRECTION('ref_axis',(1.,0.,0.));
#9001=DIRECTION('center_axis',(0.,-1.,0.));
#9002=DIRECTION('ref_axis',(1.,0.,0.));
#9003=DIRECTION('center_axis',(0.,0.,1.));
#9004=DIRECTION('ref_axis',(1.,0.,0.));
#9005=DIRECTION('center_axis',(0.,0.,1.));
#9006=DIRECTION('ref_axis',(1.,0.,0.));
#9007=DIRECTION('center_axis',(0.,0.,-1.));
#9008=DIRECTION('ref_axis',(1.,0.,0.));
#9009=DIRECTION('',(0.,0.,-1.));
#9010=DIRECTION('center_axis',(0.,0.,-1.));
#9011=DIRECTION('ref_axis',(1.,0.,0.));
#9012=DIRECTION('center_axis',(0.,0.,1.));
#9013=DIRECTION('ref_axis',(1.,0.,0.));
#9014=DIRECTION('center_axis',(0.,0.,-1.));
#9015=DIRECTION('ref_axis',(1.,0.,0.));
#9016=DIRECTION('center_axis',(0.,-1.,0.));
#9017=DIRECTION('ref_axis',(-1.,0.,0.));
#9018=DIRECTION('center_axis',(0.,0.,1.));
#9019=DIRECTION('ref_axis',(1.,0.,0.));
#9020=DIRECTION('center_axis',(0.,0.,1.));
#9021=DIRECTION('ref_axis',(1.,0.,0.));
#9022=DIRECTION('center_axis',(0.,0.,-1.));
#9023=DIRECTION('ref_axis',(-1.,0.,0.));
#9024=DIRECTION('center_axis',(0.,-1.,0.));
#9025=DIRECTION('ref_axis',(1.,0.,0.));
#9026=DIRECTION('center_axis',(0.,0.,1.));
#9027=DIRECTION('ref_axis',(1.,0.,0.));
#9028=DIRECTION('center_axis',(0.,0.,-1.));
#9029=DIRECTION('ref_axis',(1.,0.,0.));
#9030=DIRECTION('center_axis',(0.,-1.,0.));
#9031=DIRECTION('ref_axis',(-1.,0.,0.));
#9032=DIRECTION('center_axis',(0.,0.,1.));
#9033=DIRECTION('ref_axis',(1.,0.,0.));
#9034=DIRECTION('center_axis',(0.,0.,1.));
#9035=DIRECTION('ref_axis',(1.,0.,0.));
#9036=DIRECTION('center_axis',(0.,0.,-1.));
#9037=DIRECTION('ref_axis',(1.,0.,0.));
#9038=DIRECTION('center_axis',(0.,0.,1.));
#9039=DIRECTION('ref_axis',(1.,0.,0.));
#9040=DIRECTION('center_axis',(0.,0.,1.));
#9041=DIRECTION('ref_axis',(1.,0.,0.));
#9042=DIRECTION('',(0.,0.,-1.));
#9043=DIRECTION('center_axis',(0.,0.,-1.));
#9044=DIRECTION('ref_axis',(-1.,0.,0.));
#9045=DIRECTION('center_axis',(0.,0.,1.));
#9046=DIRECTION('ref_axis',(1.,0.,0.));
#9047=DIRECTION('center_axis',(0.,-1.,0.));
#9048=DIRECTION('ref_axis',(1.,0.,0.));
#9049=DIRECTION('center_axis',(0.,0.,1.));
#9050=DIRECTION('ref_axis',(1.,0.,0.));
#9051=DIRECTION('center_axis',(0.,0.,1.));
#9052=DIRECTION('ref_axis',(1.,0.,0.));
#9053=DIRECTION('center_axis',(0.,0.,-1.));
#9054=DIRECTION('ref_axis',(1.,0.,0.));
#9055=DIRECTION('',(0.,0.,-1.));
#9056=DIRECTION('center_axis',(0.,0.,-1.));
#9057=DIRECTION('ref_axis',(1.,0.,0.));
#9058=DIRECTION('center_axis',(0.,0.,1.));
#9059=DIRECTION('ref_axis',(1.,0.,0.));
#9060=DIRECTION('center_axis',(0.,0.,-1.));
#9061=DIRECTION('ref_axis',(1.,0.,0.));
#9062=DIRECTION('center_axis',(0.,-1.,0.));
#9063=DIRECTION('ref_axis',(-1.,0.,0.));
#9064=DIRECTION('center_axis',(0.,0.,1.));
#9065=DIRECTION('ref_axis',(1.,0.,0.));
#9066=DIRECTION('center_axis',(0.,0.,1.));
#9067=DIRECTION('ref_axis',(1.,0.,0.));
#9068=DIRECTION('center_axis',(0.,0.,-1.));
#9069=DIRECTION('ref_axis',(-1.,0.,0.));
#9070=DIRECTION('center_axis',(0.,-1.,0.));
#9071=DIRECTION('ref_axis',(1.,0.,0.));
#9072=DIRECTION('center_axis',(0.,0.,1.));
#9073=DIRECTION('ref_axis',(1.,0.,0.));
#9074=DIRECTION('center_axis',(0.,0.,-1.));
#9075=DIRECTION('ref_axis',(1.,0.,0.));
#9076=DIRECTION('center_axis',(0.,-1.,0.));
#9077=DIRECTION('ref_axis',(-1.,0.,0.));
#9078=DIRECTION('center_axis',(0.,0.,1.));
#9079=DIRECTION('ref_axis',(1.,0.,0.));
#9080=DIRECTION('center_axis',(0.,0.,1.));
#9081=DIRECTION('ref_axis',(1.,0.,0.));
#9082=DIRECTION('center_axis',(0.,0.,-1.));
#9083=DIRECTION('ref_axis',(1.,0.,0.));
#9084=DIRECTION('center_axis',(0.,0.,1.));
#9085=DIRECTION('ref_axis',(1.,0.,0.));
#9086=DIRECTION('center_axis',(0.,0.,1.));
#9087=DIRECTION('ref_axis',(1.,0.,0.));
#9088=DIRECTION('',(0.,0.,-1.));
#9089=DIRECTION('center_axis',(0.,0.,-1.));
#9090=DIRECTION('ref_axis',(-1.,0.,0.));
#9091=DIRECTION('center_axis',(0.,0.,1.));
#9092=DIRECTION('ref_axis',(1.,0.,0.));
#9093=DIRECTION('center_axis',(0.,-1.,0.));
#9094=DIRECTION('ref_axis',(1.,0.,0.));
#9095=DIRECTION('center_axis',(0.,0.,1.));
#9096=DIRECTION('ref_axis',(1.,0.,0.));
#9097=DIRECTION('center_axis',(0.,0.,1.));
#9098=DIRECTION('ref_axis',(1.,0.,0.));
#9099=DIRECTION('center_axis',(0.,0.,-1.));
#9100=DIRECTION('ref_axis',(1.,0.,0.));
#9101=DIRECTION('',(0.,0.,-1.));
#9102=DIRECTION('center_axis',(0.,0.,-1.));
#9103=DIRECTION('ref_axis',(1.,0.,0.));
#9104=DIRECTION('center_axis',(0.,0.,1.));
#9105=DIRECTION('ref_axis',(1.,0.,0.));
#9106=DIRECTION('center_axis',(0.,0.,-1.));
#9107=DIRECTION('ref_axis',(1.,0.,0.));
#9108=DIRECTION('center_axis',(0.,-1.,0.));
#9109=DIRECTION('ref_axis',(-1.,0.,0.));
#9110=DIRECTION('center_axis',(0.,0.,1.));
#9111=DIRECTION('ref_axis',(1.,0.,0.));
#9112=DIRECTION('center_axis',(0.,0.,1.));
#9113=DIRECTION('ref_axis',(1.,0.,0.));
#9114=DIRECTION('center_axis',(0.,0.,-1.));
#9115=DIRECTION('ref_axis',(-1.,0.,0.));
#9116=DIRECTION('center_axis',(0.,-1.,0.));
#9117=DIRECTION('ref_axis',(1.,0.,0.));
#9118=DIRECTION('center_axis',(0.,0.,1.));
#9119=DIRECTION('ref_axis',(1.,0.,0.));
#9120=DIRECTION('center_axis',(0.,0.,-1.));
#9121=DIRECTION('ref_axis',(1.,0.,0.));
#9122=DIRECTION('center_axis',(0.,-1.,0.));
#9123=DIRECTION('ref_axis',(-1.,0.,0.));
#9124=DIRECTION('center_axis',(0.,0.,1.));
#9125=DIRECTION('ref_axis',(1.,0.,0.));
#9126=DIRECTION('center_axis',(0.,0.,1.));
#9127=DIRECTION('ref_axis',(1.,0.,0.));
#9128=DIRECTION('center_axis',(0.,0.,-1.));
#9129=DIRECTION('ref_axis',(1.,0.,0.));
#9130=DIRECTION('center_axis',(0.,0.,1.));
#9131=DIRECTION('ref_axis',(1.,0.,0.));
#9132=DIRECTION('center_axis',(0.,0.,1.));
#9133=DIRECTION('ref_axis',(1.,0.,0.));
#9134=DIRECTION('',(0.,0.,-1.));
#9135=DIRECTION('center_axis',(0.,0.,-1.));
#9136=DIRECTION('ref_axis',(-1.,0.,0.));
#9137=DIRECTION('center_axis',(0.,0.,1.));
#9138=DIRECTION('ref_axis',(1.,0.,0.));
#9139=DIRECTION('center_axis',(0.,-1.,0.));
#9140=DIRECTION('ref_axis',(1.,0.,0.));
#9141=DIRECTION('center_axis',(0.,0.,1.));
#9142=DIRECTION('ref_axis',(1.,0.,0.));
#9143=DIRECTION('center_axis',(0.,0.,1.));
#9144=DIRECTION('ref_axis',(1.,0.,0.));
#9145=DIRECTION('center_axis',(0.,0.,-1.));
#9146=DIRECTION('ref_axis',(1.,0.,0.));
#9147=DIRECTION('',(0.,0.,-1.));
#9148=DIRECTION('center_axis',(0.,0.,-1.));
#9149=DIRECTION('ref_axis',(1.,0.,0.));
#9150=DIRECTION('center_axis',(0.,0.,1.));
#9151=DIRECTION('ref_axis',(1.,0.,0.));
#9152=DIRECTION('center_axis',(0.,0.,-1.));
#9153=DIRECTION('ref_axis',(1.,0.,0.));
#9154=DIRECTION('center_axis',(0.,-1.,0.));
#9155=DIRECTION('ref_axis',(-1.,0.,0.));
#9156=DIRECTION('center_axis',(0.,0.,1.));
#9157=DIRECTION('ref_axis',(1.,0.,0.));
#9158=DIRECTION('center_axis',(0.,0.,1.));
#9159=DIRECTION('ref_axis',(1.,0.,0.));
#9160=DIRECTION('center_axis',(0.,0.,-1.));
#9161=DIRECTION('ref_axis',(-1.,0.,0.));
#9162=DIRECTION('center_axis',(0.,-1.,0.));
#9163=DIRECTION('ref_axis',(1.,0.,0.));
#9164=DIRECTION('center_axis',(0.,0.,1.));
#9165=DIRECTION('ref_axis',(1.,0.,0.));
#9166=DIRECTION('center_axis',(0.,0.,-1.));
#9167=DIRECTION('ref_axis',(1.,0.,0.));
#9168=DIRECTION('center_axis',(0.,-1.,0.));
#9169=DIRECTION('ref_axis',(-1.,0.,0.));
#9170=DIRECTION('center_axis',(0.,0.,1.));
#9171=DIRECTION('ref_axis',(1.,0.,0.));
#9172=DIRECTION('center_axis',(0.,0.,1.));
#9173=DIRECTION('ref_axis',(1.,0.,0.));
#9174=DIRECTION('center_axis',(0.,0.,-1.));
#9175=DIRECTION('ref_axis',(1.,0.,0.));
#9176=DIRECTION('center_axis',(0.,0.,1.));
#9177=DIRECTION('ref_axis',(1.,0.,0.));
#9178=DIRECTION('center_axis',(0.,0.,1.));
#9179=DIRECTION('ref_axis',(1.,0.,0.));
#9180=DIRECTION('',(0.,0.,-1.));
#9181=DIRECTION('center_axis',(0.,0.,-1.));
#9182=DIRECTION('ref_axis',(-1.,0.,0.));
#9183=DIRECTION('center_axis',(0.,0.,1.));
#9184=DIRECTION('ref_axis',(1.,0.,0.));
#9185=DIRECTION('center_axis',(0.,-1.,0.));
#9186=DIRECTION('ref_axis',(1.,0.,0.));
#9187=DIRECTION('center_axis',(0.,0.,1.));
#9188=DIRECTION('ref_axis',(1.,0.,0.));
#9189=DIRECTION('center_axis',(0.,0.,1.));
#9190=DIRECTION('ref_axis',(1.,0.,0.));
#9191=DIRECTION('center_axis',(0.,0.,-1.));
#9192=DIRECTION('ref_axis',(1.,0.,0.));
#9193=DIRECTION('',(0.,0.,-1.));
#9194=DIRECTION('center_axis',(0.,0.,-1.));
#9195=DIRECTION('ref_axis',(1.,0.,0.));
#9196=DIRECTION('center_axis',(0.,0.,1.));
#9197=DIRECTION('ref_axis',(1.,0.,0.));
#9198=DIRECTION('center_axis',(0.,0.,-1.));
#9199=DIRECTION('ref_axis',(1.,0.,0.));
#9200=DIRECTION('center_axis',(0.,-1.,0.));
#9201=DIRECTION('ref_axis',(-1.,0.,0.));
#9202=DIRECTION('center_axis',(0.,0.,1.));
#9203=DIRECTION('ref_axis',(1.,0.,0.));
#9204=DIRECTION('center_axis',(0.,0.,1.));
#9205=DIRECTION('ref_axis',(1.,0.,0.));
#9206=DIRECTION('center_axis',(0.,0.,-1.));
#9207=DIRECTION('ref_axis',(-1.,0.,0.));
#9208=DIRECTION('center_axis',(0.,-1.,0.));
#9209=DIRECTION('ref_axis',(1.,0.,0.));
#9210=DIRECTION('center_axis',(0.,0.,1.));
#9211=DIRECTION('ref_axis',(1.,0.,0.));
#9212=DIRECTION('center_axis',(0.,0.,-1.));
#9213=DIRECTION('ref_axis',(1.,0.,0.));
#9214=DIRECTION('center_axis',(0.,-1.,0.));
#9215=DIRECTION('ref_axis',(-1.,0.,0.));
#9216=DIRECTION('center_axis',(0.,0.,1.));
#9217=DIRECTION('ref_axis',(1.,0.,0.));
#9218=DIRECTION('center_axis',(0.,0.,1.));
#9219=DIRECTION('ref_axis',(1.,0.,0.));
#9220=DIRECTION('center_axis',(0.,0.,-1.));
#9221=DIRECTION('ref_axis',(1.,0.,0.));
#9222=DIRECTION('center_axis',(0.,0.,1.));
#9223=DIRECTION('ref_axis',(1.,0.,0.));
#9224=DIRECTION('center_axis',(0.,0.,1.));
#9225=DIRECTION('ref_axis',(1.,0.,0.));
#9226=DIRECTION('',(0.,0.,-1.));
#9227=DIRECTION('center_axis',(0.,0.,-1.));
#9228=DIRECTION('ref_axis',(-1.,0.,0.));
#9229=DIRECTION('center_axis',(0.,0.,1.));
#9230=DIRECTION('ref_axis',(1.,0.,0.));
#9231=DIRECTION('center_axis',(0.,-1.,0.));
#9232=DIRECTION('ref_axis',(1.,0.,0.));
#9233=DIRECTION('center_axis',(0.,0.,1.));
#9234=DIRECTION('ref_axis',(1.,0.,0.));
#9235=DIRECTION('center_axis',(0.,0.,1.));
#9236=DIRECTION('ref_axis',(1.,0.,0.));
#9237=DIRECTION('center_axis',(0.,0.,-1.));
#9238=DIRECTION('ref_axis',(1.,0.,0.));
#9239=DIRECTION('',(0.,0.,-1.));
#9240=DIRECTION('center_axis',(0.,0.,-1.));
#9241=DIRECTION('ref_axis',(1.,0.,0.));
#9242=DIRECTION('center_axis',(0.,0.,1.));
#9243=DIRECTION('ref_axis',(1.,0.,0.));
#9244=DIRECTION('center_axis',(0.,0.,-1.));
#9245=DIRECTION('ref_axis',(1.,0.,0.));
#9246=DIRECTION('center_axis',(0.,-1.,0.));
#9247=DIRECTION('ref_axis',(-1.,0.,0.));
#9248=DIRECTION('center_axis',(0.,0.,1.));
#9249=DIRECTION('ref_axis',(1.,0.,0.));
#9250=DIRECTION('center_axis',(0.,0.,1.));
#9251=DIRECTION('ref_axis',(1.,0.,0.));
#9252=DIRECTION('center_axis',(0.,0.,-1.));
#9253=DIRECTION('ref_axis',(-1.,0.,0.));
#9254=DIRECTION('center_axis',(0.,-1.,0.));
#9255=DIRECTION('ref_axis',(1.,0.,0.));
#9256=DIRECTION('center_axis',(0.,0.,1.));
#9257=DIRECTION('ref_axis',(1.,0.,0.));
#9258=DIRECTION('center_axis',(0.,0.,-1.));
#9259=DIRECTION('ref_axis',(1.,0.,0.));
#9260=DIRECTION('center_axis',(0.,-1.,0.));
#9261=DIRECTION('ref_axis',(-1.,0.,0.));
#9262=DIRECTION('center_axis',(0.,0.,1.));
#9263=DIRECTION('ref_axis',(1.,0.,0.));
#9264=DIRECTION('center_axis',(0.,0.,1.));
#9265=DIRECTION('ref_axis',(1.,0.,0.));
#9266=DIRECTION('center_axis',(0.,0.,-1.));
#9267=DIRECTION('ref_axis',(1.,0.,0.));
#9268=DIRECTION('center_axis',(0.,0.,1.));
#9269=DIRECTION('ref_axis',(1.,0.,0.));
#9270=DIRECTION('center_axis',(0.,0.,1.));
#9271=DIRECTION('ref_axis',(1.,0.,0.));
#9272=DIRECTION('',(0.,0.,-1.));
#9273=DIRECTION('center_axis',(0.,0.,-1.));
#9274=DIRECTION('ref_axis',(-1.,0.,0.));
#9275=DIRECTION('center_axis',(0.,0.,1.));
#9276=DIRECTION('ref_axis',(1.,0.,0.));
#9277=DIRECTION('center_axis',(0.,-1.,0.));
#9278=DIRECTION('ref_axis',(1.,0.,0.));
#9279=DIRECTION('center_axis',(0.,0.,1.));
#9280=DIRECTION('ref_axis',(1.,0.,0.));
#9281=DIRECTION('center_axis',(0.,0.,1.));
#9282=DIRECTION('ref_axis',(1.,0.,0.));
#9283=DIRECTION('center_axis',(0.,0.,-1.));
#9284=DIRECTION('ref_axis',(1.,0.,0.));
#9285=DIRECTION('',(0.,0.,-1.));
#9286=DIRECTION('center_axis',(0.,0.,-1.));
#9287=DIRECTION('ref_axis',(1.,0.,0.));
#9288=DIRECTION('center_axis',(0.,0.,1.));
#9289=DIRECTION('ref_axis',(1.,0.,0.));
#9290=DIRECTION('center_axis',(0.,0.,-1.));
#9291=DIRECTION('ref_axis',(1.,0.,0.));
#9292=DIRECTION('center_axis',(0.,-1.,0.));
#9293=DIRECTION('ref_axis',(-1.,0.,0.));
#9294=DIRECTION('center_axis',(0.,0.,1.));
#9295=DIRECTION('ref_axis',(1.,0.,0.));
#9296=DIRECTION('center_axis',(0.,0.,1.));
#9297=DIRECTION('ref_axis',(1.,0.,0.));
#9298=DIRECTION('center_axis',(0.,0.,-1.));
#9299=DIRECTION('ref_axis',(-1.,0.,0.));
#9300=DIRECTION('center_axis',(0.,-1.,0.));
#9301=DIRECTION('ref_axis',(1.,0.,0.));
#9302=DIRECTION('center_axis',(0.,0.,1.));
#9303=DIRECTION('ref_axis',(1.,0.,0.));
#9304=DIRECTION('center_axis',(0.,0.,-1.));
#9305=DIRECTION('ref_axis',(1.,0.,0.));
#9306=DIRECTION('center_axis',(0.,-1.,0.));
#9307=DIRECTION('ref_axis',(-1.,0.,0.));
#9308=DIRECTION('center_axis',(0.,0.,1.));
#9309=DIRECTION('ref_axis',(1.,0.,0.));
#9310=DIRECTION('center_axis',(0.,0.,1.));
#9311=DIRECTION('ref_axis',(1.,0.,0.));
#9312=DIRECTION('center_axis',(0.,0.,-1.));
#9313=DIRECTION('ref_axis',(1.,0.,0.));
#9314=DIRECTION('center_axis',(0.,0.,1.));
#9315=DIRECTION('ref_axis',(1.,0.,0.));
#9316=DIRECTION('center_axis',(0.,0.,1.));
#9317=DIRECTION('ref_axis',(1.,0.,0.));
#9318=DIRECTION('',(0.,0.,-1.));
#9319=DIRECTION('center_axis',(0.,0.,-1.));
#9320=DIRECTION('ref_axis',(-1.,0.,0.));
#9321=DIRECTION('center_axis',(0.,0.,1.));
#9322=DIRECTION('ref_axis',(1.,0.,0.));
#9323=DIRECTION('center_axis',(0.,-1.,0.));
#9324=DIRECTION('ref_axis',(1.,0.,0.));
#9325=DIRECTION('center_axis',(0.,0.,1.));
#9326=DIRECTION('ref_axis',(1.,0.,0.));
#9327=DIRECTION('center_axis',(0.,0.,1.));
#9328=DIRECTION('ref_axis',(1.,0.,0.));
#9329=DIRECTION('center_axis',(0.,0.,-1.));
#9330=DIRECTION('ref_axis',(1.,0.,0.));
#9331=DIRECTION('',(0.,0.,-1.));
#9332=DIRECTION('center_axis',(0.,0.,-1.));
#9333=DIRECTION('ref_axis',(1.,0.,0.));
#9334=DIRECTION('center_axis',(0.,0.,1.));
#9335=DIRECTION('ref_axis',(1.,0.,0.));
#9336=DIRECTION('center_axis',(0.,0.,-1.));
#9337=DIRECTION('ref_axis',(1.,0.,0.));
#9338=DIRECTION('center_axis',(0.,-1.,0.));
#9339=DIRECTION('ref_axis',(-1.,0.,0.));
#9340=DIRECTION('center_axis',(0.,0.,1.));
#9341=DIRECTION('ref_axis',(1.,0.,0.));
#9342=DIRECTION('center_axis',(0.,0.,1.));
#9343=DIRECTION('ref_axis',(1.,0.,0.));
#9344=DIRECTION('center_axis',(0.,0.,-1.));
#9345=DIRECTION('ref_axis',(-1.,0.,0.));
#9346=DIRECTION('center_axis',(0.,-1.,0.));
#9347=DIRECTION('ref_axis',(1.,0.,0.));
#9348=DIRECTION('center_axis',(0.,0.,1.));
#9349=DIRECTION('ref_axis',(1.,0.,0.));
#9350=DIRECTION('center_axis',(0.,0.,-1.));
#9351=DIRECTION('ref_axis',(1.,0.,0.));
#9352=DIRECTION('center_axis',(0.,-1.,0.));
#9353=DIRECTION('ref_axis',(-1.,0.,0.));
#9354=DIRECTION('center_axis',(0.,0.,1.));
#9355=DIRECTION('ref_axis',(1.,0.,0.));
#9356=DIRECTION('center_axis',(0.,0.,1.));
#9357=DIRECTION('ref_axis',(1.,0.,0.));
#9358=DIRECTION('center_axis',(0.,0.,-1.));
#9359=DIRECTION('ref_axis',(1.,0.,0.));
#9360=DIRECTION('center_axis',(0.,0.,1.));
#9361=DIRECTION('ref_axis',(1.,0.,0.));
#9362=DIRECTION('center_axis',(0.,0.,1.));
#9363=DIRECTION('ref_axis',(1.,0.,0.));
#9364=DIRECTION('',(0.,0.,-1.));
#9365=DIRECTION('center_axis',(0.,0.,-1.));
#9366=DIRECTION('ref_axis',(-1.,0.,0.));
#9367=DIRECTION('center_axis',(0.,0.,1.));
#9368=DIRECTION('ref_axis',(1.,0.,0.));
#9369=DIRECTION('center_axis',(0.,-1.,0.));
#9370=DIRECTION('ref_axis',(1.,0.,0.));
#9371=DIRECTION('center_axis',(0.,0.,1.));
#9372=DIRECTION('ref_axis',(1.,0.,0.));
#9373=DIRECTION('center_axis',(0.,0.,1.));
#9374=DIRECTION('ref_axis',(1.,0.,0.));
#9375=DIRECTION('center_axis',(0.,0.,-1.));
#9376=DIRECTION('ref_axis',(1.,0.,0.));
#9377=DIRECTION('',(0.,0.,-1.));
#9378=DIRECTION('center_axis',(0.,0.,-1.));
#9379=DIRECTION('ref_axis',(1.,0.,0.));
#9380=DIRECTION('center_axis',(0.,0.,1.));
#9381=DIRECTION('ref_axis',(1.,0.,0.));
#9382=DIRECTION('center_axis',(0.,0.,-1.));
#9383=DIRECTION('ref_axis',(1.,0.,0.));
#9384=DIRECTION('center_axis',(0.,-1.,0.));
#9385=DIRECTION('ref_axis',(-1.,0.,0.));
#9386=DIRECTION('center_axis',(0.,0.,1.));
#9387=DIRECTION('ref_axis',(1.,0.,0.));
#9388=DIRECTION('center_axis',(0.,0.,1.));
#9389=DIRECTION('ref_axis',(1.,0.,0.));
#9390=DIRECTION('center_axis',(0.,0.,-1.));
#9391=DIRECTION('ref_axis',(-1.,0.,0.));
#9392=DIRECTION('center_axis',(0.,-1.,0.));
#9393=DIRECTION('ref_axis',(1.,0.,0.));
#9394=DIRECTION('center_axis',(0.,0.,1.));
#9395=DIRECTION('ref_axis',(1.,0.,0.));
#9396=DIRECTION('center_axis',(0.,0.,-1.));
#9397=DIRECTION('ref_axis',(1.,0.,0.));
#9398=DIRECTION('center_axis',(0.,-1.,0.));
#9399=DIRECTION('ref_axis',(-1.,0.,0.));
#9400=DIRECTION('center_axis',(0.,0.,1.));
#9401=DIRECTION('ref_axis',(1.,0.,0.));
#9402=DIRECTION('center_axis',(0.,0.,1.));
#9403=DIRECTION('ref_axis',(1.,0.,0.));
#9404=DIRECTION('center_axis',(0.,0.,-1.));
#9405=DIRECTION('ref_axis',(1.,0.,0.));
#9406=DIRECTION('center_axis',(0.,0.,1.));
#9407=DIRECTION('ref_axis',(1.,0.,0.));
#9408=DIRECTION('center_axis',(0.,0.,1.));
#9409=DIRECTION('ref_axis',(1.,0.,0.));
#9410=DIRECTION('',(0.,0.,-1.));
#9411=DIRECTION('center_axis',(0.,0.,-1.));
#9412=DIRECTION('ref_axis',(-1.,0.,0.));
#9413=DIRECTION('center_axis',(0.,0.,1.));
#9414=DIRECTION('ref_axis',(1.,0.,0.));
#9415=DIRECTION('center_axis',(0.,-1.,0.));
#9416=DIRECTION('ref_axis',(1.,0.,0.));
#9417=DIRECTION('center_axis',(0.,0.,1.));
#9418=DIRECTION('ref_axis',(1.,0.,0.));
#9419=DIRECTION('center_axis',(0.,0.,1.));
#9420=DIRECTION('ref_axis',(1.,0.,0.));
#9421=DIRECTION('center_axis',(0.,0.,-1.));
#9422=DIRECTION('ref_axis',(1.,0.,0.));
#9423=DIRECTION('',(0.,0.,-1.));
#9424=DIRECTION('center_axis',(0.,0.,-1.));
#9425=DIRECTION('ref_axis',(1.,0.,0.));
#9426=DIRECTION('center_axis',(0.,0.,1.));
#9427=DIRECTION('ref_axis',(1.,0.,0.));
#9428=DIRECTION('center_axis',(0.,0.,-1.));
#9429=DIRECTION('ref_axis',(1.,0.,0.));
#9430=DIRECTION('center_axis',(0.,-1.,0.));
#9431=DIRECTION('ref_axis',(-1.,0.,0.));
#9432=DIRECTION('center_axis',(0.,0.,1.));
#9433=DIRECTION('ref_axis',(1.,0.,0.));
#9434=DIRECTION('center_axis',(0.,0.,1.));
#9435=DIRECTION('ref_axis',(1.,0.,0.));
#9436=DIRECTION('center_axis',(0.,0.,-1.));
#9437=DIRECTION('ref_axis',(-1.,0.,0.));
#9438=DIRECTION('center_axis',(0.,-1.,0.));
#9439=DIRECTION('ref_axis',(1.,0.,0.));
#9440=DIRECTION('center_axis',(0.,0.,1.));
#9441=DIRECTION('ref_axis',(1.,0.,0.));
#9442=DIRECTION('center_axis',(0.,0.,-1.));
#9443=DIRECTION('ref_axis',(1.,0.,0.));
#9444=DIRECTION('center_axis',(0.,-1.,0.));
#9445=DIRECTION('ref_axis',(-1.,0.,0.));
#9446=DIRECTION('center_axis',(0.,0.,1.));
#9447=DIRECTION('ref_axis',(1.,0.,0.));
#9448=DIRECTION('center_axis',(0.,0.,1.));
#9449=DIRECTION('ref_axis',(1.,0.,0.));
#9450=DIRECTION('center_axis',(0.,0.,-1.));
#9451=DIRECTION('ref_axis',(1.,0.,0.));
#9452=DIRECTION('center_axis',(0.,0.,1.));
#9453=DIRECTION('ref_axis',(1.,0.,0.));
#9454=DIRECTION('center_axis',(0.,0.,1.));
#9455=DIRECTION('ref_axis',(1.,0.,0.));
#9456=DIRECTION('',(0.,0.,-1.));
#9457=DIRECTION('center_axis',(0.,0.,-1.));
#9458=DIRECTION('ref_axis',(-1.,0.,0.));
#9459=DIRECTION('center_axis',(0.,0.,1.));
#9460=DIRECTION('ref_axis',(1.,0.,0.));
#9461=DIRECTION('center_axis',(0.,-1.,0.));
#9462=DIRECTION('ref_axis',(1.,0.,0.));
#9463=DIRECTION('center_axis',(0.,0.,1.));
#9464=DIRECTION('ref_axis',(1.,0.,0.));
#9465=DIRECTION('center_axis',(0.,0.,1.));
#9466=DIRECTION('ref_axis',(1.,0.,0.));
#9467=DIRECTION('center_axis',(0.,0.,-1.));
#9468=DIRECTION('ref_axis',(1.,0.,0.));
#9469=DIRECTION('',(0.,0.,-1.));
#9470=DIRECTION('center_axis',(0.,0.,-1.));
#9471=DIRECTION('ref_axis',(1.,0.,0.));
#9472=DIRECTION('center_axis',(0.,0.,1.));
#9473=DIRECTION('ref_axis',(1.,0.,0.));
#9474=DIRECTION('center_axis',(0.,0.,-1.));
#9475=DIRECTION('ref_axis',(1.,0.,0.));
#9476=DIRECTION('center_axis',(0.,-1.,0.));
#9477=DIRECTION('ref_axis',(-1.,0.,0.));
#9478=DIRECTION('center_axis',(0.,0.,1.));
#9479=DIRECTION('ref_axis',(1.,0.,0.));
#9480=DIRECTION('center_axis',(0.,0.,1.));
#9481=DIRECTION('ref_axis',(1.,0.,0.));
#9482=DIRECTION('center_axis',(0.,0.,-1.));
#9483=DIRECTION('ref_axis',(-1.,0.,0.));
#9484=DIRECTION('center_axis',(0.,-1.,0.));
#9485=DIRECTION('ref_axis',(1.,0.,0.));
#9486=DIRECTION('center_axis',(0.,0.,1.));
#9487=DIRECTION('ref_axis',(1.,0.,0.));
#9488=DIRECTION('center_axis',(0.,0.,-1.));
#9489=DIRECTION('ref_axis',(1.,0.,0.));
#9490=DIRECTION('center_axis',(0.,-1.,0.));
#9491=DIRECTION('ref_axis',(-1.,0.,0.));
#9492=DIRECTION('center_axis',(0.,0.,1.));
#9493=DIRECTION('ref_axis',(1.,0.,0.));
#9494=DIRECTION('center_axis',(0.,0.,1.));
#9495=DIRECTION('ref_axis',(1.,0.,0.));
#9496=DIRECTION('center_axis',(0.,0.,-1.));
#9497=DIRECTION('ref_axis',(1.,0.,0.));
#9498=DIRECTION('center_axis',(0.,0.,1.));
#9499=DIRECTION('ref_axis',(1.,0.,0.));
#9500=DIRECTION('center_axis',(0.,0.,1.));
#9501=DIRECTION('ref_axis',(1.,0.,0.));
#9502=DIRECTION('',(0.,0.,-1.));
#9503=DIRECTION('center_axis',(0.,0.,-1.));
#9504=DIRECTION('ref_axis',(-1.,0.,0.));
#9505=DIRECTION('center_axis',(0.,0.,1.));
#9506=DIRECTION('ref_axis',(1.,0.,0.));
#9507=DIRECTION('center_axis',(0.,-1.,0.));
#9508=DIRECTION('ref_axis',(1.,0.,0.));
#9509=DIRECTION('center_axis',(0.,0.,1.));
#9510=DIRECTION('ref_axis',(1.,0.,0.));
#9511=DIRECTION('center_axis',(0.,0.,1.));
#9512=DIRECTION('ref_axis',(1.,0.,0.));
#9513=DIRECTION('center_axis',(0.,0.,-1.));
#9514=DIRECTION('ref_axis',(1.,0.,0.));
#9515=DIRECTION('',(0.,0.,-1.));
#9516=DIRECTION('center_axis',(0.,0.,-1.));
#9517=DIRECTION('ref_axis',(1.,0.,0.));
#9518=DIRECTION('center_axis',(0.,0.,1.));
#9519=DIRECTION('ref_axis',(1.,0.,0.));
#9520=DIRECTION('center_axis',(0.,0.,-1.));
#9521=DIRECTION('ref_axis',(1.,0.,0.));
#9522=DIRECTION('center_axis',(0.,-1.,0.));
#9523=DIRECTION('ref_axis',(-1.,0.,0.));
#9524=DIRECTION('center_axis',(0.,0.,1.));
#9525=DIRECTION('ref_axis',(1.,0.,0.));
#9526=DIRECTION('center_axis',(0.,0.,1.));
#9527=DIRECTION('ref_axis',(1.,0.,0.));
#9528=DIRECTION('center_axis',(0.,0.,-1.));
#9529=DIRECTION('ref_axis',(-1.,0.,0.));
#9530=DIRECTION('center_axis',(0.,-1.,0.));
#9531=DIRECTION('ref_axis',(1.,0.,0.));
#9532=DIRECTION('center_axis',(0.,0.,1.));
#9533=DIRECTION('ref_axis',(1.,0.,0.));
#9534=DIRECTION('center_axis',(0.,0.,-1.));
#9535=DIRECTION('ref_axis',(1.,0.,0.));
#9536=DIRECTION('center_axis',(0.,-1.,0.));
#9537=DIRECTION('ref_axis',(-1.,0.,0.));
#9538=DIRECTION('center_axis',(0.,0.,1.));
#9539=DIRECTION('ref_axis',(1.,0.,0.));
#9540=DIRECTION('center_axis',(0.,0.,1.));
#9541=DIRECTION('ref_axis',(1.,0.,0.));
#9542=DIRECTION('center_axis',(0.,0.,-1.));
#9543=DIRECTION('ref_axis',(1.,0.,0.));
#9544=DIRECTION('center_axis',(0.,0.,1.));
#9545=DIRECTION('ref_axis',(1.,0.,0.));
#9546=DIRECTION('center_axis',(0.,0.,1.));
#9547=DIRECTION('ref_axis',(1.,0.,0.));
#9548=DIRECTION('',(0.,0.,-1.));
#9549=DIRECTION('center_axis',(0.,0.,-1.));
#9550=DIRECTION('ref_axis',(-1.,0.,0.));
#9551=DIRECTION('center_axis',(0.,0.,1.));
#9552=DIRECTION('ref_axis',(1.,0.,0.));
#9553=DIRECTION('center_axis',(0.,-1.,0.));
#9554=DIRECTION('ref_axis',(1.,0.,0.));
#9555=DIRECTION('center_axis',(0.,0.,1.));
#9556=DIRECTION('ref_axis',(1.,0.,0.));
#9557=DIRECTION('center_axis',(0.,0.,1.));
#9558=DIRECTION('ref_axis',(1.,0.,0.));
#9559=DIRECTION('center_axis',(0.,0.,-1.));
#9560=DIRECTION('ref_axis',(1.,0.,0.));
#9561=DIRECTION('',(0.,0.,-1.));
#9562=DIRECTION('center_axis',(0.,0.,-1.));
#9563=DIRECTION('ref_axis',(1.,0.,0.));
#9564=DIRECTION('center_axis',(0.,0.,1.));
#9565=DIRECTION('ref_axis',(1.,0.,0.));
#9566=DIRECTION('center_axis',(0.,0.,-1.));
#9567=DIRECTION('ref_axis',(1.,0.,0.));
#9568=DIRECTION('center_axis',(0.,-1.,0.));
#9569=DIRECTION('ref_axis',(-1.,0.,0.));
#9570=DIRECTION('center_axis',(0.,0.,1.));
#9571=DIRECTION('ref_axis',(1.,0.,0.));
#9572=DIRECTION('center_axis',(0.,0.,1.));
#9573=DIRECTION('ref_axis',(1.,0.,0.));
#9574=DIRECTION('center_axis',(0.,0.,-1.));
#9575=DIRECTION('ref_axis',(-1.,0.,0.));
#9576=DIRECTION('center_axis',(0.,-1.,0.));
#9577=DIRECTION('ref_axis',(1.,0.,0.));
#9578=DIRECTION('center_axis',(0.,0.,1.));
#9579=DIRECTION('ref_axis',(1.,0.,0.));
#9580=DIRECTION('center_axis',(0.,0.,-1.));
#9581=DIRECTION('ref_axis',(1.,0.,0.));
#9582=DIRECTION('center_axis',(0.,-1.,0.));
#9583=DIRECTION('ref_axis',(-1.,0.,0.));
#9584=DIRECTION('center_axis',(0.,0.,1.));
#9585=DIRECTION('ref_axis',(1.,0.,0.));
#9586=DIRECTION('center_axis',(0.,0.,1.));
#9587=DIRECTION('ref_axis',(1.,0.,0.));
#9588=DIRECTION('center_axis',(0.,0.,-1.));
#9589=DIRECTION('ref_axis',(1.,0.,0.));
#9590=DIRECTION('center_axis',(0.,0.,1.));
#9591=DIRECTION('ref_axis',(1.,0.,0.));
#9592=DIRECTION('center_axis',(0.,0.,1.));
#9593=DIRECTION('ref_axis',(1.,0.,0.));
#9594=DIRECTION('',(0.,0.,-1.));
#9595=DIRECTION('center_axis',(0.,0.,-1.));
#9596=DIRECTION('ref_axis',(-1.,0.,0.));
#9597=DIRECTION('center_axis',(0.,0.,1.));
#9598=DIRECTION('ref_axis',(1.,0.,0.));
#9599=DIRECTION('center_axis',(0.,-1.,0.));
#9600=DIRECTION('ref_axis',(1.,0.,0.));
#9601=DIRECTION('center_axis',(0.,0.,1.));
#9602=DIRECTION('ref_axis',(1.,0.,0.));
#9603=DIRECTION('center_axis',(0.,0.,1.));
#9604=DIRECTION('ref_axis',(1.,0.,0.));
#9605=DIRECTION('center_axis',(0.,0.,-1.));
#9606=DIRECTION('ref_axis',(1.,0.,0.));
#9607=DIRECTION('',(0.,0.,-1.));
#9608=DIRECTION('center_axis',(0.,0.,-1.));
#9609=DIRECTION('ref_axis',(1.,0.,0.));
#9610=DIRECTION('center_axis',(0.,0.,1.));
#9611=DIRECTION('ref_axis',(1.,0.,0.));
#9612=DIRECTION('center_axis',(0.,0.,-1.));
#9613=DIRECTION('ref_axis',(1.,0.,0.));
#9614=DIRECTION('center_axis',(0.,-1.,0.));
#9615=DIRECTION('ref_axis',(-1.,0.,0.));
#9616=DIRECTION('center_axis',(0.,0.,1.));
#9617=DIRECTION('ref_axis',(1.,0.,0.));
#9618=DIRECTION('center_axis',(0.,0.,1.));
#9619=DIRECTION('ref_axis',(1.,0.,0.));
#9620=DIRECTION('center_axis',(0.,0.,-1.));
#9621=DIRECTION('ref_axis',(-1.,0.,0.));
#9622=DIRECTION('center_axis',(0.,-1.,0.));
#9623=DIRECTION('ref_axis',(1.,0.,0.));
#9624=DIRECTION('center_axis',(0.,0.,1.));
#9625=DIRECTION('ref_axis',(1.,0.,0.));
#9626=DIRECTION('center_axis',(0.,0.,-1.));
#9627=DIRECTION('ref_axis',(1.,0.,0.));
#9628=DIRECTION('center_axis',(0.,-1.,0.));
#9629=DIRECTION('ref_axis',(-1.,0.,0.));
#9630=DIRECTION('center_axis',(0.,0.,1.));
#9631=DIRECTION('ref_axis',(1.,0.,0.));
#9632=DIRECTION('center_axis',(0.,0.,1.));
#9633=DIRECTION('ref_axis',(1.,0.,0.));
#9634=DIRECTION('center_axis',(0.,0.,-1.));
#9635=DIRECTION('ref_axis',(1.,0.,0.));
#9636=DIRECTION('center_axis',(0.,0.,1.));
#9637=DIRECTION('ref_axis',(1.,0.,0.));
#9638=DIRECTION('center_axis',(0.,0.,1.));
#9639=DIRECTION('ref_axis',(1.,0.,0.));
#9640=DIRECTION('',(0.,0.,-1.));
#9641=DIRECTION('center_axis',(0.,0.,-1.));
#9642=DIRECTION('ref_axis',(-1.,0.,0.));
#9643=DIRECTION('center_axis',(0.,0.,1.));
#9644=DIRECTION('ref_axis',(1.,0.,0.));
#9645=DIRECTION('center_axis',(0.,-1.,0.));
#9646=DIRECTION('ref_axis',(1.,0.,0.));
#9647=DIRECTION('center_axis',(0.,0.,1.));
#9648=DIRECTION('ref_axis',(1.,0.,0.));
#9649=DIRECTION('center_axis',(0.,0.,1.));
#9650=DIRECTION('ref_axis',(1.,0.,0.));
#9651=DIRECTION('center_axis',(0.,0.,-1.));
#9652=DIRECTION('ref_axis',(1.,0.,0.));
#9653=DIRECTION('',(0.,0.,-1.));
#9654=DIRECTION('center_axis',(0.,0.,-1.));
#9655=DIRECTION('ref_axis',(1.,0.,0.));
#9656=DIRECTION('center_axis',(0.,0.,1.));
#9657=DIRECTION('ref_axis',(1.,0.,0.));
#9658=DIRECTION('center_axis',(0.,0.,-1.));
#9659=DIRECTION('ref_axis',(1.,0.,0.));
#9660=DIRECTION('center_axis',(0.,-1.,0.));
#9661=DIRECTION('ref_axis',(-1.,0.,0.));
#9662=DIRECTION('center_axis',(0.,0.,1.));
#9663=DIRECTION('ref_axis',(1.,0.,0.));
#9664=DIRECTION('center_axis',(0.,0.,1.));
#9665=DIRECTION('ref_axis',(1.,0.,0.));
#9666=DIRECTION('center_axis',(0.,0.,-1.));
#9667=DIRECTION('ref_axis',(-1.,0.,0.));
#9668=DIRECTION('center_axis',(0.,-1.,0.));
#9669=DIRECTION('ref_axis',(1.,0.,0.));
#9670=DIRECTION('center_axis',(0.,0.,1.));
#9671=DIRECTION('ref_axis',(1.,0.,0.));
#9672=DIRECTION('center_axis',(0.,0.,-1.));
#9673=DIRECTION('ref_axis',(1.,0.,0.));
#9674=DIRECTION('center_axis',(0.,-1.,0.));
#9675=DIRECTION('ref_axis',(-1.,0.,0.));
#9676=DIRECTION('center_axis',(0.,0.,1.));
#9677=DIRECTION('ref_axis',(1.,0.,0.));
#9678=DIRECTION('center_axis',(0.,0.,1.));
#9679=DIRECTION('ref_axis',(1.,0.,0.));
#9680=DIRECTION('center_axis',(0.,0.,-1.));
#9681=DIRECTION('ref_axis',(1.,0.,0.));
#9682=DIRECTION('center_axis',(0.,0.,1.));
#9683=DIRECTION('ref_axis',(1.,0.,0.));
#9684=DIRECTION('center_axis',(0.,0.,1.));
#9685=DIRECTION('ref_axis',(1.,0.,0.));
#9686=DIRECTION('',(0.,0.,-1.));
#9687=DIRECTION('center_axis',(0.,0.,-1.));
#9688=DIRECTION('ref_axis',(-1.,0.,0.));
#9689=DIRECTION('center_axis',(0.,0.,1.));
#9690=DIRECTION('ref_axis',(1.,0.,0.));
#9691=DIRECTION('center_axis',(0.,-1.,0.));
#9692=DIRECTION('ref_axis',(1.,0.,0.));
#9693=DIRECTION('center_axis',(0.,0.,1.));
#9694=DIRECTION('ref_axis',(1.,0.,0.));
#9695=DIRECTION('center_axis',(0.,0.,1.));
#9696=DIRECTION('ref_axis',(1.,0.,0.));
#9697=DIRECTION('center_axis',(0.,0.,-1.));
#9698=DIRECTION('ref_axis',(1.,0.,0.));
#9699=DIRECTION('',(0.,0.,-1.));
#9700=DIRECTION('center_axis',(0.,0.,-1.));
#9701=DIRECTION('ref_axis',(1.,0.,0.));
#9702=DIRECTION('center_axis',(0.,0.,1.));
#9703=DIRECTION('ref_axis',(1.,0.,0.));
#9704=DIRECTION('center_axis',(0.,0.,-1.));
#9705=DIRECTION('ref_axis',(1.,0.,0.));
#9706=DIRECTION('center_axis',(0.,-1.,0.));
#9707=DIRECTION('ref_axis',(-1.,0.,0.));
#9708=DIRECTION('center_axis',(0.,0.,1.));
#9709=DIRECTION('ref_axis',(1.,0.,0.));
#9710=DIRECTION('center_axis',(0.,0.,1.));
#9711=DIRECTION('ref_axis',(1.,0.,0.));
#9712=DIRECTION('center_axis',(0.,0.,-1.));
#9713=DIRECTION('ref_axis',(-1.,0.,0.));
#9714=DIRECTION('center_axis',(0.,-1.,0.));
#9715=DIRECTION('ref_axis',(1.,0.,0.));
#9716=DIRECTION('center_axis',(0.,0.,1.));
#9717=DIRECTION('ref_axis',(1.,0.,0.));
#9718=DIRECTION('center_axis',(0.,0.,-1.));
#9719=DIRECTION('ref_axis',(1.,0.,0.));
#9720=DIRECTION('center_axis',(0.,-1.,0.));
#9721=DIRECTION('ref_axis',(-1.,0.,0.));
#9722=DIRECTION('center_axis',(0.,0.,1.));
#9723=DIRECTION('ref_axis',(1.,0.,0.));
#9724=DIRECTION('center_axis',(0.,0.,1.));
#9725=DIRECTION('ref_axis',(1.,0.,0.));
#9726=DIRECTION('center_axis',(0.,0.,-1.));
#9727=DIRECTION('ref_axis',(1.,0.,0.));
#9728=DIRECTION('center_axis',(0.,0.,1.));
#9729=DIRECTION('ref_axis',(1.,0.,0.));
#9730=DIRECTION('center_axis',(0.,0.,1.));
#9731=DIRECTION('ref_axis',(1.,0.,0.));
#9732=DIRECTION('',(0.,0.,-1.));
#9733=DIRECTION('center_axis',(0.,0.,-1.));
#9734=DIRECTION('ref_axis',(-1.,0.,0.));
#9735=DIRECTION('center_axis',(0.,0.,1.));
#9736=DIRECTION('ref_axis',(1.,0.,0.));
#9737=DIRECTION('center_axis',(0.,-1.,0.));
#9738=DIRECTION('ref_axis',(1.,0.,0.));
#9739=DIRECTION('center_axis',(0.,0.,1.));
#9740=DIRECTION('ref_axis',(1.,0.,0.));
#9741=DIRECTION('center_axis',(0.,0.,1.));
#9742=DIRECTION('ref_axis',(1.,0.,0.));
#9743=DIRECTION('center_axis',(0.,0.,-1.));
#9744=DIRECTION('ref_axis',(1.,0.,0.));
#9745=DIRECTION('',(0.,0.,-1.));
#9746=DIRECTION('center_axis',(0.,0.,-1.));
#9747=DIRECTION('ref_axis',(1.,0.,0.));
#9748=DIRECTION('center_axis',(0.,0.,1.));
#9749=DIRECTION('ref_axis',(1.,0.,0.));
#9750=DIRECTION('center_axis',(0.,0.,-1.));
#9751=DIRECTION('ref_axis',(1.,0.,0.));
#9752=DIRECTION('center_axis',(0.,-1.,0.));
#9753=DIRECTION('ref_axis',(-1.,0.,0.));
#9754=DIRECTION('center_axis',(0.,0.,1.));
#9755=DIRECTION('ref_axis',(1.,0.,0.));
#9756=DIRECTION('center_axis',(0.,0.,1.));
#9757=DIRECTION('ref_axis',(1.,0.,0.));
#9758=DIRECTION('center_axis',(0.,0.,-1.));
#9759=DIRECTION('ref_axis',(-1.,0.,0.));
#9760=DIRECTION('center_axis',(0.,-1.,0.));
#9761=DIRECTION('ref_axis',(1.,0.,0.));
#9762=DIRECTION('center_axis',(0.,0.,1.));
#9763=DIRECTION('ref_axis',(1.,0.,0.));
#9764=DIRECTION('center_axis',(0.,0.,-1.));
#9765=DIRECTION('ref_axis',(1.,0.,0.));
#9766=DIRECTION('center_axis',(0.,-1.,0.));
#9767=DIRECTION('ref_axis',(-1.,0.,0.));
#9768=DIRECTION('center_axis',(0.,0.,1.));
#9769=DIRECTION('ref_axis',(1.,0.,0.));
#9770=DIRECTION('center_axis',(0.,0.,1.));
#9771=DIRECTION('ref_axis',(1.,0.,0.));
#9772=DIRECTION('center_axis',(0.,0.,-1.));
#9773=DIRECTION('ref_axis',(1.,0.,0.));
#9774=DIRECTION('center_axis',(0.,0.,1.));
#9775=DIRECTION('ref_axis',(1.,0.,0.));
#9776=DIRECTION('center_axis',(0.,0.,1.));
#9777=DIRECTION('ref_axis',(1.,0.,0.));
#9778=DIRECTION('',(0.,0.,-1.));
#9779=DIRECTION('center_axis',(0.,0.,-1.));
#9780=DIRECTION('ref_axis',(-1.,0.,0.));
#9781=DIRECTION('center_axis',(0.,0.,1.));
#9782=DIRECTION('ref_axis',(1.,0.,0.));
#9783=DIRECTION('center_axis',(0.,-1.,0.));
#9784=DIRECTION('ref_axis',(1.,0.,0.));
#9785=DIRECTION('center_axis',(0.,0.,1.));
#9786=DIRECTION('ref_axis',(1.,0.,0.));
#9787=DIRECTION('center_axis',(0.,0.,1.));
#9788=DIRECTION('ref_axis',(1.,0.,0.));
#9789=DIRECTION('center_axis',(0.,0.,-1.));
#9790=DIRECTION('ref_axis',(1.,0.,0.));
#9791=DIRECTION('',(0.,0.,-1.));
#9792=DIRECTION('center_axis',(0.,0.,-1.));
#9793=DIRECTION('ref_axis',(1.,0.,0.));
#9794=DIRECTION('center_axis',(0.,0.,1.));
#9795=DIRECTION('ref_axis',(1.,0.,0.));
#9796=DIRECTION('center_axis',(0.,0.,-1.));
#9797=DIRECTION('ref_axis',(1.,0.,0.));
#9798=DIRECTION('center_axis',(0.,-1.,0.));
#9799=DIRECTION('ref_axis',(-1.,0.,0.));
#9800=DIRECTION('center_axis',(0.,0.,1.));
#9801=DIRECTION('ref_axis',(1.,0.,0.));
#9802=DIRECTION('center_axis',(0.,0.,1.));
#9803=DIRECTION('ref_axis',(1.,0.,0.));
#9804=DIRECTION('center_axis',(0.,0.,-1.));
#9805=DIRECTION('ref_axis',(-1.,0.,0.));
#9806=DIRECTION('center_axis',(0.,-1.,0.));
#9807=DIRECTION('ref_axis',(1.,0.,0.));
#9808=DIRECTION('center_axis',(0.,0.,1.));
#9809=DIRECTION('ref_axis',(1.,0.,0.));
#9810=DIRECTION('center_axis',(0.,0.,-1.));
#9811=DIRECTION('ref_axis',(1.,0.,0.));
#9812=DIRECTION('center_axis',(0.,-1.,0.));
#9813=DIRECTION('ref_axis',(-1.,0.,0.));
#9814=DIRECTION('center_axis',(0.,0.,1.));
#9815=DIRECTION('ref_axis',(1.,0.,0.));
#9816=DIRECTION('center_axis',(0.,0.,1.));
#9817=DIRECTION('ref_axis',(1.,0.,0.));
#9818=DIRECTION('center_axis',(0.,0.,-1.));
#9819=DIRECTION('ref_axis',(1.,0.,0.));
#9820=DIRECTION('center_axis',(0.,0.,1.));
#9821=DIRECTION('ref_axis',(1.,0.,0.));
#9822=DIRECTION('center_axis',(0.,0.,1.));
#9823=DIRECTION('ref_axis',(1.,0.,0.));
#9824=DIRECTION('',(0.,0.,-1.));
#9825=DIRECTION('center_axis',(0.,0.,-1.));
#9826=DIRECTION('ref_axis',(-1.,0.,0.));
#9827=DIRECTION('center_axis',(0.,0.,1.));
#9828=DIRECTION('ref_axis',(1.,0.,0.));
#9829=DIRECTION('center_axis',(0.,-1.,0.));
#9830=DIRECTION('ref_axis',(1.,0.,0.));
#9831=DIRECTION('center_axis',(0.,0.,1.));
#9832=DIRECTION('ref_axis',(1.,0.,0.));
#9833=DIRECTION('center_axis',(0.,0.,1.));
#9834=DIRECTION('ref_axis',(1.,0.,0.));
#9835=DIRECTION('center_axis',(0.,0.,-1.));
#9836=DIRECTION('ref_axis',(1.,0.,0.));
#9837=DIRECTION('',(0.,0.,-1.));
#9838=DIRECTION('center_axis',(0.,0.,-1.));
#9839=DIRECTION('ref_axis',(1.,0.,0.));
#9840=DIRECTION('center_axis',(0.,0.,1.));
#9841=DIRECTION('ref_axis',(1.,0.,0.));
#9842=DIRECTION('center_axis',(0.,0.,-1.));
#9843=DIRECTION('ref_axis',(1.,0.,0.));
#9844=DIRECTION('center_axis',(0.,-1.,0.));
#9845=DIRECTION('ref_axis',(-1.,0.,0.));
#9846=DIRECTION('center_axis',(0.,0.,1.));
#9847=DIRECTION('ref_axis',(1.,0.,0.));
#9848=DIRECTION('center_axis',(0.,0.,1.));
#9849=DIRECTION('ref_axis',(1.,0.,0.));
#9850=DIRECTION('center_axis',(0.,0.,-1.));
#9851=DIRECTION('ref_axis',(-1.,0.,0.));
#9852=DIRECTION('center_axis',(0.,-1.,0.));
#9853=DIRECTION('ref_axis',(1.,0.,0.));
#9854=DIRECTION('center_axis',(0.,0.,1.));
#9855=DIRECTION('ref_axis',(1.,0.,0.));
#9856=DIRECTION('center_axis',(0.,0.,-1.));
#9857=DIRECTION('ref_axis',(1.,0.,0.));
#9858=DIRECTION('center_axis',(0.,-1.,0.));
#9859=DIRECTION('ref_axis',(-1.,0.,0.));
#9860=DIRECTION('center_axis',(0.,0.,1.));
#9861=DIRECTION('ref_axis',(1.,0.,0.));
#9862=DIRECTION('center_axis',(0.,0.,1.));
#9863=DIRECTION('ref_axis',(1.,0.,0.));
#9864=DIRECTION('center_axis',(0.,0.,-1.));
#9865=DIRECTION('ref_axis',(1.,0.,0.));
#9866=DIRECTION('center_axis',(0.,0.,1.));
#9867=DIRECTION('ref_axis',(1.,0.,0.));
#9868=DIRECTION('center_axis',(0.,0.,1.));
#9869=DIRECTION('ref_axis',(1.,0.,0.));
#9870=DIRECTION('',(0.,0.,-1.));
#9871=DIRECTION('center_axis',(0.,0.,-1.));
#9872=DIRECTION('ref_axis',(-1.,0.,0.));
#9873=DIRECTION('center_axis',(0.,0.,1.));
#9874=DIRECTION('ref_axis',(1.,0.,0.));
#9875=DIRECTION('center_axis',(0.,-1.,0.));
#9876=DIRECTION('ref_axis',(1.,0.,0.));
#9877=DIRECTION('center_axis',(0.,0.,1.));
#9878=DIRECTION('ref_axis',(1.,0.,0.));
#9879=DIRECTION('center_axis',(0.,0.,1.));
#9880=DIRECTION('ref_axis',(1.,0.,0.));
#9881=DIRECTION('center_axis',(0.,0.,-1.));
#9882=DIRECTION('ref_axis',(1.,0.,0.));
#9883=DIRECTION('',(0.,0.,-1.));
#9884=DIRECTION('center_axis',(0.,0.,-1.));
#9885=DIRECTION('ref_axis',(1.,0.,0.));
#9886=DIRECTION('center_axis',(0.,0.,1.));
#9887=DIRECTION('ref_axis',(1.,0.,0.));
#9888=DIRECTION('center_axis',(0.,0.,-1.));
#9889=DIRECTION('ref_axis',(1.,0.,0.));
#9890=DIRECTION('center_axis',(0.,-1.,0.));
#9891=DIRECTION('ref_axis',(-1.,0.,0.));
#9892=DIRECTION('center_axis',(0.,0.,1.));
#9893=DIRECTION('ref_axis',(1.,0.,0.));
#9894=DIRECTION('center_axis',(0.,0.,1.));
#9895=DIRECTION('ref_axis',(1.,0.,0.));
#9896=DIRECTION('center_axis',(0.,0.,-1.));
#9897=DIRECTION('ref_axis',(-1.,0.,0.));
#9898=DIRECTION('center_axis',(0.,-1.,0.));
#9899=DIRECTION('ref_axis',(1.,0.,0.));
#9900=DIRECTION('center_axis',(0.,0.,1.));
#9901=DIRECTION('ref_axis',(1.,0.,0.));
#9902=DIRECTION('center_axis',(0.,0.,-1.));
#9903=DIRECTION('ref_axis',(1.,0.,0.));
#9904=DIRECTION('center_axis',(0.,-1.,0.));
#9905=DIRECTION('ref_axis',(-1.,0.,0.));
#9906=DIRECTION('center_axis',(0.,0.,1.));
#9907=DIRECTION('ref_axis',(1.,0.,0.));
#9908=DIRECTION('center_axis',(0.,0.,1.));
#9909=DIRECTION('ref_axis',(1.,0.,0.));
#9910=DIRECTION('center_axis',(0.,0.,-1.));
#9911=DIRECTION('ref_axis',(1.,0.,0.));
#9912=DIRECTION('center_axis',(0.,0.,1.));
#9913=DIRECTION('ref_axis',(1.,0.,0.));
#9914=DIRECTION('center_axis',(0.,0.,1.));
#9915=DIRECTION('ref_axis',(1.,0.,0.));
#9916=DIRECTION('',(0.,0.,-1.));
#9917=DIRECTION('center_axis',(0.,0.,-1.));
#9918=DIRECTION('ref_axis',(-1.,0.,0.));
#9919=DIRECTION('center_axis',(0.,0.,1.));
#9920=DIRECTION('ref_axis',(1.,0.,0.));
#9921=DIRECTION('center_axis',(0.,-1.,0.));
#9922=DIRECTION('ref_axis',(1.,0.,0.));
#9923=DIRECTION('center_axis',(0.,0.,1.));
#9924=DIRECTION('ref_axis',(1.,0.,0.));
#9925=DIRECTION('center_axis',(0.,0.,1.));
#9926=DIRECTION('ref_axis',(1.,0.,0.));
#9927=DIRECTION('center_axis',(0.,0.,-1.));
#9928=DIRECTION('ref_axis',(1.,0.,0.));
#9929=DIRECTION('',(0.,0.,-1.));
#9930=DIRECTION('center_axis',(0.,0.,-1.));
#9931=DIRECTION('ref_axis',(1.,0.,0.));
#9932=DIRECTION('center_axis',(0.,0.,1.));
#9933=DIRECTION('ref_axis',(1.,0.,0.));
#9934=DIRECTION('center_axis',(0.,0.,-1.));
#9935=DIRECTION('ref_axis',(1.,0.,0.));
#9936=DIRECTION('center_axis',(0.,-1.,0.));
#9937=DIRECTION('ref_axis',(-1.,0.,0.));
#9938=DIRECTION('center_axis',(0.,0.,1.));
#9939=DIRECTION('ref_axis',(1.,0.,0.));
#9940=DIRECTION('center_axis',(0.,0.,1.));
#9941=DIRECTION('ref_axis',(1.,0.,0.));
#9942=DIRECTION('center_axis',(0.,0.,-1.));
#9943=DIRECTION('ref_axis',(-1.,0.,0.));
#9944=DIRECTION('center_axis',(0.,-1.,0.));
#9945=DIRECTION('ref_axis',(1.,0.,0.));
#9946=DIRECTION('center_axis',(0.,0.,1.));
#9947=DIRECTION('ref_axis',(1.,0.,0.));
#9948=DIRECTION('center_axis',(0.,0.,-1.));
#9949=DIRECTION('ref_axis',(1.,0.,0.));
#9950=DIRECTION('center_axis',(0.,-1.,0.));
#9951=DIRECTION('ref_axis',(-1.,0.,0.));
#9952=DIRECTION('center_axis',(0.,0.,1.));
#9953=DIRECTION('ref_axis',(1.,0.,0.));
#9954=DIRECTION('center_axis',(0.,0.,1.));
#9955=DIRECTION('ref_axis',(1.,0.,0.));
#9956=DIRECTION('center_axis',(0.,0.,-1.));
#9957=DIRECTION('ref_axis',(1.,0.,0.));
#9958=DIRECTION('center_axis',(0.,0.,1.));
#9959=DIRECTION('ref_axis',(1.,0.,0.));
#9960=DIRECTION('center_axis',(0.,0.,1.));
#9961=DIRECTION('ref_axis',(1.,0.,0.));
#9962=DIRECTION('',(0.,0.,-1.));
#9963=DIRECTION('center_axis',(0.,0.,-1.));
#9964=DIRECTION('ref_axis',(-1.,0.,0.));
#9965=DIRECTION('center_axis',(0.,0.,1.));
#9966=DIRECTION('ref_axis',(1.,0.,0.));
#9967=DIRECTION('center_axis',(0.,-1.,0.));
#9968=DIRECTION('ref_axis',(1.,0.,0.));
#9969=DIRECTION('center_axis',(0.,0.,1.));
#9970=DIRECTION('ref_axis',(1.,0.,0.));
#9971=DIRECTION('center_axis',(0.,0.,1.));
#9972=DIRECTION('ref_axis',(1.,0.,0.));
#9973=DIRECTION('center_axis',(0.,0.,-1.));
#9974=DIRECTION('ref_axis',(1.,0.,0.));
#9975=DIRECTION('',(0.,0.,-1.));
#9976=DIRECTION('center_axis',(0.,0.,-1.));
#9977=DIRECTION('ref_axis',(1.,0.,0.));
#9978=DIRECTION('center_axis',(0.,0.,1.));
#9979=DIRECTION('ref_axis',(1.,0.,0.));
#9980=DIRECTION('center_axis',(0.,0.,-1.));
#9981=DIRECTION('ref_axis',(1.,0.,0.));
#9982=DIRECTION('center_axis',(0.,-1.,0.));
#9983=DIRECTION('ref_axis',(-1.,0.,0.));
#9984=DIRECTION('center_axis',(0.,0.,1.));
#9985=DIRECTION('ref_axis',(1.,0.,0.));
#9986=DIRECTION('center_axis',(0.,0.,1.));
#9987=DIRECTION('ref_axis',(1.,0.,0.));
#9988=DIRECTION('center_axis',(0.,0.,-1.));
#9989=DIRECTION('ref_axis',(-1.,0.,0.));
#9990=DIRECTION('center_axis',(0.,-1.,0.));
#9991=DIRECTION('ref_axis',(1.,0.,0.));
#9992=DIRECTION('center_axis',(0.,0.,1.));
#9993=DIRECTION('ref_axis',(1.,0.,0.));
#9994=DIRECTION('center_axis',(0.,0.,-1.));
#9995=DIRECTION('ref_axis',(1.,0.,0.));
#9996=DIRECTION('center_axis',(0.,-1.,0.));
#9997=DIRECTION('ref_axis',(-1.,0.,0.));
#9998=DIRECTION('center_axis',(0.,0.,1.));
#9999=DIRECTION('ref_axis',(1.,0.,0.));
#10000=DIRECTION('center_axis',(0.,0.,1.));
#10001=DIRECTION('ref_axis',(1.,0.,0.));
#10002=DIRECTION('center_axis',(0.,0.,-1.));
#10003=DIRECTION('ref_axis',(1.,0.,0.));
#10004=DIRECTION('center_axis',(0.,0.,1.));
#10005=DIRECTION('ref_axis',(1.,0.,0.));
#10006=DIRECTION('center_axis',(0.,0.,1.));
#10007=DIRECTION('ref_axis',(1.,0.,0.));
#10008=DIRECTION('',(0.,0.,-1.));
#10009=DIRECTION('center_axis',(0.,0.,-1.));
#10010=DIRECTION('ref_axis',(-1.,0.,0.));
#10011=DIRECTION('center_axis',(0.,0.,1.));
#10012=DIRECTION('ref_axis',(1.,0.,0.));
#10013=DIRECTION('center_axis',(0.,-1.,0.));
#10014=DIRECTION('ref_axis',(1.,0.,0.));
#10015=DIRECTION('center_axis',(0.,0.,1.));
#10016=DIRECTION('ref_axis',(1.,0.,0.));
#10017=DIRECTION('center_axis',(0.,0.,1.));
#10018=DIRECTION('ref_axis',(1.,0.,0.));
#10019=DIRECTION('center_axis',(0.,0.,-1.));
#10020=DIRECTION('ref_axis',(1.,0.,0.));
#10021=DIRECTION('',(0.,0.,-1.));
#10022=DIRECTION('center_axis',(0.,0.,-1.));
#10023=DIRECTION('ref_axis',(1.,0.,0.));
#10024=DIRECTION('center_axis',(0.,0.,1.));
#10025=DIRECTION('ref_axis',(1.,0.,0.));
#10026=DIRECTION('center_axis',(0.,0.,-1.));
#10027=DIRECTION('ref_axis',(1.,0.,0.));
#10028=DIRECTION('center_axis',(0.,-1.,0.));
#10029=DIRECTION('ref_axis',(-1.,0.,0.));
#10030=DIRECTION('center_axis',(0.,0.,1.));
#10031=DIRECTION('ref_axis',(1.,0.,0.));
#10032=DIRECTION('center_axis',(0.,0.,1.));
#10033=DIRECTION('ref_axis',(1.,0.,0.));
#10034=DIRECTION('center_axis',(0.,0.,-1.));
#10035=DIRECTION('ref_axis',(-1.,0.,0.));
#10036=DIRECTION('center_axis',(0.,-1.,0.));
#10037=DIRECTION('ref_axis',(1.,0.,0.));
#10038=DIRECTION('center_axis',(0.,0.,1.));
#10039=DIRECTION('ref_axis',(1.,0.,0.));
#10040=DIRECTION('center_axis',(0.,0.,-1.));
#10041=DIRECTION('ref_axis',(1.,0.,0.));
#10042=DIRECTION('center_axis',(0.,-1.,0.));
#10043=DIRECTION('ref_axis',(-1.,0.,0.));
#10044=DIRECTION('center_axis',(0.,0.,1.));
#10045=DIRECTION('ref_axis',(1.,0.,0.));
#10046=DIRECTION('center_axis',(0.,0.,1.));
#10047=DIRECTION('ref_axis',(1.,0.,0.));
#10048=DIRECTION('center_axis',(0.,0.,-1.));
#10049=DIRECTION('ref_axis',(1.,0.,0.));
#10050=DIRECTION('center_axis',(0.,0.,1.));
#10051=DIRECTION('ref_axis',(1.,0.,0.));
#10052=DIRECTION('center_axis',(0.,0.,1.));
#10053=DIRECTION('ref_axis',(1.,0.,0.));
#10054=DIRECTION('',(0.,0.,-1.));
#10055=DIRECTION('center_axis',(0.,0.,-1.));
#10056=DIRECTION('ref_axis',(-1.,0.,0.));
#10057=DIRECTION('center_axis',(0.,0.,1.));
#10058=DIRECTION('ref_axis',(1.,0.,0.));
#10059=DIRECTION('center_axis',(0.,-1.,0.));
#10060=DIRECTION('ref_axis',(1.,0.,0.));
#10061=DIRECTION('center_axis',(0.,0.,1.));
#10062=DIRECTION('ref_axis',(1.,0.,0.));
#10063=DIRECTION('center_axis',(0.,0.,1.));
#10064=DIRECTION('ref_axis',(1.,0.,0.));
#10065=DIRECTION('center_axis',(0.,0.,-1.));
#10066=DIRECTION('ref_axis',(1.,0.,0.));
#10067=DIRECTION('',(0.,0.,-1.));
#10068=DIRECTION('center_axis',(0.,0.,-1.));
#10069=DIRECTION('ref_axis',(1.,0.,0.));
#10070=DIRECTION('center_axis',(0.,0.,1.));
#10071=DIRECTION('ref_axis',(1.,0.,0.));
#10072=DIRECTION('center_axis',(0.,0.,-1.));
#10073=DIRECTION('ref_axis',(1.,0.,0.));
#10074=DIRECTION('center_axis',(0.,-1.,0.));
#10075=DIRECTION('ref_axis',(-1.,0.,0.));
#10076=DIRECTION('center_axis',(0.,0.,1.));
#10077=DIRECTION('ref_axis',(1.,0.,0.));
#10078=DIRECTION('center_axis',(0.,0.,1.));
#10079=DIRECTION('ref_axis',(1.,0.,0.));
#10080=DIRECTION('center_axis',(0.,0.,-1.));
#10081=DIRECTION('ref_axis',(-1.,0.,0.));
#10082=DIRECTION('center_axis',(0.,-1.,0.));
#10083=DIRECTION('ref_axis',(1.,0.,0.));
#10084=DIRECTION('center_axis',(0.,0.,1.));
#10085=DIRECTION('ref_axis',(1.,0.,0.));
#10086=DIRECTION('center_axis',(0.,0.,-1.));
#10087=DIRECTION('ref_axis',(1.,0.,0.));
#10088=DIRECTION('center_axis',(0.,-1.,0.));
#10089=DIRECTION('ref_axis',(-1.,0.,0.));
#10090=DIRECTION('center_axis',(0.,0.,1.));
#10091=DIRECTION('ref_axis',(1.,0.,0.));
#10092=DIRECTION('center_axis',(0.,0.,1.));
#10093=DIRECTION('ref_axis',(1.,0.,0.));
#10094=DIRECTION('center_axis',(0.,0.,-1.));
#10095=DIRECTION('ref_axis',(1.,0.,0.));
#10096=DIRECTION('center_axis',(0.,0.,1.));
#10097=DIRECTION('ref_axis',(1.,0.,0.));
#10098=DIRECTION('center_axis',(0.,0.,1.));
#10099=DIRECTION('ref_axis',(1.,0.,0.));
#10100=DIRECTION('',(0.,0.,-1.));
#10101=DIRECTION('center_axis',(0.,0.,-1.));
#10102=DIRECTION('ref_axis',(-1.,0.,0.));
#10103=DIRECTION('center_axis',(0.,0.,1.));
#10104=DIRECTION('ref_axis',(1.,0.,0.));
#10105=DIRECTION('center_axis',(0.,-1.,0.));
#10106=DIRECTION('ref_axis',(1.,0.,0.));
#10107=DIRECTION('center_axis',(0.,0.,1.));
#10108=DIRECTION('ref_axis',(1.,0.,0.));
#10109=DIRECTION('center_axis',(0.,0.,1.));
#10110=DIRECTION('ref_axis',(1.,0.,0.));
#10111=DIRECTION('center_axis',(0.,0.,-1.));
#10112=DIRECTION('ref_axis',(1.,0.,0.));
#10113=DIRECTION('',(0.,0.,-1.));
#10114=DIRECTION('center_axis',(0.,0.,-1.));
#10115=DIRECTION('ref_axis',(1.,0.,0.));
#10116=DIRECTION('center_axis',(0.,0.,1.));
#10117=DIRECTION('ref_axis',(1.,0.,0.));
#10118=DIRECTION('center_axis',(0.,0.,-1.));
#10119=DIRECTION('ref_axis',(1.,0.,0.));
#10120=DIRECTION('center_axis',(0.,-1.,0.));
#10121=DIRECTION('ref_axis',(-1.,0.,0.));
#10122=DIRECTION('center_axis',(0.,0.,1.));
#10123=DIRECTION('ref_axis',(1.,0.,0.));
#10124=DIRECTION('center_axis',(0.,0.,1.));
#10125=DIRECTION('ref_axis',(1.,0.,0.));
#10126=DIRECTION('center_axis',(0.,0.,-1.));
#10127=DIRECTION('ref_axis',(-1.,0.,0.));
#10128=DIRECTION('center_axis',(0.,-1.,0.));
#10129=DIRECTION('ref_axis',(1.,0.,0.));
#10130=DIRECTION('center_axis',(0.,0.,1.));
#10131=DIRECTION('ref_axis',(1.,0.,0.));
#10132=DIRECTION('center_axis',(0.,0.,-1.));
#10133=DIRECTION('ref_axis',(1.,0.,0.));
#10134=DIRECTION('center_axis',(0.,-1.,0.));
#10135=DIRECTION('ref_axis',(-1.,0.,0.));
#10136=DIRECTION('center_axis',(0.,0.,1.));
#10137=DIRECTION('ref_axis',(1.,0.,0.));
#10138=DIRECTION('center_axis',(0.,0.,1.));
#10139=DIRECTION('ref_axis',(1.,0.,0.));
#10140=DIRECTION('center_axis',(0.,0.,-1.));
#10141=DIRECTION('ref_axis',(1.,0.,0.));
#10142=DIRECTION('center_axis',(0.,0.,1.));
#10143=DIRECTION('ref_axis',(1.,0.,0.));
#10144=DIRECTION('center_axis',(0.,0.,1.));
#10145=DIRECTION('ref_axis',(1.,0.,0.));
#10146=DIRECTION('',(0.,0.,-1.));
#10147=DIRECTION('center_axis',(0.,0.,-1.));
#10148=DIRECTION('ref_axis',(-1.,0.,0.));
#10149=DIRECTION('center_axis',(0.,0.,1.));
#10150=DIRECTION('ref_axis',(1.,0.,0.));
#10151=DIRECTION('center_axis',(0.,-1.,0.));
#10152=DIRECTION('ref_axis',(1.,0.,0.));
#10153=DIRECTION('center_axis',(0.,0.,1.));
#10154=DIRECTION('ref_axis',(1.,0.,0.));
#10155=DIRECTION('center_axis',(0.,0.,1.));
#10156=DIRECTION('ref_axis',(1.,0.,0.));
#10157=DIRECTION('center_axis',(0.,0.,-1.));
#10158=DIRECTION('ref_axis',(1.,0.,0.));
#10159=DIRECTION('',(0.,0.,-1.));
#10160=DIRECTION('center_axis',(0.,0.,-1.));
#10161=DIRECTION('ref_axis',(1.,0.,0.));
#10162=DIRECTION('center_axis',(0.,0.,1.));
#10163=DIRECTION('ref_axis',(1.,0.,0.));
#10164=DIRECTION('center_axis',(0.,0.,-1.));
#10165=DIRECTION('ref_axis',(1.,0.,0.));
#10166=DIRECTION('center_axis',(0.,-1.,0.));
#10167=DIRECTION('ref_axis',(-1.,0.,0.));
#10168=DIRECTION('center_axis',(0.,0.,1.));
#10169=DIRECTION('ref_axis',(1.,0.,0.));
#10170=DIRECTION('center_axis',(0.,0.,1.));
#10171=DIRECTION('ref_axis',(1.,0.,0.));
#10172=DIRECTION('center_axis',(0.,0.,-1.));
#10173=DIRECTION('ref_axis',(-1.,0.,0.));
#10174=DIRECTION('center_axis',(0.,-1.,0.));
#10175=DIRECTION('ref_axis',(1.,0.,0.));
#10176=DIRECTION('center_axis',(0.,0.,1.));
#10177=DIRECTION('ref_axis',(1.,0.,0.));
#10178=DIRECTION('center_axis',(0.,0.,-1.));
#10179=DIRECTION('ref_axis',(1.,0.,0.));
#10180=DIRECTION('center_axis',(0.,-1.,0.));
#10181=DIRECTION('ref_axis',(-1.,0.,0.));
#10182=DIRECTION('center_axis',(0.,0.,1.));
#10183=DIRECTION('ref_axis',(1.,0.,0.));
#10184=DIRECTION('center_axis',(0.,0.,1.));
#10185=DIRECTION('ref_axis',(1.,0.,0.));
#10186=DIRECTION('center_axis',(0.,0.,-1.));
#10187=DIRECTION('ref_axis',(1.,0.,0.));
#10188=DIRECTION('center_axis',(0.,0.,1.));
#10189=DIRECTION('ref_axis',(1.,0.,0.));
#10190=DIRECTION('center_axis',(0.,0.,1.));
#10191=DIRECTION('ref_axis',(1.,0.,0.));
#10192=DIRECTION('',(0.,0.,-1.));
#10193=DIRECTION('center_axis',(0.,0.,-1.));
#10194=DIRECTION('ref_axis',(-1.,0.,0.));
#10195=DIRECTION('center_axis',(0.,0.,1.));
#10196=DIRECTION('ref_axis',(1.,0.,0.));
#10197=DIRECTION('center_axis',(0.,-1.,0.));
#10198=DIRECTION('ref_axis',(1.,0.,0.));
#10199=DIRECTION('center_axis',(0.,0.,1.));
#10200=DIRECTION('ref_axis',(1.,0.,0.));
#10201=DIRECTION('center_axis',(0.,0.,1.));
#10202=DIRECTION('ref_axis',(1.,0.,0.));
#10203=DIRECTION('center_axis',(0.,0.,-1.));
#10204=DIRECTION('ref_axis',(1.,0.,0.));
#10205=DIRECTION('',(0.,0.,-1.));
#10206=DIRECTION('center_axis',(0.,0.,-1.));
#10207=DIRECTION('ref_axis',(1.,0.,0.));
#10208=DIRECTION('center_axis',(0.,0.,1.));
#10209=DIRECTION('ref_axis',(1.,0.,0.));
#10210=DIRECTION('center_axis',(0.,0.,-1.));
#10211=DIRECTION('ref_axis',(1.,0.,0.));
#10212=DIRECTION('center_axis',(0.,-1.,0.));
#10213=DIRECTION('ref_axis',(-1.,0.,0.));
#10214=DIRECTION('center_axis',(0.,0.,1.));
#10215=DIRECTION('ref_axis',(1.,0.,0.));
#10216=DIRECTION('center_axis',(0.,0.,1.));
#10217=DIRECTION('ref_axis',(1.,0.,0.));
#10218=DIRECTION('center_axis',(0.,0.,-1.));
#10219=DIRECTION('ref_axis',(-1.,0.,0.));
#10220=DIRECTION('center_axis',(0.,-1.,0.));
#10221=DIRECTION('ref_axis',(1.,0.,0.));
#10222=DIRECTION('center_axis',(0.,0.,1.));
#10223=DIRECTION('ref_axis',(1.,0.,0.));
#10224=DIRECTION('center_axis',(0.,0.,-1.));
#10225=DIRECTION('ref_axis',(1.,0.,0.));
#10226=DIRECTION('center_axis',(0.,-1.,0.));
#10227=DIRECTION('ref_axis',(-1.,0.,0.));
#10228=DIRECTION('center_axis',(0.,0.,1.));
#10229=DIRECTION('ref_axis',(1.,0.,0.));
#10230=DIRECTION('center_axis',(0.,0.,1.));
#10231=DIRECTION('ref_axis',(1.,0.,0.));
#10232=DIRECTION('center_axis',(0.,0.,-1.));
#10233=DIRECTION('ref_axis',(1.,0.,0.));
#10234=DIRECTION('center_axis',(0.,0.,1.));
#10235=DIRECTION('ref_axis',(1.,0.,0.));
#10236=DIRECTION('center_axis',(0.,0.,1.));
#10237=DIRECTION('ref_axis',(1.,0.,0.));
#10238=DIRECTION('',(0.,0.,-1.));
#10239=DIRECTION('center_axis',(0.,0.,-1.));
#10240=DIRECTION('ref_axis',(-1.,0.,0.));
#10241=DIRECTION('center_axis',(0.,0.,1.));
#10242=DIRECTION('ref_axis',(1.,0.,0.));
#10243=DIRECTION('center_axis',(0.,-1.,0.));
#10244=DIRECTION('ref_axis',(1.,0.,0.));
#10245=DIRECTION('center_axis',(0.,0.,1.));
#10246=DIRECTION('ref_axis',(1.,0.,0.));
#10247=DIRECTION('center_axis',(0.,0.,1.));
#10248=DIRECTION('ref_axis',(1.,0.,0.));
#10249=DIRECTION('center_axis',(0.,0.,-1.));
#10250=DIRECTION('ref_axis',(1.,0.,0.));
#10251=DIRECTION('',(0.,0.,-1.));
#10252=DIRECTION('center_axis',(0.,0.,-1.));
#10253=DIRECTION('ref_axis',(1.,0.,0.));
#10254=DIRECTION('center_axis',(0.,0.,1.));
#10255=DIRECTION('ref_axis',(1.,0.,0.));
#10256=DIRECTION('center_axis',(0.,0.,-1.));
#10257=DIRECTION('ref_axis',(1.,0.,0.));
#10258=DIRECTION('center_axis',(0.,-1.,0.));
#10259=DIRECTION('ref_axis',(-1.,0.,0.));
#10260=DIRECTION('center_axis',(0.,0.,1.));
#10261=DIRECTION('ref_axis',(1.,0.,0.));
#10262=DIRECTION('center_axis',(0.,0.,1.));
#10263=DIRECTION('ref_axis',(1.,0.,0.));
#10264=DIRECTION('center_axis',(0.,0.,-1.));
#10265=DIRECTION('ref_axis',(-1.,0.,0.));
#10266=DIRECTION('center_axis',(0.,-1.,0.));
#10267=DIRECTION('ref_axis',(1.,0.,0.));
#10268=DIRECTION('center_axis',(0.,0.,1.));
#10269=DIRECTION('ref_axis',(1.,0.,0.));
#10270=DIRECTION('center_axis',(0.,0.,-1.));
#10271=DIRECTION('ref_axis',(1.,0.,0.));
#10272=DIRECTION('center_axis',(0.,-1.,0.));
#10273=DIRECTION('ref_axis',(-1.,0.,0.));
#10274=DIRECTION('center_axis',(0.,0.,1.));
#10275=DIRECTION('ref_axis',(1.,0.,0.));
#10276=DIRECTION('center_axis',(0.,0.,1.));
#10277=DIRECTION('ref_axis',(1.,0.,0.));
#10278=DIRECTION('center_axis',(0.,0.,-1.));
#10279=DIRECTION('ref_axis',(1.,0.,0.));
#10280=DIRECTION('center_axis',(0.,0.,1.));
#10281=DIRECTION('ref_axis',(1.,0.,0.));
#10282=DIRECTION('center_axis',(0.,0.,1.));
#10283=DIRECTION('ref_axis',(1.,0.,0.));
#10284=DIRECTION('',(0.,0.,-1.));
#10285=DIRECTION('center_axis',(0.,0.,-1.));
#10286=DIRECTION('ref_axis',(-1.,0.,0.));
#10287=DIRECTION('center_axis',(0.,0.,1.));
#10288=DIRECTION('ref_axis',(1.,0.,0.));
#10289=DIRECTION('center_axis',(0.,-1.,0.));
#10290=DIRECTION('ref_axis',(1.,0.,0.));
#10291=DIRECTION('center_axis',(0.,0.,1.));
#10292=DIRECTION('ref_axis',(1.,0.,0.));
#10293=DIRECTION('center_axis',(0.,0.,1.));
#10294=DIRECTION('ref_axis',(1.,0.,0.));
#10295=DIRECTION('center_axis',(0.,0.,-1.));
#10296=DIRECTION('ref_axis',(1.,0.,0.));
#10297=DIRECTION('',(0.,0.,-1.));
#10298=DIRECTION('center_axis',(0.,0.,-1.));
#10299=DIRECTION('ref_axis',(1.,0.,0.));
#10300=DIRECTION('center_axis',(0.,0.,1.));
#10301=DIRECTION('ref_axis',(1.,0.,0.));
#10302=DIRECTION('center_axis',(0.,0.,-1.));
#10303=DIRECTION('ref_axis',(1.,0.,0.));
#10304=DIRECTION('center_axis',(0.,-1.,0.));
#10305=DIRECTION('ref_axis',(-1.,0.,0.));
#10306=DIRECTION('center_axis',(0.,0.,1.));
#10307=DIRECTION('ref_axis',(1.,0.,0.));
#10308=DIRECTION('center_axis',(0.,0.,1.));
#10309=DIRECTION('ref_axis',(1.,0.,0.));
#10310=DIRECTION('center_axis',(0.,0.,-1.));
#10311=DIRECTION('ref_axis',(-1.,0.,0.));
#10312=DIRECTION('center_axis',(0.,-1.,0.));
#10313=DIRECTION('ref_axis',(1.,0.,0.));
#10314=DIRECTION('center_axis',(0.,0.,1.));
#10315=DIRECTION('ref_axis',(1.,0.,0.));
#10316=DIRECTION('center_axis',(0.,0.,-1.));
#10317=DIRECTION('ref_axis',(1.,0.,0.));
#10318=DIRECTION('center_axis',(0.,-1.,0.));
#10319=DIRECTION('ref_axis',(-1.,0.,0.));
#10320=DIRECTION('center_axis',(0.,0.,1.));
#10321=DIRECTION('ref_axis',(1.,0.,0.));
#10322=DIRECTION('center_axis',(0.,0.,1.));
#10323=DIRECTION('ref_axis',(1.,0.,0.));
#10324=DIRECTION('center_axis',(0.,0.,-1.));
#10325=DIRECTION('ref_axis',(1.,0.,0.));
#10326=DIRECTION('center_axis',(0.,0.,1.));
#10327=DIRECTION('ref_axis',(1.,0.,0.));
#10328=DIRECTION('center_axis',(0.,0.,1.));
#10329=DIRECTION('ref_axis',(1.,0.,0.));
#10330=DIRECTION('',(0.,0.,-1.));
#10331=DIRECTION('center_axis',(0.,0.,-1.));
#10332=DIRECTION('ref_axis',(-1.,0.,0.));
#10333=DIRECTION('center_axis',(0.,0.,1.));
#10334=DIRECTION('ref_axis',(1.,0.,0.));
#10335=DIRECTION('center_axis',(0.,-1.,0.));
#10336=DIRECTION('ref_axis',(1.,0.,0.));
#10337=DIRECTION('center_axis',(0.,0.,1.));
#10338=DIRECTION('ref_axis',(1.,0.,0.));
#10339=DIRECTION('center_axis',(0.,0.,1.));
#10340=DIRECTION('ref_axis',(1.,0.,0.));
#10341=DIRECTION('center_axis',(0.,0.,-1.));
#10342=DIRECTION('ref_axis',(1.,0.,0.));
#10343=DIRECTION('',(0.,0.,-1.));
#10344=DIRECTION('center_axis',(0.,0.,-1.));
#10345=DIRECTION('ref_axis',(1.,0.,0.));
#10346=DIRECTION('center_axis',(0.,0.,1.));
#10347=DIRECTION('ref_axis',(1.,0.,0.));
#10348=DIRECTION('center_axis',(0.,0.,-1.));
#10349=DIRECTION('ref_axis',(1.,0.,0.));
#10350=DIRECTION('center_axis',(0.,-1.,0.));
#10351=DIRECTION('ref_axis',(-1.,0.,0.));
#10352=DIRECTION('center_axis',(0.,0.,1.));
#10353=DIRECTION('ref_axis',(1.,0.,0.));
#10354=DIRECTION('center_axis',(0.,0.,1.));
#10355=DIRECTION('ref_axis',(1.,0.,0.));
#10356=DIRECTION('center_axis',(0.,0.,-1.));
#10357=DIRECTION('ref_axis',(-1.,0.,0.));
#10358=DIRECTION('center_axis',(0.,-1.,0.));
#10359=DIRECTION('ref_axis',(1.,0.,0.));
#10360=DIRECTION('center_axis',(0.,0.,1.));
#10361=DIRECTION('ref_axis',(1.,0.,0.));
#10362=DIRECTION('center_axis',(0.,0.,-1.));
#10363=DIRECTION('ref_axis',(1.,0.,0.));
#10364=DIRECTION('center_axis',(0.,-1.,0.));
#10365=DIRECTION('ref_axis',(-1.,0.,0.));
#10366=DIRECTION('center_axis',(0.,0.,1.));
#10367=DIRECTION('ref_axis',(1.,0.,0.));
#10368=DIRECTION('center_axis',(0.,0.,1.));
#10369=DIRECTION('ref_axis',(1.,0.,0.));
#10370=DIRECTION('center_axis',(0.,0.,-1.));
#10371=DIRECTION('ref_axis',(1.,0.,0.));
#10372=DIRECTION('center_axis',(0.,0.,1.));
#10373=DIRECTION('ref_axis',(1.,0.,0.));
#10374=DIRECTION('center_axis',(0.,0.,1.));
#10375=DIRECTION('ref_axis',(1.,0.,0.));
#10376=DIRECTION('',(0.,0.,-1.));
#10377=DIRECTION('center_axis',(0.,0.,-1.));
#10378=DIRECTION('ref_axis',(-1.,0.,0.));
#10379=DIRECTION('center_axis',(0.,0.,1.));
#10380=DIRECTION('ref_axis',(1.,0.,0.));
#10381=DIRECTION('center_axis',(0.,-1.,0.));
#10382=DIRECTION('ref_axis',(1.,0.,0.));
#10383=DIRECTION('center_axis',(0.,0.,1.));
#10384=DIRECTION('ref_axis',(1.,0.,0.));
#10385=DIRECTION('center_axis',(0.,0.,1.));
#10386=DIRECTION('ref_axis',(1.,0.,0.));
#10387=DIRECTION('center_axis',(0.,0.,-1.));
#10388=DIRECTION('ref_axis',(1.,0.,0.));
#10389=DIRECTION('',(0.,0.,-1.));
#10390=DIRECTION('center_axis',(0.,0.,-1.));
#10391=DIRECTION('ref_axis',(1.,0.,0.));
#10392=DIRECTION('center_axis',(0.,0.,1.));
#10393=DIRECTION('ref_axis',(1.,0.,0.));
#10394=DIRECTION('center_axis',(0.,0.,-1.));
#10395=DIRECTION('ref_axis',(1.,0.,0.));
#10396=DIRECTION('center_axis',(0.,-1.,0.));
#10397=DIRECTION('ref_axis',(-1.,0.,0.));
#10398=DIRECTION('center_axis',(0.,0.,1.));
#10399=DIRECTION('ref_axis',(1.,0.,0.));
#10400=DIRECTION('center_axis',(0.,0.,1.));
#10401=DIRECTION('ref_axis',(1.,0.,0.));
#10402=DIRECTION('center_axis',(0.,0.,-1.));
#10403=DIRECTION('ref_axis',(-1.,0.,0.));
#10404=DIRECTION('center_axis',(0.,-1.,0.));
#10405=DIRECTION('ref_axis',(1.,0.,0.));
#10406=DIRECTION('center_axis',(0.,0.,1.));
#10407=DIRECTION('ref_axis',(1.,0.,0.));
#10408=DIRECTION('center_axis',(0.,0.,-1.));
#10409=DIRECTION('ref_axis',(1.,0.,0.));
#10410=DIRECTION('center_axis',(0.,-1.,0.));
#10411=DIRECTION('ref_axis',(-1.,0.,0.));
#10412=DIRECTION('center_axis',(0.,0.,1.));
#10413=DIRECTION('ref_axis',(1.,0.,0.));
#10414=DIRECTION('center_axis',(0.,0.,1.));
#10415=DIRECTION('ref_axis',(1.,0.,0.));
#10416=DIRECTION('center_axis',(0.,0.,-1.));
#10417=DIRECTION('ref_axis',(1.,0.,0.));
#10418=DIRECTION('center_axis',(0.,0.,1.));
#10419=DIRECTION('ref_axis',(1.,0.,0.));
#10420=DIRECTION('center_axis',(0.,0.,1.));
#10421=DIRECTION('ref_axis',(1.,0.,0.));
#10422=DIRECTION('',(0.,0.,-1.));
#10423=DIRECTION('center_axis',(0.,0.,-1.));
#10424=DIRECTION('ref_axis',(-1.,0.,0.));
#10425=DIRECTION('center_axis',(0.,0.,1.));
#10426=DIRECTION('ref_axis',(1.,0.,0.));
#10427=DIRECTION('center_axis',(0.,-1.,0.));
#10428=DIRECTION('ref_axis',(1.,0.,0.));
#10429=DIRECTION('center_axis',(0.,0.,1.));
#10430=DIRECTION('ref_axis',(1.,0.,0.));
#10431=DIRECTION('center_axis',(0.,0.,1.));
#10432=DIRECTION('ref_axis',(1.,0.,0.));
#10433=DIRECTION('center_axis',(0.,0.,-1.));
#10434=DIRECTION('ref_axis',(1.,0.,0.));
#10435=DIRECTION('',(0.,0.,-1.));
#10436=DIRECTION('center_axis',(0.,0.,-1.));
#10437=DIRECTION('ref_axis',(1.,0.,0.));
#10438=DIRECTION('center_axis',(0.,0.,1.));
#10439=DIRECTION('ref_axis',(1.,0.,0.));
#10440=DIRECTION('center_axis',(0.,0.,-1.));
#10441=DIRECTION('ref_axis',(1.,0.,0.));
#10442=DIRECTION('center_axis',(0.,-1.,0.));
#10443=DIRECTION('ref_axis',(-1.,0.,0.));
#10444=DIRECTION('center_axis',(0.,0.,1.));
#10445=DIRECTION('ref_axis',(1.,0.,0.));
#10446=DIRECTION('center_axis',(0.,0.,1.));
#10447=DIRECTION('ref_axis',(1.,0.,0.));
#10448=DIRECTION('center_axis',(0.,0.,-1.));
#10449=DIRECTION('ref_axis',(-1.,0.,0.));
#10450=DIRECTION('center_axis',(0.,-1.,0.));
#10451=DIRECTION('ref_axis',(1.,0.,0.));
#10452=DIRECTION('center_axis',(0.,0.,1.));
#10453=DIRECTION('ref_axis',(1.,0.,0.));
#10454=DIRECTION('center_axis',(0.,0.,-1.));
#10455=DIRECTION('ref_axis',(1.,0.,0.));
#10456=DIRECTION('center_axis',(0.,-1.,0.));
#10457=DIRECTION('ref_axis',(-1.,0.,0.));
#10458=DIRECTION('center_axis',(0.,0.,1.));
#10459=DIRECTION('ref_axis',(1.,0.,0.));
#10460=DIRECTION('center_axis',(0.,0.,1.));
#10461=DIRECTION('ref_axis',(1.,0.,0.));
#10462=DIRECTION('center_axis',(0.,0.,-1.));
#10463=DIRECTION('ref_axis',(1.,0.,0.));
#10464=DIRECTION('center_axis',(0.,0.,1.));
#10465=DIRECTION('ref_axis',(1.,0.,0.));
#10466=DIRECTION('center_axis',(0.,0.,1.));
#10467=DIRECTION('ref_axis',(1.,0.,0.));
#10468=DIRECTION('',(0.,0.,-1.));
#10469=DIRECTION('center_axis',(0.,0.,-1.));
#10470=DIRECTION('ref_axis',(-1.,0.,0.));
#10471=DIRECTION('center_axis',(0.,0.,1.));
#10472=DIRECTION('ref_axis',(1.,0.,0.));
#10473=DIRECTION('center_axis',(0.,-1.,0.));
#10474=DIRECTION('ref_axis',(1.,0.,0.));
#10475=DIRECTION('center_axis',(0.,0.,1.));
#10476=DIRECTION('ref_axis',(1.,0.,0.));
#10477=DIRECTION('center_axis',(0.,0.,1.));
#10478=DIRECTION('ref_axis',(1.,0.,0.));
#10479=DIRECTION('center_axis',(0.,0.,-1.));
#10480=DIRECTION('ref_axis',(1.,0.,0.));
#10481=DIRECTION('',(0.,0.,-1.));
#10482=DIRECTION('center_axis',(0.,0.,-1.));
#10483=DIRECTION('ref_axis',(1.,0.,0.));
#10484=DIRECTION('center_axis',(0.,0.,1.));
#10485=DIRECTION('ref_axis',(1.,0.,0.));
#10486=DIRECTION('center_axis',(0.,0.,-1.));
#10487=DIRECTION('ref_axis',(1.,0.,0.));
#10488=DIRECTION('center_axis',(0.,-1.,0.));
#10489=DIRECTION('ref_axis',(-1.,0.,0.));
#10490=DIRECTION('center_axis',(0.,0.,1.));
#10491=DIRECTION('ref_axis',(1.,0.,0.));
#10492=DIRECTION('center_axis',(0.,0.,1.));
#10493=DIRECTION('ref_axis',(1.,0.,0.));
#10494=DIRECTION('center_axis',(0.,0.,-1.));
#10495=DIRECTION('ref_axis',(-1.,0.,0.));
#10496=DIRECTION('center_axis',(0.,-1.,0.));
#10497=DIRECTION('ref_axis',(1.,0.,0.));
#10498=DIRECTION('center_axis',(0.,0.,1.));
#10499=DIRECTION('ref_axis',(1.,0.,0.));
#10500=DIRECTION('center_axis',(0.,0.,-1.));
#10501=DIRECTION('ref_axis',(1.,0.,0.));
#10502=DIRECTION('center_axis',(0.,-1.,0.));
#10503=DIRECTION('ref_axis',(-1.,0.,0.));
#10504=DIRECTION('center_axis',(0.,0.,1.));
#10505=DIRECTION('ref_axis',(1.,0.,0.));
#10506=DIRECTION('center_axis',(0.,0.,1.));
#10507=DIRECTION('ref_axis',(1.,0.,0.));
#10508=DIRECTION('center_axis',(0.,0.,-1.));
#10509=DIRECTION('ref_axis',(1.,0.,0.));
#10510=DIRECTION('center_axis',(0.,0.,1.));
#10511=DIRECTION('ref_axis',(1.,0.,0.));
#10512=DIRECTION('center_axis',(0.,0.,1.));
#10513=DIRECTION('ref_axis',(1.,0.,0.));
#10514=DIRECTION('',(0.,0.,-1.));
#10515=DIRECTION('center_axis',(0.,0.,-1.));
#10516=DIRECTION('ref_axis',(-1.,0.,0.));
#10517=DIRECTION('center_axis',(0.,0.,1.));
#10518=DIRECTION('ref_axis',(1.,0.,0.));
#10519=DIRECTION('center_axis',(0.,-1.,0.));
#10520=DIRECTION('ref_axis',(1.,0.,0.));
#10521=DIRECTION('center_axis',(0.,0.,1.));
#10522=DIRECTION('ref_axis',(1.,0.,0.));
#10523=DIRECTION('center_axis',(0.,0.,1.));
#10524=DIRECTION('ref_axis',(1.,0.,0.));
#10525=DIRECTION('center_axis',(0.,0.,-1.));
#10526=DIRECTION('ref_axis',(1.,0.,0.));
#10527=DIRECTION('',(0.,0.,-1.));
#10528=DIRECTION('center_axis',(0.,0.,-1.));
#10529=DIRECTION('ref_axis',(1.,0.,0.));
#10530=DIRECTION('center_axis',(0.,0.,1.));
#10531=DIRECTION('ref_axis',(1.,0.,0.));
#10532=DIRECTION('center_axis',(0.,0.,-1.));
#10533=DIRECTION('ref_axis',(1.,0.,0.));
#10534=DIRECTION('center_axis',(0.,-1.,0.));
#10535=DIRECTION('ref_axis',(-1.,0.,0.));
#10536=DIRECTION('center_axis',(0.,0.,1.));
#10537=DIRECTION('ref_axis',(1.,0.,0.));
#10538=DIRECTION('center_axis',(0.,0.,1.));
#10539=DIRECTION('ref_axis',(1.,0.,0.));
#10540=DIRECTION('center_axis',(0.,0.,-1.));
#10541=DIRECTION('ref_axis',(-1.,0.,0.));
#10542=DIRECTION('center_axis',(0.,-1.,0.));
#10543=DIRECTION('ref_axis',(1.,0.,0.));
#10544=DIRECTION('center_axis',(0.,0.,1.));
#10545=DIRECTION('ref_axis',(1.,0.,0.));
#10546=DIRECTION('center_axis',(0.,0.,-1.));
#10547=DIRECTION('ref_axis',(1.,0.,0.));
#10548=DIRECTION('center_axis',(0.,-1.,0.));
#10549=DIRECTION('ref_axis',(-1.,0.,0.));
#10550=DIRECTION('center_axis',(0.,0.,1.));
#10551=DIRECTION('ref_axis',(1.,0.,0.));
#10552=DIRECTION('center_axis',(0.,0.,1.));
#10553=DIRECTION('ref_axis',(1.,0.,0.));
#10554=DIRECTION('center_axis',(0.,0.,-1.));
#10555=DIRECTION('ref_axis',(1.,0.,0.));
#10556=DIRECTION('center_axis',(0.,0.,1.));
#10557=DIRECTION('ref_axis',(1.,0.,0.));
#10558=DIRECTION('center_axis',(0.,0.,1.));
#10559=DIRECTION('ref_axis',(1.,0.,0.));
#10560=DIRECTION('',(0.,0.,-1.));
#10561=DIRECTION('center_axis',(0.,0.,-1.));
#10562=DIRECTION('ref_axis',(-1.,0.,0.));
#10563=DIRECTION('center_axis',(0.,0.,1.));
#10564=DIRECTION('ref_axis',(1.,0.,0.));
#10565=DIRECTION('center_axis',(0.,-1.,0.));
#10566=DIRECTION('ref_axis',(1.,0.,0.));
#10567=DIRECTION('center_axis',(0.,0.,1.));
#10568=DIRECTION('ref_axis',(1.,0.,0.));
#10569=DIRECTION('center_axis',(0.,0.,1.));
#10570=DIRECTION('ref_axis',(1.,0.,0.));
#10571=DIRECTION('center_axis',(0.,0.,-1.));
#10572=DIRECTION('ref_axis',(1.,0.,0.));
#10573=DIRECTION('',(0.,0.,-1.));
#10574=DIRECTION('center_axis',(0.,0.,-1.));
#10575=DIRECTION('ref_axis',(1.,0.,0.));
#10576=DIRECTION('center_axis',(0.,0.,1.));
#10577=DIRECTION('ref_axis',(1.,0.,0.));
#10578=DIRECTION('center_axis',(0.,0.,-1.));
#10579=DIRECTION('ref_axis',(1.,0.,0.));
#10580=DIRECTION('center_axis',(0.,-1.,0.));
#10581=DIRECTION('ref_axis',(-1.,0.,0.));
#10582=DIRECTION('center_axis',(0.,0.,1.));
#10583=DIRECTION('ref_axis',(1.,0.,0.));
#10584=DIRECTION('center_axis',(0.,0.,1.));
#10585=DIRECTION('ref_axis',(1.,0.,0.));
#10586=DIRECTION('center_axis',(0.,0.,-1.));
#10587=DIRECTION('ref_axis',(-1.,0.,0.));
#10588=DIRECTION('center_axis',(0.,-1.,0.));
#10589=DIRECTION('ref_axis',(1.,0.,0.));
#10590=DIRECTION('center_axis',(0.,0.,1.));
#10591=DIRECTION('ref_axis',(1.,0.,0.));
#10592=DIRECTION('center_axis',(0.,0.,-1.));
#10593=DIRECTION('ref_axis',(1.,0.,0.));
#10594=DIRECTION('center_axis',(0.,-1.,0.));
#10595=DIRECTION('ref_axis',(-1.,0.,0.));
#10596=DIRECTION('center_axis',(0.,0.,1.));
#10597=DIRECTION('ref_axis',(1.,0.,0.));
#10598=DIRECTION('center_axis',(0.,0.,1.));
#10599=DIRECTION('ref_axis',(1.,0.,0.));
#10600=DIRECTION('center_axis',(0.,0.,-1.));
#10601=DIRECTION('ref_axis',(1.,0.,0.));
#10602=DIRECTION('center_axis',(0.,0.,1.));
#10603=DIRECTION('ref_axis',(1.,0.,0.));
#10604=DIRECTION('center_axis',(0.,0.,1.));
#10605=DIRECTION('ref_axis',(1.,0.,0.));
#10606=DIRECTION('',(0.,0.,-1.));
#10607=DIRECTION('center_axis',(0.,0.,-1.));
#10608=DIRECTION('ref_axis',(-1.,0.,0.));
#10609=DIRECTION('center_axis',(0.,0.,1.));
#10610=DIRECTION('ref_axis',(1.,0.,0.));
#10611=DIRECTION('center_axis',(0.,-1.,0.));
#10612=DIRECTION('ref_axis',(1.,0.,0.));
#10613=DIRECTION('center_axis',(0.,0.,1.));
#10614=DIRECTION('ref_axis',(1.,0.,0.));
#10615=DIRECTION('center_axis',(0.,0.,1.));
#10616=DIRECTION('ref_axis',(1.,0.,0.));
#10617=DIRECTION('center_axis',(0.,0.,-1.));
#10618=DIRECTION('ref_axis',(1.,0.,0.));
#10619=DIRECTION('',(0.,0.,-1.));
#10620=DIRECTION('center_axis',(0.,0.,-1.));
#10621=DIRECTION('ref_axis',(1.,0.,0.));
#10622=DIRECTION('center_axis',(0.,0.,1.));
#10623=DIRECTION('ref_axis',(1.,0.,0.));
#10624=DIRECTION('center_axis',(0.,0.,-1.));
#10625=DIRECTION('ref_axis',(1.,0.,0.));
#10626=DIRECTION('center_axis',(0.,-1.,0.));
#10627=DIRECTION('ref_axis',(-1.,0.,0.));
#10628=DIRECTION('center_axis',(0.,0.,1.));
#10629=DIRECTION('ref_axis',(1.,0.,0.));
#10630=DIRECTION('center_axis',(0.,0.,1.));
#10631=DIRECTION('ref_axis',(1.,0.,0.));
#10632=DIRECTION('center_axis',(0.,0.,-1.));
#10633=DIRECTION('ref_axis',(-1.,0.,0.));
#10634=DIRECTION('center_axis',(0.,-1.,0.));
#10635=DIRECTION('ref_axis',(1.,0.,0.));
#10636=DIRECTION('center_axis',(0.,0.,1.));
#10637=DIRECTION('ref_axis',(1.,0.,0.));
#10638=DIRECTION('center_axis',(0.,0.,-1.));
#10639=DIRECTION('ref_axis',(1.,0.,0.));
#10640=DIRECTION('center_axis',(0.,-1.,0.));
#10641=DIRECTION('ref_axis',(-1.,0.,0.));
#10642=DIRECTION('center_axis',(0.,0.,1.));
#10643=DIRECTION('ref_axis',(1.,0.,0.));
#10644=DIRECTION('center_axis',(0.,0.,1.));
#10645=DIRECTION('ref_axis',(1.,0.,0.));
#10646=DIRECTION('center_axis',(0.,0.,-1.));
#10647=DIRECTION('ref_axis',(1.,0.,0.));
#10648=DIRECTION('center_axis',(0.,0.,1.));
#10649=DIRECTION('ref_axis',(1.,0.,0.));
#10650=DIRECTION('center_axis',(0.,0.,1.));
#10651=DIRECTION('ref_axis',(1.,0.,0.));
#10652=DIRECTION('',(0.,0.,-1.));
#10653=DIRECTION('center_axis',(0.,0.,-1.));
#10654=DIRECTION('ref_axis',(-1.,0.,0.));
#10655=DIRECTION('center_axis',(0.,0.,1.));
#10656=DIRECTION('ref_axis',(1.,0.,0.));
#10657=DIRECTION('center_axis',(0.,-1.,0.));
#10658=DIRECTION('ref_axis',(1.,0.,0.));
#10659=DIRECTION('center_axis',(0.,0.,1.));
#10660=DIRECTION('ref_axis',(1.,0.,0.));
#10661=DIRECTION('center_axis',(0.,0.,1.));
#10662=DIRECTION('ref_axis',(1.,0.,0.));
#10663=DIRECTION('center_axis',(0.,0.,-1.));
#10664=DIRECTION('ref_axis',(1.,0.,0.));
#10665=DIRECTION('',(0.,0.,-1.));
#10666=DIRECTION('center_axis',(0.,0.,-1.));
#10667=DIRECTION('ref_axis',(1.,0.,0.));
#10668=DIRECTION('center_axis',(0.,0.,1.));
#10669=DIRECTION('ref_axis',(1.,0.,0.));
#10670=DIRECTION('center_axis',(0.,0.,-1.));
#10671=DIRECTION('ref_axis',(1.,0.,0.));
#10672=DIRECTION('center_axis',(0.,-1.,0.));
#10673=DIRECTION('ref_axis',(-1.,0.,0.));
#10674=DIRECTION('center_axis',(0.,0.,1.));
#10675=DIRECTION('ref_axis',(1.,0.,0.));
#10676=DIRECTION('center_axis',(0.,0.,1.));
#10677=DIRECTION('ref_axis',(1.,0.,0.));
#10678=DIRECTION('center_axis',(0.,0.,-1.));
#10679=DIRECTION('ref_axis',(-1.,0.,0.));
#10680=DIRECTION('center_axis',(0.,-1.,0.));
#10681=DIRECTION('ref_axis',(1.,0.,0.));
#10682=DIRECTION('center_axis',(0.,0.,1.));
#10683=DIRECTION('ref_axis',(1.,0.,0.));
#10684=DIRECTION('center_axis',(0.,0.,-1.));
#10685=DIRECTION('ref_axis',(1.,0.,0.));
#10686=DIRECTION('center_axis',(0.,-1.,0.));
#10687=DIRECTION('ref_axis',(-1.,0.,0.));
#10688=DIRECTION('center_axis',(0.,0.,1.));
#10689=DIRECTION('ref_axis',(1.,0.,0.));
#10690=DIRECTION('center_axis',(0.,0.,1.));
#10691=DIRECTION('ref_axis',(1.,0.,0.));
#10692=DIRECTION('center_axis',(0.,0.,-1.));
#10693=DIRECTION('ref_axis',(1.,0.,0.));
#10694=DIRECTION('center_axis',(0.,0.,1.));
#10695=DIRECTION('ref_axis',(1.,0.,0.));
#10696=DIRECTION('center_axis',(0.,0.,1.));
#10697=DIRECTION('ref_axis',(1.,0.,0.));
#10698=DIRECTION('',(0.,0.,-1.));
#10699=DIRECTION('center_axis',(0.,0.,-1.));
#10700=DIRECTION('ref_axis',(-1.,0.,0.));
#10701=DIRECTION('center_axis',(0.,0.,1.));
#10702=DIRECTION('ref_axis',(1.,0.,0.));
#10703=DIRECTION('center_axis',(0.,-1.,0.));
#10704=DIRECTION('ref_axis',(1.,0.,0.));
#10705=DIRECTION('center_axis',(0.,0.,1.));
#10706=DIRECTION('ref_axis',(1.,0.,0.));
#10707=DIRECTION('center_axis',(0.,0.,1.));
#10708=DIRECTION('ref_axis',(1.,0.,0.));
#10709=DIRECTION('center_axis',(0.,0.,-1.));
#10710=DIRECTION('ref_axis',(1.,0.,0.));
#10711=DIRECTION('',(0.,0.,-1.));
#10712=DIRECTION('center_axis',(0.,0.,-1.));
#10713=DIRECTION('ref_axis',(1.,0.,0.));
#10714=DIRECTION('center_axis',(0.,0.,1.));
#10715=DIRECTION('ref_axis',(1.,0.,0.));
#10716=DIRECTION('center_axis',(0.,0.,-1.));
#10717=DIRECTION('ref_axis',(1.,0.,0.));
#10718=DIRECTION('center_axis',(0.,-1.,0.));
#10719=DIRECTION('ref_axis',(-1.,0.,0.));
#10720=DIRECTION('center_axis',(0.,0.,1.));
#10721=DIRECTION('ref_axis',(1.,0.,0.));
#10722=DIRECTION('center_axis',(0.,0.,1.));
#10723=DIRECTION('ref_axis',(1.,0.,0.));
#10724=DIRECTION('center_axis',(0.,0.,-1.));
#10725=DIRECTION('ref_axis',(-1.,0.,0.));
#10726=DIRECTION('center_axis',(0.,-1.,0.));
#10727=DIRECTION('ref_axis',(1.,0.,0.));
#10728=DIRECTION('center_axis',(0.,0.,1.));
#10729=DIRECTION('ref_axis',(1.,0.,0.));
#10730=DIRECTION('center_axis',(0.,0.,-1.));
#10731=DIRECTION('ref_axis',(1.,0.,0.));
#10732=DIRECTION('center_axis',(0.,-1.,0.));
#10733=DIRECTION('ref_axis',(-1.,0.,0.));
#10734=DIRECTION('center_axis',(0.,0.,1.));
#10735=DIRECTION('ref_axis',(1.,0.,0.));
#10736=DIRECTION('center_axis',(0.,0.,1.));
#10737=DIRECTION('ref_axis',(1.,0.,0.));
#10738=DIRECTION('center_axis',(0.,0.,-1.));
#10739=DIRECTION('ref_axis',(1.,0.,0.));
#10740=DIRECTION('center_axis',(0.,0.,1.));
#10741=DIRECTION('ref_axis',(1.,0.,0.));
#10742=DIRECTION('center_axis',(0.,0.,1.));
#10743=DIRECTION('ref_axis',(1.,0.,0.));
#10744=DIRECTION('',(0.,0.,-1.));
#10745=DIRECTION('center_axis',(0.,0.,-1.));
#10746=DIRECTION('ref_axis',(-1.,0.,0.));
#10747=DIRECTION('center_axis',(0.,0.,1.));
#10748=DIRECTION('ref_axis',(1.,0.,0.));
#10749=DIRECTION('center_axis',(0.,-1.,0.));
#10750=DIRECTION('ref_axis',(1.,0.,0.));
#10751=DIRECTION('center_axis',(0.,0.,1.));
#10752=DIRECTION('ref_axis',(1.,0.,0.));
#10753=DIRECTION('center_axis',(0.,0.,1.));
#10754=DIRECTION('ref_axis',(1.,0.,0.));
#10755=DIRECTION('center_axis',(0.,0.,-1.));
#10756=DIRECTION('ref_axis',(1.,0.,0.));
#10757=DIRECTION('',(0.,0.,-1.));
#10758=DIRECTION('center_axis',(0.,0.,-1.));
#10759=DIRECTION('ref_axis',(1.,0.,0.));
#10760=DIRECTION('center_axis',(0.,0.,1.));
#10761=DIRECTION('ref_axis',(1.,0.,0.));
#10762=DIRECTION('center_axis',(0.,0.,-1.));
#10763=DIRECTION('ref_axis',(1.,0.,0.));
#10764=DIRECTION('center_axis',(0.,-1.,0.));
#10765=DIRECTION('ref_axis',(-1.,0.,0.));
#10766=DIRECTION('center_axis',(0.,0.,1.));
#10767=DIRECTION('ref_axis',(1.,0.,0.));
#10768=DIRECTION('center_axis',(0.,0.,1.));
#10769=DIRECTION('ref_axis',(1.,0.,0.));
#10770=DIRECTION('center_axis',(0.,0.,-1.));
#10771=DIRECTION('ref_axis',(-1.,0.,0.));
#10772=DIRECTION('center_axis',(0.,-1.,0.));
#10773=DIRECTION('ref_axis',(1.,0.,0.));
#10774=DIRECTION('center_axis',(0.,0.,1.));
#10775=DIRECTION('ref_axis',(1.,0.,0.));
#10776=DIRECTION('center_axis',(0.,0.,-1.));
#10777=DIRECTION('ref_axis',(1.,0.,0.));
#10778=DIRECTION('center_axis',(0.,-1.,0.));
#10779=DIRECTION('ref_axis',(-1.,0.,0.));
#10780=DIRECTION('center_axis',(0.,0.,1.));
#10781=DIRECTION('ref_axis',(1.,0.,0.));
#10782=DIRECTION('center_axis',(0.,0.,1.));
#10783=DIRECTION('ref_axis',(1.,0.,0.));
#10784=DIRECTION('center_axis',(0.,0.,-1.));
#10785=DIRECTION('ref_axis',(1.,0.,0.));
#10786=DIRECTION('center_axis',(0.,0.,1.));
#10787=DIRECTION('ref_axis',(1.,0.,0.));
#10788=DIRECTION('center_axis',(0.,0.,1.));
#10789=DIRECTION('ref_axis',(1.,0.,0.));
#10790=DIRECTION('',(0.,0.,-1.));
#10791=DIRECTION('center_axis',(0.,0.,-1.));
#10792=DIRECTION('ref_axis',(-1.,0.,0.));
#10793=DIRECTION('center_axis',(0.,0.,1.));
#10794=DIRECTION('ref_axis',(1.,0.,0.));
#10795=DIRECTION('center_axis',(0.,-1.,0.));
#10796=DIRECTION('ref_axis',(1.,0.,0.));
#10797=DIRECTION('center_axis',(0.,0.,1.));
#10798=DIRECTION('ref_axis',(1.,0.,0.));
#10799=DIRECTION('center_axis',(0.,0.,1.));
#10800=DIRECTION('ref_axis',(1.,0.,0.));
#10801=DIRECTION('center_axis',(0.,0.,-1.));
#10802=DIRECTION('ref_axis',(1.,0.,0.));
#10803=DIRECTION('',(0.,0.,-1.));
#10804=DIRECTION('center_axis',(0.,0.,-1.));
#10805=DIRECTION('ref_axis',(1.,0.,0.));
#10806=DIRECTION('center_axis',(0.,0.,1.));
#10807=DIRECTION('ref_axis',(1.,0.,0.));
#10808=DIRECTION('center_axis',(0.,0.,-1.));
#10809=DIRECTION('ref_axis',(1.,0.,0.));
#10810=DIRECTION('center_axis',(0.,-1.,0.));
#10811=DIRECTION('ref_axis',(-1.,0.,0.));
#10812=DIRECTION('center_axis',(0.,0.,1.));
#10813=DIRECTION('ref_axis',(1.,0.,0.));
#10814=DIRECTION('center_axis',(0.,0.,1.));
#10815=DIRECTION('ref_axis',(1.,0.,0.));
#10816=DIRECTION('center_axis',(0.,0.,-1.));
#10817=DIRECTION('ref_axis',(-1.,0.,0.));
#10818=DIRECTION('center_axis',(0.,-1.,0.));
#10819=DIRECTION('ref_axis',(1.,0.,0.));
#10820=DIRECTION('center_axis',(0.,0.,1.));
#10821=DIRECTION('ref_axis',(1.,0.,0.));
#10822=DIRECTION('center_axis',(0.,0.,-1.));
#10823=DIRECTION('ref_axis',(1.,0.,0.));
#10824=DIRECTION('center_axis',(0.,-1.,0.));
#10825=DIRECTION('ref_axis',(-1.,0.,0.));
#10826=DIRECTION('center_axis',(0.,0.,1.));
#10827=DIRECTION('ref_axis',(1.,0.,0.));
#10828=DIRECTION('center_axis',(0.,0.,1.));
#10829=DIRECTION('ref_axis',(1.,0.,0.));
#10830=DIRECTION('center_axis',(0.,0.,-1.));
#10831=DIRECTION('ref_axis',(1.,0.,0.));
#10832=DIRECTION('center_axis',(0.,0.,1.));
#10833=DIRECTION('ref_axis',(1.,0.,0.));
#10834=DIRECTION('center_axis',(0.,0.,1.));
#10835=DIRECTION('ref_axis',(1.,0.,0.));
#10836=DIRECTION('',(0.,0.,-1.));
#10837=DIRECTION('center_axis',(0.,0.,-1.));
#10838=DIRECTION('ref_axis',(-1.,0.,0.));
#10839=DIRECTION('center_axis',(0.,0.,1.));
#10840=DIRECTION('ref_axis',(1.,0.,0.));
#10841=DIRECTION('center_axis',(0.,-1.,0.));
#10842=DIRECTION('ref_axis',(1.,0.,0.));
#10843=DIRECTION('center_axis',(0.,0.,1.));
#10844=DIRECTION('ref_axis',(1.,0.,0.));
#10845=DIRECTION('center_axis',(0.,0.,1.));
#10846=DIRECTION('ref_axis',(1.,0.,0.));
#10847=DIRECTION('center_axis',(0.,0.,-1.));
#10848=DIRECTION('ref_axis',(1.,0.,0.));
#10849=DIRECTION('',(0.,0.,-1.));
#10850=DIRECTION('center_axis',(0.,0.,-1.));
#10851=DIRECTION('ref_axis',(1.,0.,0.));
#10852=DIRECTION('center_axis',(0.,0.,1.));
#10853=DIRECTION('ref_axis',(1.,0.,0.));
#10854=DIRECTION('center_axis',(0.,0.,-1.));
#10855=DIRECTION('ref_axis',(1.,0.,0.));
#10856=DIRECTION('center_axis',(0.,-1.,0.));
#10857=DIRECTION('ref_axis',(-1.,0.,0.));
#10858=DIRECTION('center_axis',(0.,0.,1.));
#10859=DIRECTION('ref_axis',(1.,0.,0.));
#10860=DIRECTION('center_axis',(0.,0.,1.));
#10861=DIRECTION('ref_axis',(1.,0.,0.));
#10862=DIRECTION('center_axis',(0.,0.,-1.));
#10863=DIRECTION('ref_axis',(-1.,0.,0.));
#10864=DIRECTION('center_axis',(0.,-1.,0.));
#10865=DIRECTION('ref_axis',(1.,0.,0.));
#10866=DIRECTION('center_axis',(0.,0.,1.));
#10867=DIRECTION('ref_axis',(1.,0.,0.));
#10868=DIRECTION('center_axis',(0.,0.,-1.));
#10869=DIRECTION('ref_axis',(1.,0.,0.));
#10870=DIRECTION('center_axis',(0.,-1.,0.));
#10871=DIRECTION('ref_axis',(-1.,0.,0.));
#10872=DIRECTION('center_axis',(0.,0.,1.));
#10873=DIRECTION('ref_axis',(1.,0.,0.));
#10874=DIRECTION('center_axis',(0.,0.,1.));
#10875=DIRECTION('ref_axis',(1.,0.,0.));
#10876=DIRECTION('center_axis',(0.,0.,-1.));
#10877=DIRECTION('ref_axis',(1.,0.,0.));
#10878=DIRECTION('center_axis',(0.,0.,1.));
#10879=DIRECTION('ref_axis',(1.,0.,0.));
#10880=DIRECTION('center_axis',(0.,0.,1.));
#10881=DIRECTION('ref_axis',(1.,0.,0.));
#10882=DIRECTION('',(0.,0.,-1.));
#10883=DIRECTION('center_axis',(0.,0.,-1.));
#10884=DIRECTION('ref_axis',(-1.,0.,0.));
#10885=DIRECTION('center_axis',(0.,0.,1.));
#10886=DIRECTION('ref_axis',(1.,0.,0.));
#10887=DIRECTION('center_axis',(0.,-1.,0.));
#10888=DIRECTION('ref_axis',(1.,0.,0.));
#10889=DIRECTION('center_axis',(0.,0.,1.));
#10890=DIRECTION('ref_axis',(1.,0.,0.));
#10891=DIRECTION('center_axis',(0.,0.,1.));
#10892=DIRECTION('ref_axis',(1.,0.,0.));
#10893=DIRECTION('center_axis',(0.,0.,-1.));
#10894=DIRECTION('ref_axis',(1.,0.,0.));
#10895=DIRECTION('',(0.,0.,-1.));
#10896=DIRECTION('center_axis',(0.,0.,-1.));
#10897=DIRECTION('ref_axis',(1.,0.,0.));
#10898=DIRECTION('center_axis',(0.,0.,1.));
#10899=DIRECTION('ref_axis',(1.,0.,0.));
#10900=DIRECTION('center_axis',(0.,0.,-1.));
#10901=DIRECTION('ref_axis',(1.,0.,0.));
#10902=DIRECTION('center_axis',(0.,-1.,0.));
#10903=DIRECTION('ref_axis',(-1.,0.,0.));
#10904=DIRECTION('center_axis',(0.,0.,1.));
#10905=DIRECTION('ref_axis',(1.,0.,0.));
#10906=DIRECTION('center_axis',(0.,0.,1.));
#10907=DIRECTION('ref_axis',(1.,0.,0.));
#10908=DIRECTION('center_axis',(0.,0.,-1.));
#10909=DIRECTION('ref_axis',(-1.,0.,0.));
#10910=DIRECTION('center_axis',(0.,-1.,0.));
#10911=DIRECTION('ref_axis',(1.,0.,0.));
#10912=DIRECTION('center_axis',(0.,0.,1.));
#10913=DIRECTION('ref_axis',(1.,0.,0.));
#10914=DIRECTION('center_axis',(0.,0.,-1.));
#10915=DIRECTION('ref_axis',(1.,0.,0.));
#10916=DIRECTION('center_axis',(0.,-1.,0.));
#10917=DIRECTION('ref_axis',(-1.,0.,0.));
#10918=DIRECTION('center_axis',(0.,0.,1.));
#10919=DIRECTION('ref_axis',(1.,0.,0.));
#10920=DIRECTION('center_axis',(0.,0.,1.));
#10921=DIRECTION('ref_axis',(1.,0.,0.));
#10922=DIRECTION('center_axis',(0.,0.,-1.));
#10923=DIRECTION('ref_axis',(1.,0.,0.));
#10924=DIRECTION('center_axis',(0.,0.,1.));
#10925=DIRECTION('ref_axis',(1.,0.,0.));
#10926=DIRECTION('center_axis',(0.,0.,1.));
#10927=DIRECTION('ref_axis',(1.,0.,0.));
#10928=DIRECTION('',(0.,0.,-1.));
#10929=DIRECTION('center_axis',(0.,0.,-1.));
#10930=DIRECTION('ref_axis',(-1.,0.,0.));
#10931=DIRECTION('center_axis',(0.,0.,1.));
#10932=DIRECTION('ref_axis',(1.,0.,0.));
#10933=DIRECTION('center_axis',(0.,-1.,0.));
#10934=DIRECTION('ref_axis',(1.,0.,0.));
#10935=DIRECTION('center_axis',(0.,0.,1.));
#10936=DIRECTION('ref_axis',(1.,0.,0.));
#10937=DIRECTION('center_axis',(0.,0.,1.));
#10938=DIRECTION('ref_axis',(1.,0.,0.));
#10939=DIRECTION('center_axis',(0.,0.,-1.));
#10940=DIRECTION('ref_axis',(1.,0.,0.));
#10941=DIRECTION('',(0.,0.,-1.));
#10942=DIRECTION('center_axis',(0.,0.,-1.));
#10943=DIRECTION('ref_axis',(1.,0.,0.));
#10944=DIRECTION('center_axis',(0.,0.,1.));
#10945=DIRECTION('ref_axis',(1.,0.,0.));
#10946=DIRECTION('center_axis',(0.,0.,-1.));
#10947=DIRECTION('ref_axis',(1.,0.,0.));
#10948=DIRECTION('center_axis',(0.,-1.,0.));
#10949=DIRECTION('ref_axis',(-1.,0.,0.));
#10950=DIRECTION('center_axis',(0.,0.,1.));
#10951=DIRECTION('ref_axis',(1.,0.,0.));
#10952=DIRECTION('center_axis',(0.,0.,1.));
#10953=DIRECTION('ref_axis',(1.,0.,0.));
#10954=DIRECTION('center_axis',(0.,0.,-1.));
#10955=DIRECTION('ref_axis',(-1.,0.,0.));
#10956=DIRECTION('center_axis',(0.,-1.,0.));
#10957=DIRECTION('ref_axis',(1.,0.,0.));
#10958=DIRECTION('center_axis',(0.,0.,1.));
#10959=DIRECTION('ref_axis',(1.,0.,0.));
#10960=DIRECTION('center_axis',(0.,0.,-1.));
#10961=DIRECTION('ref_axis',(1.,0.,0.));
#10962=DIRECTION('center_axis',(0.,-1.,0.));
#10963=DIRECTION('ref_axis',(-1.,0.,0.));
#10964=DIRECTION('center_axis',(0.,0.,1.));
#10965=DIRECTION('ref_axis',(1.,0.,0.));
#10966=DIRECTION('center_axis',(0.,0.,1.));
#10967=DIRECTION('ref_axis',(1.,0.,0.));
#10968=DIRECTION('center_axis',(0.,0.,-1.));
#10969=DIRECTION('ref_axis',(1.,0.,0.));
#10970=DIRECTION('center_axis',(0.,0.,1.));
#10971=DIRECTION('ref_axis',(1.,0.,0.));
#10972=DIRECTION('center_axis',(0.,0.,1.));
#10973=DIRECTION('ref_axis',(1.,0.,0.));
#10974=DIRECTION('',(0.,0.,-1.));
#10975=DIRECTION('center_axis',(0.,0.,-1.));
#10976=DIRECTION('ref_axis',(-1.,0.,0.));
#10977=DIRECTION('center_axis',(0.,0.,1.));
#10978=DIRECTION('ref_axis',(1.,0.,0.));
#10979=DIRECTION('center_axis',(0.,-1.,0.));
#10980=DIRECTION('ref_axis',(1.,0.,0.));
#10981=DIRECTION('center_axis',(0.,0.,1.));
#10982=DIRECTION('ref_axis',(1.,0.,0.));
#10983=DIRECTION('center_axis',(0.,0.,1.));
#10984=DIRECTION('ref_axis',(1.,0.,0.));
#10985=DIRECTION('center_axis',(0.,0.,-1.));
#10986=DIRECTION('ref_axis',(1.,0.,0.));
#10987=DIRECTION('',(0.,0.,-1.));
#10988=DIRECTION('center_axis',(0.,0.,-1.));
#10989=DIRECTION('ref_axis',(1.,0.,0.));
#10990=DIRECTION('center_axis',(0.,0.,1.));
#10991=DIRECTION('ref_axis',(1.,0.,0.));
#10992=DIRECTION('center_axis',(0.,0.,-1.));
#10993=DIRECTION('ref_axis',(1.,0.,0.));
#10994=DIRECTION('center_axis',(0.,-1.,0.));
#10995=DIRECTION('ref_axis',(-1.,0.,0.));
#10996=DIRECTION('center_axis',(0.,0.,1.));
#10997=DIRECTION('ref_axis',(1.,0.,0.));
#10998=DIRECTION('center_axis',(0.,0.,1.));
#10999=DIRECTION('ref_axis',(1.,0.,0.));
#11000=DIRECTION('center_axis',(0.,0.,-1.));
#11001=DIRECTION('ref_axis',(-1.,0.,0.));
#11002=DIRECTION('center_axis',(0.,-1.,0.));
#11003=DIRECTION('ref_axis',(1.,0.,0.));
#11004=DIRECTION('center_axis',(0.,0.,1.));
#11005=DIRECTION('ref_axis',(1.,0.,0.));
#11006=DIRECTION('center_axis',(0.,0.,-1.));
#11007=DIRECTION('ref_axis',(1.,0.,0.));
#11008=DIRECTION('center_axis',(0.,-1.,0.));
#11009=DIRECTION('ref_axis',(-1.,0.,0.));
#11010=DIRECTION('center_axis',(0.,0.,1.));
#11011=DIRECTION('ref_axis',(1.,0.,0.));
#11012=DIRECTION('center_axis',(0.,0.,1.));
#11013=DIRECTION('ref_axis',(1.,0.,0.));
#11014=DIRECTION('center_axis',(0.,0.,-1.));
#11015=DIRECTION('ref_axis',(1.,0.,0.));
#11016=DIRECTION('center_axis',(0.,0.,1.));
#11017=DIRECTION('ref_axis',(1.,0.,0.));
#11018=DIRECTION('center_axis',(0.,0.,1.));
#11019=DIRECTION('ref_axis',(1.,0.,0.));
#11020=DIRECTION('',(0.,0.,-1.));
#11021=DIRECTION('center_axis',(0.,0.,-1.));
#11022=DIRECTION('ref_axis',(-1.,0.,0.));
#11023=DIRECTION('center_axis',(0.,0.,1.));
#11024=DIRECTION('ref_axis',(1.,0.,0.));
#11025=DIRECTION('center_axis',(0.,-1.,0.));
#11026=DIRECTION('ref_axis',(1.,0.,0.));
#11027=DIRECTION('center_axis',(0.,0.,1.));
#11028=DIRECTION('ref_axis',(1.,0.,0.));
#11029=DIRECTION('center_axis',(0.,0.,1.));
#11030=DIRECTION('ref_axis',(1.,0.,0.));
#11031=DIRECTION('center_axis',(0.,0.,-1.));
#11032=DIRECTION('ref_axis',(1.,0.,0.));
#11033=DIRECTION('',(0.,0.,-1.));
#11034=DIRECTION('center_axis',(0.,0.,-1.));
#11035=DIRECTION('ref_axis',(1.,0.,0.));
#11036=DIRECTION('center_axis',(0.,0.,1.));
#11037=DIRECTION('ref_axis',(1.,0.,0.));
#11038=DIRECTION('center_axis',(0.,0.,-1.));
#11039=DIRECTION('ref_axis',(1.,0.,0.));
#11040=DIRECTION('center_axis',(0.,-1.,0.));
#11041=DIRECTION('ref_axis',(-1.,0.,0.));
#11042=DIRECTION('center_axis',(0.,0.,1.));
#11043=DIRECTION('ref_axis',(1.,0.,0.));
#11044=DIRECTION('center_axis',(0.,0.,1.));
#11045=DIRECTION('ref_axis',(1.,0.,0.));
#11046=DIRECTION('center_axis',(0.,0.,-1.));
#11047=DIRECTION('ref_axis',(-1.,0.,0.));
#11048=DIRECTION('center_axis',(0.,-1.,0.));
#11049=DIRECTION('ref_axis',(1.,0.,0.));
#11050=DIRECTION('center_axis',(0.,0.,1.));
#11051=DIRECTION('ref_axis',(1.,0.,0.));
#11052=DIRECTION('center_axis',(0.,0.,-1.));
#11053=DIRECTION('ref_axis',(1.,0.,0.));
#11054=DIRECTION('center_axis',(0.,-1.,0.));
#11055=DIRECTION('ref_axis',(-1.,0.,0.));
#11056=DIRECTION('center_axis',(0.,0.,1.));
#11057=DIRECTION('ref_axis',(1.,0.,0.));
#11058=DIRECTION('center_axis',(0.,0.,1.));
#11059=DIRECTION('ref_axis',(1.,0.,0.));
#11060=DIRECTION('center_axis',(0.,0.,-1.));
#11061=DIRECTION('ref_axis',(1.,0.,0.));
#11062=DIRECTION('center_axis',(0.,0.,1.));
#11063=DIRECTION('ref_axis',(1.,0.,0.));
#11064=DIRECTION('center_axis',(0.,0.,1.));
#11065=DIRECTION('ref_axis',(1.,0.,0.));
#11066=DIRECTION('',(0.,0.,-1.));
#11067=DIRECTION('center_axis',(0.,0.,-1.));
#11068=DIRECTION('ref_axis',(-1.,0.,0.));
#11069=DIRECTION('center_axis',(0.,0.,1.));
#11070=DIRECTION('ref_axis',(1.,0.,0.));
#11071=DIRECTION('center_axis',(0.,-1.,0.));
#11072=DIRECTION('ref_axis',(1.,0.,0.));
#11073=DIRECTION('center_axis',(0.,0.,1.));
#11074=DIRECTION('ref_axis',(1.,0.,0.));
#11075=DIRECTION('center_axis',(0.,0.,1.));
#11076=DIRECTION('ref_axis',(1.,0.,0.));
#11077=DIRECTION('center_axis',(0.,0.,-1.));
#11078=DIRECTION('ref_axis',(1.,0.,0.));
#11079=DIRECTION('',(0.,0.,-1.));
#11080=DIRECTION('center_axis',(0.,0.,-1.));
#11081=DIRECTION('ref_axis',(1.,0.,0.));
#11082=DIRECTION('center_axis',(0.,0.,1.));
#11083=DIRECTION('ref_axis',(1.,0.,0.));
#11084=DIRECTION('center_axis',(0.,0.,-1.));
#11085=DIRECTION('ref_axis',(1.,0.,0.));
#11086=DIRECTION('center_axis',(0.,-1.,0.));
#11087=DIRECTION('ref_axis',(-1.,0.,0.));
#11088=DIRECTION('center_axis',(0.,0.,1.));
#11089=DIRECTION('ref_axis',(1.,0.,0.));
#11090=DIRECTION('center_axis',(0.,0.,1.));
#11091=DIRECTION('ref_axis',(1.,0.,0.));
#11092=DIRECTION('center_axis',(0.,0.,-1.));
#11093=DIRECTION('ref_axis',(-1.,0.,0.));
#11094=DIRECTION('center_axis',(0.,-1.,0.));
#11095=DIRECTION('ref_axis',(1.,0.,0.));
#11096=DIRECTION('center_axis',(0.,0.,1.));
#11097=DIRECTION('ref_axis',(1.,0.,0.));
#11098=DIRECTION('center_axis',(0.,0.,-1.));
#11099=DIRECTION('ref_axis',(1.,0.,0.));
#11100=DIRECTION('center_axis',(0.,-1.,0.));
#11101=DIRECTION('ref_axis',(-1.,0.,0.));
#11102=DIRECTION('center_axis',(0.,0.,1.));
#11103=DIRECTION('ref_axis',(1.,0.,0.));
#11104=DIRECTION('center_axis',(0.,0.,1.));
#11105=DIRECTION('ref_axis',(1.,0.,0.));
#11106=DIRECTION('center_axis',(0.,0.,-1.));
#11107=DIRECTION('ref_axis',(1.,0.,0.));
#11108=DIRECTION('center_axis',(0.,0.,1.));
#11109=DIRECTION('ref_axis',(1.,0.,0.));
#11110=DIRECTION('center_axis',(0.,0.,1.));
#11111=DIRECTION('ref_axis',(1.,0.,0.));
#11112=DIRECTION('',(0.,0.,-1.));
#11113=DIRECTION('center_axis',(0.,0.,-1.));
#11114=DIRECTION('ref_axis',(-1.,0.,0.));
#11115=DIRECTION('center_axis',(0.,0.,1.));
#11116=DIRECTION('ref_axis',(1.,0.,0.));
#11117=DIRECTION('center_axis',(0.,-1.,0.));
#11118=DIRECTION('ref_axis',(1.,0.,0.));
#11119=DIRECTION('center_axis',(0.,0.,1.));
#11120=DIRECTION('ref_axis',(1.,0.,0.));
#11121=DIRECTION('center_axis',(0.,0.,1.));
#11122=DIRECTION('ref_axis',(1.,0.,0.));
#11123=DIRECTION('center_axis',(0.,0.,-1.));
#11124=DIRECTION('ref_axis',(1.,0.,0.));
#11125=DIRECTION('',(0.,0.,-1.));
#11126=DIRECTION('center_axis',(0.,0.,-1.));
#11127=DIRECTION('ref_axis',(1.,0.,0.));
#11128=DIRECTION('center_axis',(0.,0.,1.));
#11129=DIRECTION('ref_axis',(1.,0.,0.));
#11130=DIRECTION('center_axis',(0.,0.,-1.));
#11131=DIRECTION('ref_axis',(1.,0.,0.));
#11132=DIRECTION('center_axis',(0.,-1.,0.));
#11133=DIRECTION('ref_axis',(-1.,0.,0.));
#11134=DIRECTION('center_axis',(0.,0.,1.));
#11135=DIRECTION('ref_axis',(1.,0.,0.));
#11136=DIRECTION('center_axis',(0.,0.,1.));
#11137=DIRECTION('ref_axis',(1.,0.,0.));
#11138=DIRECTION('center_axis',(0.,0.,-1.));
#11139=DIRECTION('ref_axis',(-1.,0.,0.));
#11140=DIRECTION('center_axis',(0.,-1.,0.));
#11141=DIRECTION('ref_axis',(1.,0.,0.));
#11142=DIRECTION('center_axis',(0.,0.,1.));
#11143=DIRECTION('ref_axis',(1.,0.,0.));
#11144=DIRECTION('center_axis',(0.,0.,-1.));
#11145=DIRECTION('ref_axis',(1.,0.,0.));
#11146=DIRECTION('center_axis',(0.,-1.,0.));
#11147=DIRECTION('ref_axis',(-1.,0.,0.));
#11148=DIRECTION('center_axis',(0.,0.,1.));
#11149=DIRECTION('ref_axis',(1.,0.,0.));
#11150=DIRECTION('center_axis',(0.,0.,1.));
#11151=DIRECTION('ref_axis',(1.,0.,0.));
#11152=DIRECTION('center_axis',(0.,0.,-1.));
#11153=DIRECTION('ref_axis',(1.,0.,0.));
#11154=DIRECTION('center_axis',(0.,0.,1.));
#11155=DIRECTION('ref_axis',(1.,0.,0.));
#11156=DIRECTION('center_axis',(0.,0.,1.));
#11157=DIRECTION('ref_axis',(1.,0.,0.));
#11158=DIRECTION('',(0.,0.,-1.));
#11159=DIRECTION('center_axis',(0.,0.,-1.));
#11160=DIRECTION('ref_axis',(-1.,0.,0.));
#11161=DIRECTION('center_axis',(0.,0.,1.));
#11162=DIRECTION('ref_axis',(1.,0.,0.));
#11163=DIRECTION('center_axis',(0.,-1.,0.));
#11164=DIRECTION('ref_axis',(1.,0.,0.));
#11165=DIRECTION('center_axis',(0.,0.,1.));
#11166=DIRECTION('ref_axis',(1.,0.,0.));
#11167=DIRECTION('center_axis',(0.,0.,1.));
#11168=DIRECTION('ref_axis',(1.,0.,0.));
#11169=DIRECTION('center_axis',(0.,0.,-1.));
#11170=DIRECTION('ref_axis',(1.,0.,0.));
#11171=DIRECTION('',(0.,0.,-1.));
#11172=DIRECTION('center_axis',(0.,0.,-1.));
#11173=DIRECTION('ref_axis',(1.,0.,0.));
#11174=DIRECTION('center_axis',(0.,0.,1.));
#11175=DIRECTION('ref_axis',(1.,0.,0.));
#11176=DIRECTION('center_axis',(0.,0.,-1.));
#11177=DIRECTION('ref_axis',(1.,0.,0.));
#11178=DIRECTION('center_axis',(0.,-1.,0.));
#11179=DIRECTION('ref_axis',(-1.,0.,0.));
#11180=DIRECTION('center_axis',(0.,0.,1.));
#11181=DIRECTION('ref_axis',(1.,0.,0.));
#11182=DIRECTION('center_axis',(0.,0.,1.));
#11183=DIRECTION('ref_axis',(1.,0.,0.));
#11184=DIRECTION('center_axis',(0.,0.,-1.));
#11185=DIRECTION('ref_axis',(-1.,0.,0.));
#11186=DIRECTION('center_axis',(0.,-1.,0.));
#11187=DIRECTION('ref_axis',(1.,0.,0.));
#11188=DIRECTION('center_axis',(0.,0.,1.));
#11189=DIRECTION('ref_axis',(1.,0.,0.));
#11190=DIRECTION('center_axis',(0.,0.,-1.));
#11191=DIRECTION('ref_axis',(1.,0.,0.));
#11192=DIRECTION('center_axis',(0.,-1.,0.));
#11193=DIRECTION('ref_axis',(-1.,0.,0.));
#11194=DIRECTION('center_axis',(0.,0.,1.));
#11195=DIRECTION('ref_axis',(1.,0.,0.));
#11196=DIRECTION('center_axis',(0.,0.,1.));
#11197=DIRECTION('ref_axis',(1.,0.,0.));
#11198=DIRECTION('center_axis',(0.,0.,-1.));
#11199=DIRECTION('ref_axis',(1.,0.,0.));
#11200=DIRECTION('center_axis',(0.,0.,1.));
#11201=DIRECTION('ref_axis',(1.,0.,0.));
#11202=DIRECTION('center_axis',(0.,0.,1.));
#11203=DIRECTION('ref_axis',(1.,0.,0.));
#11204=DIRECTION('',(0.,0.,-1.));
#11205=DIRECTION('center_axis',(0.,0.,-1.));
#11206=DIRECTION('ref_axis',(-1.,0.,0.));
#11207=DIRECTION('center_axis',(0.,0.,1.));
#11208=DIRECTION('ref_axis',(1.,0.,0.));
#11209=DIRECTION('center_axis',(0.,-1.,0.));
#11210=DIRECTION('ref_axis',(1.,0.,0.));
#11211=DIRECTION('center_axis',(0.,0.,1.));
#11212=DIRECTION('ref_axis',(1.,0.,0.));
#11213=DIRECTION('center_axis',(0.,0.,1.));
#11214=DIRECTION('ref_axis',(1.,0.,0.));
#11215=DIRECTION('center_axis',(0.,0.,-1.));
#11216=DIRECTION('ref_axis',(1.,0.,0.));
#11217=DIRECTION('',(0.,0.,-1.));
#11218=DIRECTION('center_axis',(0.,0.,-1.));
#11219=DIRECTION('ref_axis',(1.,0.,0.));
#11220=DIRECTION('center_axis',(0.,0.,1.));
#11221=DIRECTION('ref_axis',(1.,0.,0.));
#11222=DIRECTION('center_axis',(0.,0.,-1.));
#11223=DIRECTION('ref_axis',(1.,0.,0.));
#11224=DIRECTION('center_axis',(0.,-1.,0.));
#11225=DIRECTION('ref_axis',(-1.,0.,0.));
#11226=DIRECTION('center_axis',(0.,0.,1.));
#11227=DIRECTION('ref_axis',(1.,0.,0.));
#11228=DIRECTION('center_axis',(0.,0.,1.));
#11229=DIRECTION('ref_axis',(1.,0.,0.));
#11230=DIRECTION('center_axis',(0.,0.,-1.));
#11231=DIRECTION('ref_axis',(-1.,0.,0.));
#11232=DIRECTION('center_axis',(0.,-1.,0.));
#11233=DIRECTION('ref_axis',(1.,0.,0.));
#11234=DIRECTION('center_axis',(0.,0.,1.));
#11235=DIRECTION('ref_axis',(1.,0.,0.));
#11236=DIRECTION('center_axis',(0.,0.,-1.));
#11237=DIRECTION('ref_axis',(1.,0.,0.));
#11238=DIRECTION('center_axis',(0.,-1.,0.));
#11239=DIRECTION('ref_axis',(-1.,0.,0.));
#11240=DIRECTION('center_axis',(0.,0.,1.));
#11241=DIRECTION('ref_axis',(1.,0.,0.));
#11242=DIRECTION('center_axis',(0.,0.,1.));
#11243=DIRECTION('ref_axis',(1.,0.,0.));
#11244=DIRECTION('center_axis',(0.,0.,-1.));
#11245=DIRECTION('ref_axis',(1.,0.,0.));
#11246=DIRECTION('center_axis',(0.,0.,1.));
#11247=DIRECTION('ref_axis',(1.,0.,0.));
#11248=DIRECTION('center_axis',(0.,0.,1.));
#11249=DIRECTION('ref_axis',(1.,0.,0.));
#11250=DIRECTION('',(0.,0.,-1.));
#11251=DIRECTION('center_axis',(0.,0.,-1.));
#11252=DIRECTION('ref_axis',(-1.,0.,0.));
#11253=DIRECTION('center_axis',(0.,0.,1.));
#11254=DIRECTION('ref_axis',(1.,0.,0.));
#11255=DIRECTION('center_axis',(0.,-1.,0.));
#11256=DIRECTION('ref_axis',(1.,0.,0.));
#11257=DIRECTION('center_axis',(0.,0.,1.));
#11258=DIRECTION('ref_axis',(1.,0.,0.));
#11259=DIRECTION('center_axis',(0.,0.,1.));
#11260=DIRECTION('ref_axis',(1.,0.,0.));
#11261=DIRECTION('center_axis',(0.,0.,-1.));
#11262=DIRECTION('ref_axis',(1.,0.,0.));
#11263=DIRECTION('',(0.,0.,-1.));
#11264=DIRECTION('center_axis',(0.,0.,-1.));
#11265=DIRECTION('ref_axis',(1.,0.,0.));
#11266=DIRECTION('center_axis',(0.,0.,1.));
#11267=DIRECTION('ref_axis',(1.,0.,0.));
#11268=DIRECTION('center_axis',(0.,0.,-1.));
#11269=DIRECTION('ref_axis',(1.,0.,0.));
#11270=DIRECTION('center_axis',(0.,-1.,0.));
#11271=DIRECTION('ref_axis',(-1.,0.,0.));
#11272=DIRECTION('center_axis',(0.,0.,1.));
#11273=DIRECTION('ref_axis',(1.,0.,0.));
#11274=DIRECTION('center_axis',(0.,0.,1.));
#11275=DIRECTION('ref_axis',(1.,0.,0.));
#11276=DIRECTION('center_axis',(0.,0.,-1.));
#11277=DIRECTION('ref_axis',(-1.,0.,0.));
#11278=DIRECTION('center_axis',(0.,-1.,0.));
#11279=DIRECTION('ref_axis',(1.,0.,0.));
#11280=DIRECTION('center_axis',(0.,0.,1.));
#11281=DIRECTION('ref_axis',(1.,0.,0.));
#11282=DIRECTION('center_axis',(0.,0.,-1.));
#11283=DIRECTION('ref_axis',(1.,0.,0.));
#11284=DIRECTION('center_axis',(0.,-1.,0.));
#11285=DIRECTION('ref_axis',(-1.,0.,0.));
#11286=DIRECTION('center_axis',(0.,0.,1.));
#11287=DIRECTION('ref_axis',(1.,0.,0.));
#11288=DIRECTION('center_axis',(0.,0.,1.));
#11289=DIRECTION('ref_axis',(1.,0.,0.));
#11290=DIRECTION('center_axis',(0.,0.,-1.));
#11291=DIRECTION('ref_axis',(1.,0.,0.));
#11292=DIRECTION('center_axis',(0.,0.,1.));
#11293=DIRECTION('ref_axis',(1.,0.,0.));
#11294=DIRECTION('center_axis',(0.,0.,1.));
#11295=DIRECTION('ref_axis',(1.,0.,0.));
#11296=DIRECTION('',(0.,0.,-1.));
#11297=DIRECTION('center_axis',(0.,0.,-1.));
#11298=DIRECTION('ref_axis',(-1.,0.,0.));
#11299=DIRECTION('center_axis',(0.,0.,1.));
#11300=DIRECTION('ref_axis',(1.,0.,0.));
#11301=DIRECTION('center_axis',(0.,-1.,0.));
#11302=DIRECTION('ref_axis',(1.,0.,0.));
#11303=DIRECTION('center_axis',(0.,0.,1.));
#11304=DIRECTION('ref_axis',(1.,0.,0.));
#11305=DIRECTION('center_axis',(0.,0.,1.));
#11306=DIRECTION('ref_axis',(1.,0.,0.));
#11307=DIRECTION('center_axis',(0.,0.,-1.));
#11308=DIRECTION('ref_axis',(1.,0.,0.));
#11309=DIRECTION('',(0.,0.,-1.));
#11310=DIRECTION('center_axis',(0.,0.,-1.));
#11311=DIRECTION('ref_axis',(1.,0.,0.));
#11312=DIRECTION('center_axis',(0.,0.,1.));
#11313=DIRECTION('ref_axis',(1.,0.,0.));
#11314=DIRECTION('center_axis',(0.,0.,-1.));
#11315=DIRECTION('ref_axis',(1.,0.,0.));
#11316=DIRECTION('center_axis',(0.,-1.,0.));
#11317=DIRECTION('ref_axis',(-1.,0.,0.));
#11318=DIRECTION('center_axis',(0.,0.,1.));
#11319=DIRECTION('ref_axis',(1.,0.,0.));
#11320=DIRECTION('center_axis',(0.,0.,1.));
#11321=DIRECTION('ref_axis',(1.,0.,0.));
#11322=DIRECTION('center_axis',(0.,0.,-1.));
#11323=DIRECTION('ref_axis',(-1.,0.,0.));
#11324=DIRECTION('center_axis',(0.,-1.,0.));
#11325=DIRECTION('ref_axis',(1.,0.,0.));
#11326=DIRECTION('center_axis',(0.,0.,1.));
#11327=DIRECTION('ref_axis',(1.,0.,0.));
#11328=DIRECTION('center_axis',(0.,0.,-1.));
#11329=DIRECTION('ref_axis',(1.,0.,0.));
#11330=DIRECTION('center_axis',(0.,-1.,0.));
#11331=DIRECTION('ref_axis',(-1.,0.,0.));
#11332=DIRECTION('center_axis',(0.,0.,1.));
#11333=DIRECTION('ref_axis',(1.,0.,0.));
#11334=DIRECTION('center_axis',(0.,0.,1.));
#11335=DIRECTION('ref_axis',(1.,0.,0.));
#11336=DIRECTION('center_axis',(0.,0.,-1.));
#11337=DIRECTION('ref_axis',(1.,0.,0.));
#11338=DIRECTION('center_axis',(0.,0.,1.));
#11339=DIRECTION('ref_axis',(1.,0.,0.));
#11340=DIRECTION('center_axis',(0.,0.,1.));
#11341=DIRECTION('ref_axis',(1.,0.,0.));
#11342=DIRECTION('',(0.,0.,-1.));
#11343=DIRECTION('center_axis',(0.,0.,-1.));
#11344=DIRECTION('ref_axis',(-1.,0.,0.));
#11345=DIRECTION('center_axis',(0.,0.,1.));
#11346=DIRECTION('ref_axis',(1.,0.,0.));
#11347=DIRECTION('center_axis',(0.,-1.,0.));
#11348=DIRECTION('ref_axis',(1.,0.,0.));
#11349=DIRECTION('center_axis',(0.,0.,1.));
#11350=DIRECTION('ref_axis',(1.,0.,0.));
#11351=DIRECTION('center_axis',(0.,0.,1.));
#11352=DIRECTION('ref_axis',(1.,0.,0.));
#11353=DIRECTION('center_axis',(0.,0.,-1.));
#11354=DIRECTION('ref_axis',(1.,0.,0.));
#11355=DIRECTION('',(0.,0.,-1.));
#11356=DIRECTION('center_axis',(0.,0.,-1.));
#11357=DIRECTION('ref_axis',(1.,0.,0.));
#11358=DIRECTION('center_axis',(0.,0.,1.));
#11359=DIRECTION('ref_axis',(1.,0.,0.));
#11360=DIRECTION('center_axis',(0.,0.,-1.));
#11361=DIRECTION('ref_axis',(1.,0.,0.));
#11362=DIRECTION('center_axis',(0.,-1.,0.));
#11363=DIRECTION('ref_axis',(-1.,0.,0.));
#11364=DIRECTION('center_axis',(0.,0.,1.));
#11365=DIRECTION('ref_axis',(1.,0.,0.));
#11366=DIRECTION('center_axis',(0.,0.,1.));
#11367=DIRECTION('ref_axis',(1.,0.,0.));
#11368=DIRECTION('center_axis',(0.,0.,-1.));
#11369=DIRECTION('ref_axis',(-1.,0.,0.));
#11370=DIRECTION('center_axis',(0.,-1.,0.));
#11371=DIRECTION('ref_axis',(1.,0.,0.));
#11372=DIRECTION('center_axis',(0.,0.,1.));
#11373=DIRECTION('ref_axis',(1.,0.,0.));
#11374=DIRECTION('center_axis',(0.,0.,-1.));
#11375=DIRECTION('ref_axis',(1.,0.,0.));
#11376=DIRECTION('center_axis',(0.,-1.,0.));
#11377=DIRECTION('ref_axis',(-1.,0.,0.));
#11378=DIRECTION('center_axis',(0.,0.,1.));
#11379=DIRECTION('ref_axis',(1.,0.,0.));
#11380=DIRECTION('center_axis',(0.,0.,1.));
#11381=DIRECTION('ref_axis',(1.,0.,0.));
#11382=DIRECTION('center_axis',(0.,0.,-1.));
#11383=DIRECTION('ref_axis',(1.,0.,0.));
#11384=DIRECTION('center_axis',(0.,0.,1.));
#11385=DIRECTION('ref_axis',(1.,0.,0.));
#11386=DIRECTION('center_axis',(0.,0.,1.));
#11387=DIRECTION('ref_axis',(1.,0.,0.));
#11388=DIRECTION('',(0.,0.,-1.));
#11389=DIRECTION('center_axis',(0.,0.,-1.));
#11390=DIRECTION('ref_axis',(-1.,0.,0.));
#11391=DIRECTION('center_axis',(0.,0.,1.));
#11392=DIRECTION('ref_axis',(1.,0.,0.));
#11393=DIRECTION('center_axis',(0.,-1.,0.));
#11394=DIRECTION('ref_axis',(1.,0.,0.));
#11395=DIRECTION('center_axis',(0.,0.,1.));
#11396=DIRECTION('ref_axis',(1.,0.,0.));
#11397=DIRECTION('center_axis',(0.,0.,1.));
#11398=DIRECTION('ref_axis',(1.,0.,0.));
#11399=DIRECTION('center_axis',(0.,0.,-1.));
#11400=DIRECTION('ref_axis',(1.,0.,0.));
#11401=DIRECTION('',(0.,0.,-1.));
#11402=DIRECTION('center_axis',(0.,0.,-1.));
#11403=DIRECTION('ref_axis',(1.,0.,0.));
#11404=DIRECTION('center_axis',(0.,0.,1.));
#11405=DIRECTION('ref_axis',(1.,0.,0.));
#11406=DIRECTION('center_axis',(0.,0.,-1.));
#11407=DIRECTION('ref_axis',(1.,0.,0.));
#11408=DIRECTION('center_axis',(0.,-1.,0.));
#11409=DIRECTION('ref_axis',(-1.,0.,0.));
#11410=DIRECTION('center_axis',(0.,0.,1.));
#11411=DIRECTION('ref_axis',(1.,0.,0.));
#11412=DIRECTION('center_axis',(0.,0.,1.));
#11413=DIRECTION('ref_axis',(1.,0.,0.));
#11414=DIRECTION('center_axis',(0.,0.,-1.));
#11415=DIRECTION('ref_axis',(-1.,0.,0.));
#11416=DIRECTION('center_axis',(0.,-1.,0.));
#11417=DIRECTION('ref_axis',(1.,0.,0.));
#11418=DIRECTION('center_axis',(0.,0.,1.));
#11419=DIRECTION('ref_axis',(1.,0.,0.));
#11420=DIRECTION('center_axis',(0.,0.,-1.));
#11421=DIRECTION('ref_axis',(1.,0.,0.));
#11422=DIRECTION('center_axis',(0.,-1.,0.));
#11423=DIRECTION('ref_axis',(-1.,0.,0.));
#11424=DIRECTION('center_axis',(0.,0.,1.));
#11425=DIRECTION('ref_axis',(1.,0.,0.));
#11426=DIRECTION('center_axis',(0.,0.,1.));
#11427=DIRECTION('ref_axis',(1.,0.,0.));
#11428=DIRECTION('center_axis',(0.,0.,-1.));
#11429=DIRECTION('ref_axis',(1.,0.,0.));
#11430=DIRECTION('center_axis',(0.,0.,1.));
#11431=DIRECTION('ref_axis',(1.,0.,0.));
#11432=DIRECTION('center_axis',(0.,0.,1.));
#11433=DIRECTION('ref_axis',(1.,0.,0.));
#11434=DIRECTION('',(0.,0.,-1.));
#11435=DIRECTION('center_axis',(0.,0.,-1.));
#11436=DIRECTION('ref_axis',(-1.,0.,0.));
#11437=DIRECTION('center_axis',(0.,0.,1.));
#11438=DIRECTION('ref_axis',(1.,0.,0.));
#11439=DIRECTION('center_axis',(0.,-1.,0.));
#11440=DIRECTION('ref_axis',(1.,0.,0.));
#11441=DIRECTION('center_axis',(0.,0.,1.));
#11442=DIRECTION('ref_axis',(1.,0.,0.));
#11443=DIRECTION('center_axis',(0.,0.,1.));
#11444=DIRECTION('ref_axis',(1.,0.,0.));
#11445=DIRECTION('center_axis',(0.,0.,-1.));
#11446=DIRECTION('ref_axis',(1.,0.,0.));
#11447=DIRECTION('',(0.,0.,-1.));
#11448=DIRECTION('center_axis',(0.,0.,-1.));
#11449=DIRECTION('ref_axis',(1.,0.,0.));
#11450=DIRECTION('center_axis',(0.,0.,1.));
#11451=DIRECTION('ref_axis',(1.,0.,0.));
#11452=DIRECTION('center_axis',(0.,0.,-1.));
#11453=DIRECTION('ref_axis',(1.,0.,0.));
#11454=DIRECTION('center_axis',(0.,-1.,0.));
#11455=DIRECTION('ref_axis',(-1.,0.,0.));
#11456=DIRECTION('center_axis',(0.,0.,1.));
#11457=DIRECTION('ref_axis',(1.,0.,0.));
#11458=DIRECTION('center_axis',(0.,0.,1.));
#11459=DIRECTION('ref_axis',(1.,0.,0.));
#11460=DIRECTION('center_axis',(0.,0.,-1.));
#11461=DIRECTION('ref_axis',(-1.,0.,0.));
#11462=DIRECTION('center_axis',(0.,-1.,0.));
#11463=DIRECTION('ref_axis',(1.,0.,0.));
#11464=DIRECTION('center_axis',(0.,0.,1.));
#11465=DIRECTION('ref_axis',(1.,0.,0.));
#11466=DIRECTION('center_axis',(0.,0.,-1.));
#11467=DIRECTION('ref_axis',(1.,0.,0.));
#11468=DIRECTION('center_axis',(0.,-1.,0.));
#11469=DIRECTION('ref_axis',(-1.,0.,0.));
#11470=DIRECTION('center_axis',(0.,0.,1.));
#11471=DIRECTION('ref_axis',(1.,0.,0.));
#11472=DIRECTION('center_axis',(0.,0.,1.));
#11473=DIRECTION('ref_axis',(1.,0.,0.));
#11474=DIRECTION('center_axis',(0.,0.,-1.));
#11475=DIRECTION('ref_axis',(1.,0.,0.));
#11476=DIRECTION('center_axis',(0.,0.,1.));
#11477=DIRECTION('ref_axis',(1.,0.,0.));
#11478=DIRECTION('center_axis',(0.,0.,1.));
#11479=DIRECTION('ref_axis',(1.,0.,0.));
#11480=DIRECTION('',(0.,0.,-1.));
#11481=DIRECTION('center_axis',(0.,0.,-1.));
#11482=DIRECTION('ref_axis',(-1.,0.,0.));
#11483=DIRECTION('center_axis',(0.,0.,1.));
#11484=DIRECTION('ref_axis',(1.,0.,0.));
#11485=DIRECTION('center_axis',(0.,-1.,0.));
#11486=DIRECTION('ref_axis',(1.,0.,0.));
#11487=DIRECTION('center_axis',(0.,0.,1.));
#11488=DIRECTION('ref_axis',(1.,0.,0.));
#11489=DIRECTION('center_axis',(0.,0.,1.));
#11490=DIRECTION('ref_axis',(1.,0.,0.));
#11491=DIRECTION('center_axis',(0.,0.,-1.));
#11492=DIRECTION('ref_axis',(1.,0.,0.));
#11493=DIRECTION('',(0.,0.,-1.));
#11494=DIRECTION('center_axis',(0.,0.,-1.));
#11495=DIRECTION('ref_axis',(1.,0.,0.));
#11496=DIRECTION('center_axis',(0.,0.,1.));
#11497=DIRECTION('ref_axis',(1.,0.,0.));
#11498=DIRECTION('center_axis',(0.,0.,-1.));
#11499=DIRECTION('ref_axis',(1.,0.,0.));
#11500=DIRECTION('center_axis',(0.,-1.,0.));
#11501=DIRECTION('ref_axis',(-1.,0.,0.));
#11502=DIRECTION('center_axis',(0.,0.,1.));
#11503=DIRECTION('ref_axis',(1.,0.,0.));
#11504=DIRECTION('center_axis',(0.,0.,1.));
#11505=DIRECTION('ref_axis',(1.,0.,0.));
#11506=DIRECTION('center_axis',(0.,0.,-1.));
#11507=DIRECTION('ref_axis',(-1.,0.,0.));
#11508=DIRECTION('center_axis',(0.,-1.,0.));
#11509=DIRECTION('ref_axis',(1.,0.,0.));
#11510=DIRECTION('center_axis',(0.,0.,1.));
#11511=DIRECTION('ref_axis',(1.,0.,0.));
#11512=DIRECTION('center_axis',(0.,0.,-1.));
#11513=DIRECTION('ref_axis',(1.,0.,0.));
#11514=DIRECTION('center_axis',(0.,-1.,0.));
#11515=DIRECTION('ref_axis',(-1.,0.,0.));
#11516=DIRECTION('center_axis',(0.,0.,1.));
#11517=DIRECTION('ref_axis',(1.,0.,0.));
#11518=DIRECTION('center_axis',(0.,0.,1.));
#11519=DIRECTION('ref_axis',(1.,0.,0.));
#11520=DIRECTION('center_axis',(0.,0.,-1.));
#11521=DIRECTION('ref_axis',(1.,0.,0.));
#11522=DIRECTION('center_axis',(0.,0.,1.));
#11523=DIRECTION('ref_axis',(1.,0.,0.));
#11524=DIRECTION('center_axis',(0.,0.,1.));
#11525=DIRECTION('ref_axis',(1.,0.,0.));
#11526=DIRECTION('',(0.,0.,-1.));
#11527=DIRECTION('center_axis',(0.,0.,-1.));
#11528=DIRECTION('ref_axis',(-1.,0.,0.));
#11529=DIRECTION('center_axis',(0.,0.,1.));
#11530=DIRECTION('ref_axis',(1.,0.,0.));
#11531=DIRECTION('center_axis',(0.,-1.,0.));
#11532=DIRECTION('ref_axis',(1.,0.,0.));
#11533=DIRECTION('center_axis',(0.,0.,1.));
#11534=DIRECTION('ref_axis',(1.,0.,0.));
#11535=DIRECTION('center_axis',(0.,0.,1.));
#11536=DIRECTION('ref_axis',(1.,0.,0.));
#11537=DIRECTION('center_axis',(0.,0.,-1.));
#11538=DIRECTION('ref_axis',(1.,0.,0.));
#11539=DIRECTION('',(0.,0.,-1.));
#11540=DIRECTION('center_axis',(0.,0.,-1.));
#11541=DIRECTION('ref_axis',(1.,0.,0.));
#11542=DIRECTION('center_axis',(0.,0.,1.));
#11543=DIRECTION('ref_axis',(1.,0.,0.));
#11544=DIRECTION('center_axis',(0.,0.,-1.));
#11545=DIRECTION('ref_axis',(1.,0.,0.));
#11546=DIRECTION('center_axis',(0.,-1.,0.));
#11547=DIRECTION('ref_axis',(-1.,0.,0.));
#11548=DIRECTION('center_axis',(0.,0.,1.));
#11549=DIRECTION('ref_axis',(1.,0.,0.));
#11550=DIRECTION('center_axis',(0.,0.,1.));
#11551=DIRECTION('ref_axis',(1.,0.,0.));
#11552=DIRECTION('center_axis',(0.,0.,-1.));
#11553=DIRECTION('ref_axis',(-1.,0.,0.));
#11554=DIRECTION('center_axis',(0.,-1.,0.));
#11555=DIRECTION('ref_axis',(1.,0.,0.));
#11556=DIRECTION('center_axis',(0.,0.,1.));
#11557=DIRECTION('ref_axis',(1.,0.,0.));
#11558=DIRECTION('center_axis',(0.,0.,-1.));
#11559=DIRECTION('ref_axis',(1.,0.,0.));
#11560=DIRECTION('center_axis',(0.,-1.,0.));
#11561=DIRECTION('ref_axis',(-1.,0.,0.));
#11562=DIRECTION('center_axis',(0.,0.,1.));
#11563=DIRECTION('ref_axis',(1.,0.,0.));
#11564=DIRECTION('center_axis',(0.,0.,1.));
#11565=DIRECTION('ref_axis',(1.,0.,0.));
#11566=DIRECTION('center_axis',(0.,0.,-1.));
#11567=DIRECTION('ref_axis',(1.,0.,0.));
#11568=DIRECTION('center_axis',(0.,0.,1.));
#11569=DIRECTION('ref_axis',(1.,0.,0.));
#11570=DIRECTION('center_axis',(0.,0.,1.));
#11571=DIRECTION('ref_axis',(1.,0.,0.));
#11572=DIRECTION('',(0.,0.,-1.));
#11573=DIRECTION('center_axis',(0.,0.,-1.));
#11574=DIRECTION('ref_axis',(-1.,0.,0.));
#11575=DIRECTION('center_axis',(0.,0.,1.));
#11576=DIRECTION('ref_axis',(1.,0.,0.));
#11577=DIRECTION('center_axis',(0.,-1.,0.));
#11578=DIRECTION('ref_axis',(1.,0.,0.));
#11579=DIRECTION('center_axis',(0.,0.,1.));
#11580=DIRECTION('ref_axis',(1.,0.,0.));
#11581=DIRECTION('center_axis',(0.,0.,1.));
#11582=DIRECTION('ref_axis',(1.,0.,0.));
#11583=DIRECTION('center_axis',(0.,0.,-1.));
#11584=DIRECTION('ref_axis',(1.,0.,0.));
#11585=DIRECTION('',(0.,0.,-1.));
#11586=DIRECTION('center_axis',(0.,0.,-1.));
#11587=DIRECTION('ref_axis',(1.,0.,0.));
#11588=DIRECTION('center_axis',(0.,0.,1.));
#11589=DIRECTION('ref_axis',(1.,0.,0.));
#11590=DIRECTION('center_axis',(0.,0.,-1.));
#11591=DIRECTION('ref_axis',(1.,0.,0.));
#11592=DIRECTION('center_axis',(0.,-1.,0.));
#11593=DIRECTION('ref_axis',(-1.,0.,0.));
#11594=DIRECTION('center_axis',(0.,0.,1.));
#11595=DIRECTION('ref_axis',(1.,0.,0.));
#11596=DIRECTION('center_axis',(0.,0.,1.));
#11597=DIRECTION('ref_axis',(1.,0.,0.));
#11598=DIRECTION('center_axis',(0.,0.,-1.));
#11599=DIRECTION('ref_axis',(-1.,0.,0.));
#11600=DIRECTION('center_axis',(0.,-1.,0.));
#11601=DIRECTION('ref_axis',(1.,0.,0.));
#11602=DIRECTION('center_axis',(0.,0.,1.));
#11603=DIRECTION('ref_axis',(1.,0.,0.));
#11604=DIRECTION('center_axis',(0.,0.,-1.));
#11605=DIRECTION('ref_axis',(1.,0.,0.));
#11606=DIRECTION('center_axis',(0.,-1.,0.));
#11607=DIRECTION('ref_axis',(-1.,0.,0.));
#11608=DIRECTION('center_axis',(0.,0.,1.));
#11609=DIRECTION('ref_axis',(1.,0.,0.));
#11610=DIRECTION('center_axis',(0.,0.,1.));
#11611=DIRECTION('ref_axis',(1.,0.,0.));
#11612=DIRECTION('center_axis',(0.,0.,-1.));
#11613=DIRECTION('ref_axis',(1.,0.,0.));
#11614=DIRECTION('center_axis',(0.,0.,1.));
#11615=DIRECTION('ref_axis',(1.,0.,0.));
#11616=DIRECTION('center_axis',(0.,0.,1.));
#11617=DIRECTION('ref_axis',(1.,0.,0.));
#11618=DIRECTION('',(0.,0.,-1.));
#11619=DIRECTION('center_axis',(0.,0.,-1.));
#11620=DIRECTION('ref_axis',(-1.,0.,0.));
#11621=DIRECTION('center_axis',(0.,0.,1.));
#11622=DIRECTION('ref_axis',(1.,0.,0.));
#11623=DIRECTION('center_axis',(0.,-1.,0.));
#11624=DIRECTION('ref_axis',(1.,0.,0.));
#11625=DIRECTION('center_axis',(0.,0.,1.));
#11626=DIRECTION('ref_axis',(1.,0.,0.));
#11627=DIRECTION('center_axis',(0.,0.,1.));
#11628=DIRECTION('ref_axis',(1.,0.,0.));
#11629=DIRECTION('center_axis',(0.,0.,-1.));
#11630=DIRECTION('ref_axis',(1.,0.,0.));
#11631=DIRECTION('',(0.,0.,-1.));
#11632=DIRECTION('center_axis',(0.,0.,-1.));
#11633=DIRECTION('ref_axis',(1.,0.,0.));
#11634=DIRECTION('center_axis',(0.,0.,1.));
#11635=DIRECTION('ref_axis',(1.,0.,0.));
#11636=DIRECTION('center_axis',(0.,0.,-1.));
#11637=DIRECTION('ref_axis',(1.,0.,0.));
#11638=DIRECTION('center_axis',(0.,-1.,0.));
#11639=DIRECTION('ref_axis',(-1.,0.,0.));
#11640=DIRECTION('center_axis',(0.,0.,1.));
#11641=DIRECTION('ref_axis',(1.,0.,0.));
#11642=DIRECTION('center_axis',(0.,0.,1.));
#11643=DIRECTION('ref_axis',(1.,0.,0.));
#11644=DIRECTION('center_axis',(0.,0.,-1.));
#11645=DIRECTION('ref_axis',(-1.,0.,0.));
#11646=DIRECTION('center_axis',(0.,-1.,0.));
#11647=DIRECTION('ref_axis',(1.,0.,0.));
#11648=DIRECTION('center_axis',(0.,0.,1.));
#11649=DIRECTION('ref_axis',(1.,0.,0.));
#11650=DIRECTION('center_axis',(0.,0.,-1.));
#11651=DIRECTION('ref_axis',(1.,0.,0.));
#11652=DIRECTION('center_axis',(0.,-1.,0.));
#11653=DIRECTION('ref_axis',(-1.,0.,0.));
#11654=DIRECTION('center_axis',(0.,0.,1.));
#11655=DIRECTION('ref_axis',(1.,0.,0.));
#11656=DIRECTION('center_axis',(0.,0.,1.));
#11657=DIRECTION('ref_axis',(1.,0.,0.));
#11658=DIRECTION('center_axis',(0.,0.,-1.));
#11659=DIRECTION('ref_axis',(1.,0.,0.));
#11660=DIRECTION('center_axis',(0.,0.,1.));
#11661=DIRECTION('ref_axis',(1.,0.,0.));
#11662=DIRECTION('center_axis',(0.,0.,1.));
#11663=DIRECTION('ref_axis',(1.,0.,0.));
#11664=DIRECTION('',(0.,0.,-1.));
#11665=DIRECTION('center_axis',(0.,0.,-1.));
#11666=DIRECTION('ref_axis',(-1.,0.,0.));
#11667=DIRECTION('center_axis',(0.,0.,1.));
#11668=DIRECTION('ref_axis',(1.,0.,0.));
#11669=DIRECTION('center_axis',(0.,-1.,0.));
#11670=DIRECTION('ref_axis',(1.,0.,0.));
#11671=DIRECTION('center_axis',(0.,0.,1.));
#11672=DIRECTION('ref_axis',(1.,0.,0.));
#11673=DIRECTION('center_axis',(0.,0.,1.));
#11674=DIRECTION('ref_axis',(1.,0.,0.));
#11675=DIRECTION('center_axis',(0.,0.,-1.));
#11676=DIRECTION('ref_axis',(1.,0.,0.));
#11677=DIRECTION('',(0.,0.,-1.));
#11678=DIRECTION('center_axis',(0.,0.,-1.));
#11679=DIRECTION('ref_axis',(1.,0.,0.));
#11680=DIRECTION('center_axis',(0.,0.,1.));
#11681=DIRECTION('ref_axis',(1.,0.,0.));
#11682=DIRECTION('center_axis',(0.,0.,-1.));
#11683=DIRECTION('ref_axis',(1.,0.,0.));
#11684=DIRECTION('center_axis',(0.,-1.,0.));
#11685=DIRECTION('ref_axis',(-1.,0.,0.));
#11686=DIRECTION('center_axis',(0.,0.,1.));
#11687=DIRECTION('ref_axis',(1.,0.,0.));
#11688=DIRECTION('center_axis',(0.,0.,1.));
#11689=DIRECTION('ref_axis',(1.,0.,0.));
#11690=DIRECTION('center_axis',(0.,0.,-1.));
#11691=DIRECTION('ref_axis',(-1.,0.,0.));
#11692=DIRECTION('center_axis',(0.,-1.,0.));
#11693=DIRECTION('ref_axis',(1.,0.,0.));
#11694=DIRECTION('center_axis',(0.,0.,1.));
#11695=DIRECTION('ref_axis',(1.,0.,0.));
#11696=DIRECTION('center_axis',(0.,0.,-1.));
#11697=DIRECTION('ref_axis',(1.,0.,0.));
#11698=DIRECTION('center_axis',(0.,-1.,0.));
#11699=DIRECTION('ref_axis',(-1.,0.,0.));
#11700=DIRECTION('center_axis',(0.,0.,1.));
#11701=DIRECTION('ref_axis',(1.,0.,0.));
#11702=DIRECTION('center_axis',(0.,0.,1.));
#11703=DIRECTION('ref_axis',(1.,0.,0.));
#11704=DIRECTION('center_axis',(0.,0.,-1.));
#11705=DIRECTION('ref_axis',(1.,0.,0.));
#11706=DIRECTION('center_axis',(0.,0.,1.));
#11707=DIRECTION('ref_axis',(1.,0.,0.));
#11708=DIRECTION('center_axis',(0.,0.,1.));
#11709=DIRECTION('ref_axis',(1.,0.,0.));
#11710=DIRECTION('',(0.,0.,-1.));
#11711=DIRECTION('center_axis',(0.,0.,-1.));
#11712=DIRECTION('ref_axis',(-1.,0.,0.));
#11713=DIRECTION('center_axis',(0.,0.,1.));
#11714=DIRECTION('ref_axis',(1.,0.,0.));
#11715=DIRECTION('center_axis',(0.,-1.,0.));
#11716=DIRECTION('ref_axis',(1.,0.,0.));
#11717=DIRECTION('center_axis',(0.,0.,1.));
#11718=DIRECTION('ref_axis',(1.,0.,0.));
#11719=DIRECTION('center_axis',(0.,0.,1.));
#11720=DIRECTION('ref_axis',(1.,0.,0.));
#11721=DIRECTION('center_axis',(0.,0.,-1.));
#11722=DIRECTION('ref_axis',(1.,0.,0.));
#11723=DIRECTION('',(0.,0.,-1.));
#11724=DIRECTION('center_axis',(0.,0.,-1.));
#11725=DIRECTION('ref_axis',(1.,0.,0.));
#11726=DIRECTION('center_axis',(0.,0.,1.));
#11727=DIRECTION('ref_axis',(1.,0.,0.));
#11728=DIRECTION('center_axis',(0.,0.,-1.));
#11729=DIRECTION('ref_axis',(1.,0.,0.));
#11730=DIRECTION('center_axis',(0.,-1.,0.));
#11731=DIRECTION('ref_axis',(-1.,0.,0.));
#11732=DIRECTION('center_axis',(0.,0.,1.));
#11733=DIRECTION('ref_axis',(1.,0.,0.));
#11734=DIRECTION('center_axis',(0.,0.,1.));
#11735=DIRECTION('ref_axis',(1.,0.,0.));
#11736=DIRECTION('center_axis',(0.,0.,-1.));
#11737=DIRECTION('ref_axis',(-1.,0.,0.));
#11738=DIRECTION('center_axis',(0.,-1.,0.));
#11739=DIRECTION('ref_axis',(1.,0.,0.));
#11740=CARTESIAN_POINT('',(0.,0.,0.));
#11741=CARTESIAN_POINT('Origin',(-5.01989248910285,5.04658098960124,0.2));
#11742=CARTESIAN_POINT('',(-8.21989248910285,5.04658098960124,0.2));
#11743=CARTESIAN_POINT('Origin',(-5.01989248910285,5.04658098960124,0.2));
#11744=CARTESIAN_POINT('',(-8.01989248910285,5.04658098960124,0.));
#11745=CARTESIAN_POINT('Origin',(-8.01989248910285,5.04658098960124,0.2));
#11746=CARTESIAN_POINT('Origin',(-5.01989248910285,5.04658098960124,0.));
#11747=CARTESIAN_POINT('Origin',(-5.01989248910285,5.04658098960124,0.));
#11748=CARTESIAN_POINT('',(-3.21989248910285,5.04658098960124,0.));
#11749=CARTESIAN_POINT('Origin',(-5.01989248910285,5.04658098960124,0.));
#11750=CARTESIAN_POINT('Origin',(-5.01989248910285,5.04658098960124,0.));
#11751=CARTESIAN_POINT('',(-8.21989248910285,5.04658098960124,4.8));
#11752=CARTESIAN_POINT('Origin',(-5.01989248910285,5.04658098960124,4.8));
#11753=CARTESIAN_POINT('',(-8.21989248910285,5.04658098960124,0.));
#11754=CARTESIAN_POINT('Origin',(-5.01989248910285,5.04658098960124,0.2));
#11755=CARTESIAN_POINT('',(-6.61989248910285,5.04658098960124,0.2));
#11756=CARTESIAN_POINT('',(-3.41989248910285,5.04658098960124,0.2));
#11757=CARTESIAN_POINT('Origin',(-5.01989248910285,5.04658098960124,0.2));
#11758=CARTESIAN_POINT('Origin',(-3.21989248910285,5.04658098960124,0.2));
#11759=CARTESIAN_POINT('Origin',(-5.01989248910285,5.04658098960124,0.2));
#11760=CARTESIAN_POINT('Origin',(-5.01989248910285,5.04658098960124,0.));
#11761=CARTESIAN_POINT('',(-6.61989248910285,5.04658098960124,4.8));
#11762=CARTESIAN_POINT('',(-3.41989248910285,5.04658098960124,4.8));
#11763=CARTESIAN_POINT('Origin',(-5.01989248910285,5.04658098960124,4.8));
#11764=CARTESIAN_POINT('',(-6.61989248910285,5.04658098960124,0.));
#11765=CARTESIAN_POINT('Origin',(-5.01989248910285,5.04658098960124,4.8));
#11766=CARTESIAN_POINT('Origin',(-5.01989248910285,5.04658098960124,4.8));
#11767=CARTESIAN_POINT('',(-8.01989248910285,5.04658098960124,5.));
#11768=CARTESIAN_POINT('Origin',(-5.01989248910285,5.04658098960124,5.));
#11769=CARTESIAN_POINT('Origin',(-8.01989248910285,5.04658098960124,4.8));
#11770=CARTESIAN_POINT('Origin',(-5.01989248910285,5.04658098960124,5.));
#11771=CARTESIAN_POINT('',(-3.21989248910285,5.04658098960124,5.));
#11772=CARTESIAN_POINT('Origin',(-5.01989248910285,5.04658098960124,5.));
#11773=CARTESIAN_POINT('Origin',(-5.01989248910285,5.04658098960124,4.8));
#11774=CARTESIAN_POINT('Origin',(-3.21989248910285,5.04658098960124,4.8));
#11775=CARTESIAN_POINT('Origin',(-15.0198924891028,5.04658098960124,0.2));
#11776=CARTESIAN_POINT('',(-18.2198924891029,5.04658098960124,0.2));
#11777=CARTESIAN_POINT('Origin',(-15.0198924891028,5.04658098960124,0.2));
#11778=CARTESIAN_POINT('',(-18.0198924891028,5.04658098960124,0.));
#11779=CARTESIAN_POINT('Origin',(-18.0198924891028,5.04658098960124,0.2));
#11780=CARTESIAN_POINT('Origin',(-15.0198924891028,5.04658098960124,0.));
#11781=CARTESIAN_POINT('Origin',(-15.0198924891028,5.04658098960124,0.));
#11782=CARTESIAN_POINT('',(-13.2198924891028,5.04658098960124,0.));
#11783=CARTESIAN_POINT('Origin',(-15.0198924891028,5.04658098960124,0.));
#11784=CARTESIAN_POINT('Origin',(-15.0198924891028,5.04658098960124,0.));
#11785=CARTESIAN_POINT('',(-18.2198924891029,5.04658098960124,4.8));
#11786=CARTESIAN_POINT('Origin',(-15.0198924891028,5.04658098960124,4.8));
#11787=CARTESIAN_POINT('',(-18.2198924891029,5.04658098960124,0.));
#11788=CARTESIAN_POINT('Origin',(-15.0198924891028,5.04658098960124,0.2));
#11789=CARTESIAN_POINT('',(-16.6198924891028,5.04658098960124,0.2));
#11790=CARTESIAN_POINT('',(-13.4198924891028,5.04658098960124,0.2));
#11791=CARTESIAN_POINT('Origin',(-15.0198924891028,5.04658098960124,0.2));
#11792=CARTESIAN_POINT('Origin',(-13.2198924891028,5.04658098960124,0.2));
#11793=CARTESIAN_POINT('Origin',(-15.0198924891028,5.04658098960124,0.2));
#11794=CARTESIAN_POINT('Origin',(-15.0198924891028,5.04658098960124,0.));
#11795=CARTESIAN_POINT('',(-16.6198924891028,5.04658098960124,4.8));
#11796=CARTESIAN_POINT('',(-13.4198924891028,5.04658098960124,4.8));
#11797=CARTESIAN_POINT('Origin',(-15.0198924891028,5.04658098960124,4.8));
#11798=CARTESIAN_POINT('',(-16.6198924891028,5.04658098960124,0.));
#11799=CARTESIAN_POINT('Origin',(-15.0198924891028,5.04658098960124,4.8));
#11800=CARTESIAN_POINT('Origin',(-15.0198924891028,5.04658098960124,4.8));
#11801=CARTESIAN_POINT('',(-18.0198924891028,5.04658098960124,5.));
#11802=CARTESIAN_POINT('Origin',(-15.0198924891028,5.04658098960124,5.));
#11803=CARTESIAN_POINT('Origin',(-18.0198924891028,5.04658098960124,4.8));
#11804=CARTESIAN_POINT('Origin',(-15.0198924891028,5.04658098960124,5.));
#11805=CARTESIAN_POINT('',(-13.2198924891028,5.04658098960124,5.));
#11806=CARTESIAN_POINT('Origin',(-15.0198924891028,5.04658098960124,5.));
#11807=CARTESIAN_POINT('Origin',(-15.0198924891028,5.04658098960124,4.8));
#11808=CARTESIAN_POINT('Origin',(-13.2198924891028,5.04658098960124,4.8));
#11809=CARTESIAN_POINT('Origin',(-25.0198924891028,5.04658098960124,0.2));
#11810=CARTESIAN_POINT('',(-28.2198924891028,5.04658098960124,0.2));
#11811=CARTESIAN_POINT('Origin',(-25.0198924891028,5.04658098960124,0.2));
#11812=CARTESIAN_POINT('',(-28.0198924891028,5.04658098960124,0.));
#11813=CARTESIAN_POINT('Origin',(-28.0198924891028,5.04658098960124,0.2));
#11814=CARTESIAN_POINT('Origin',(-25.0198924891028,5.04658098960124,0.));
#11815=CARTESIAN_POINT('Origin',(-25.0198924891028,5.04658098960124,0.));
#11816=CARTESIAN_POINT('',(-23.2198924891028,5.04658098960124,0.));
#11817=CARTESIAN_POINT('Origin',(-25.0198924891028,5.04658098960124,0.));
#11818=CARTESIAN_POINT('Origin',(-25.0198924891028,5.04658098960124,0.));
#11819=CARTESIAN_POINT('',(-28.2198924891028,5.04658098960124,4.8));
#11820=CARTESIAN_POINT('Origin',(-25.0198924891028,5.04658098960124,4.8));
#11821=CARTESIAN_POINT('',(-28.2198924891028,5.04658098960124,0.));
#11822=CARTESIAN_POINT('Origin',(-25.0198924891028,5.04658098960124,0.2));
#11823=CARTESIAN_POINT('',(-26.6198924891028,5.04658098960124,0.2));
#11824=CARTESIAN_POINT('',(-23.4198924891028,5.04658098960124,0.2));
#11825=CARTESIAN_POINT('Origin',(-25.0198924891028,5.04658098960124,0.2));
#11826=CARTESIAN_POINT('Origin',(-23.2198924891028,5.04658098960124,0.2));
#11827=CARTESIAN_POINT('Origin',(-25.0198924891028,5.04658098960124,0.2));
#11828=CARTESIAN_POINT('Origin',(-25.0198924891028,5.04658098960124,0.));
#11829=CARTESIAN_POINT('',(-26.6198924891028,5.04658098960124,4.8));
#11830=CARTESIAN_POINT('',(-23.4198924891028,5.04658098960124,4.8));
#11831=CARTESIAN_POINT('Origin',(-25.0198924891028,5.04658098960124,4.8));
#11832=CARTESIAN_POINT('',(-26.6198924891028,5.04658098960124,0.));
#11833=CARTESIAN_POINT('Origin',(-25.0198924891028,5.04658098960124,4.8));
#11834=CARTESIAN_POINT('Origin',(-25.0198924891028,5.04658098960124,4.8));
#11835=CARTESIAN_POINT('',(-28.0198924891028,5.04658098960124,5.));
#11836=CARTESIAN_POINT('Origin',(-25.0198924891028,5.04658098960124,5.));
#11837=CARTESIAN_POINT('Origin',(-28.0198924891028,5.04658098960124,4.8));
#11838=CARTESIAN_POINT('Origin',(-25.0198924891028,5.04658098960124,5.));
#11839=CARTESIAN_POINT('',(-23.2198924891028,5.04658098960124,5.));
#11840=CARTESIAN_POINT('Origin',(-25.0198924891028,5.04658098960124,5.));
#11841=CARTESIAN_POINT('Origin',(-25.0198924891028,5.04658098960124,4.8));
#11842=CARTESIAN_POINT('Origin',(-23.2198924891028,5.04658098960124,4.8));
#11843=CARTESIAN_POINT('Origin',(-35.0198924891028,5.04658098960124,0.2));
#11844=CARTESIAN_POINT('',(-38.2198924891028,5.04658098960124,0.2));
#11845=CARTESIAN_POINT('Origin',(-35.0198924891028,5.04658098960124,0.2));
#11846=CARTESIAN_POINT('',(-38.0198924891028,5.04658098960124,0.));
#11847=CARTESIAN_POINT('Origin',(-38.0198924891028,5.04658098960124,0.2));
#11848=CARTESIAN_POINT('Origin',(-35.0198924891028,5.04658098960124,0.));
#11849=CARTESIAN_POINT('Origin',(-35.0198924891028,5.04658098960124,0.));
#11850=CARTESIAN_POINT('',(-33.2198924891028,5.04658098960124,0.));
#11851=CARTESIAN_POINT('Origin',(-35.0198924891028,5.04658098960124,0.));
#11852=CARTESIAN_POINT('Origin',(-35.0198924891028,5.04658098960124,0.));
#11853=CARTESIAN_POINT('',(-38.2198924891028,5.04658098960124,4.8));
#11854=CARTESIAN_POINT('Origin',(-35.0198924891028,5.04658098960124,4.8));
#11855=CARTESIAN_POINT('',(-38.2198924891028,5.04658098960124,0.));
#11856=CARTESIAN_POINT('Origin',(-35.0198924891028,5.04658098960124,0.2));
#11857=CARTESIAN_POINT('',(-36.6198924891028,5.04658098960124,0.2));
#11858=CARTESIAN_POINT('',(-33.4198924891028,5.04658098960124,0.2));
#11859=CARTESIAN_POINT('Origin',(-35.0198924891028,5.04658098960124,0.2));
#11860=CARTESIAN_POINT('Origin',(-33.2198924891028,5.04658098960124,0.2));
#11861=CARTESIAN_POINT('Origin',(-35.0198924891028,5.04658098960124,0.2));
#11862=CARTESIAN_POINT('Origin',(-35.0198924891028,5.04658098960124,0.));
#11863=CARTESIAN_POINT('',(-36.6198924891028,5.04658098960124,4.8));
#11864=CARTESIAN_POINT('',(-33.4198924891028,5.04658098960124,4.8));
#11865=CARTESIAN_POINT('Origin',(-35.0198924891028,5.04658098960124,4.8));
#11866=CARTESIAN_POINT('',(-36.6198924891028,5.04658098960124,0.));
#11867=CARTESIAN_POINT('Origin',(-35.0198924891028,5.04658098960124,4.8));
#11868=CARTESIAN_POINT('Origin',(-35.0198924891028,5.04658098960124,4.8));
#11869=CARTESIAN_POINT('',(-38.0198924891028,5.04658098960124,5.));
#11870=CARTESIAN_POINT('Origin',(-35.0198924891028,5.04658098960124,5.));
#11871=CARTESIAN_POINT('Origin',(-38.0198924891028,5.04658098960124,4.8));
#11872=CARTESIAN_POINT('Origin',(-35.0198924891028,5.04658098960124,5.));
#11873=CARTESIAN_POINT('',(-33.2198924891028,5.04658098960124,5.));
#11874=CARTESIAN_POINT('Origin',(-35.0198924891028,5.04658098960124,5.));
#11875=CARTESIAN_POINT('Origin',(-35.0198924891028,5.04658098960124,4.8));
#11876=CARTESIAN_POINT('Origin',(-33.2198924891028,5.04658098960124,4.8));
#11877=CARTESIAN_POINT('Origin',(-45.0198924891028,5.04658098960124,0.2));
#11878=CARTESIAN_POINT('',(-48.2198924891028,5.04658098960124,0.2));
#11879=CARTESIAN_POINT('Origin',(-45.0198924891028,5.04658098960124,0.2));
#11880=CARTESIAN_POINT('',(-48.0198924891029,5.04658098960124,0.));
#11881=CARTESIAN_POINT('Origin',(-48.0198924891028,5.04658098960124,0.2));
#11882=CARTESIAN_POINT('Origin',(-45.0198924891028,5.04658098960124,0.));
#11883=CARTESIAN_POINT('Origin',(-45.0198924891028,5.04658098960124,0.));
#11884=CARTESIAN_POINT('',(-43.2198924891028,5.04658098960124,0.));
#11885=CARTESIAN_POINT('Origin',(-45.0198924891028,5.04658098960124,0.));
#11886=CARTESIAN_POINT('Origin',(-45.0198924891028,5.04658098960124,0.));
#11887=CARTESIAN_POINT('',(-48.2198924891028,5.04658098960124,4.8));
#11888=CARTESIAN_POINT('Origin',(-45.0198924891028,5.04658098960124,4.8));
#11889=CARTESIAN_POINT('',(-48.2198924891028,5.04658098960124,0.));
#11890=CARTESIAN_POINT('Origin',(-45.0198924891028,5.04658098960124,0.2));
#11891=CARTESIAN_POINT('',(-46.6198924891028,5.04658098960124,0.2));
#11892=CARTESIAN_POINT('',(-43.4198924891028,5.04658098960124,0.2));
#11893=CARTESIAN_POINT('Origin',(-45.0198924891028,5.04658098960124,0.2));
#11894=CARTESIAN_POINT('Origin',(-43.2198924891028,5.04658098960124,0.2));
#11895=CARTESIAN_POINT('Origin',(-45.0198924891028,5.04658098960124,0.2));
#11896=CARTESIAN_POINT('Origin',(-45.0198924891028,5.04658098960124,0.));
#11897=CARTESIAN_POINT('',(-46.6198924891028,5.04658098960124,4.8));
#11898=CARTESIAN_POINT('',(-43.4198924891028,5.04658098960124,4.8));
#11899=CARTESIAN_POINT('Origin',(-45.0198924891028,5.04658098960124,4.8));
#11900=CARTESIAN_POINT('',(-46.6198924891028,5.04658098960124,0.));
#11901=CARTESIAN_POINT('Origin',(-45.0198924891028,5.04658098960124,4.8));
#11902=CARTESIAN_POINT('Origin',(-45.0198924891028,5.04658098960124,4.8));
#11903=CARTESIAN_POINT('',(-48.0198924891029,5.04658098960124,5.));
#11904=CARTESIAN_POINT('Origin',(-45.0198924891028,5.04658098960124,5.));
#11905=CARTESIAN_POINT('Origin',(-48.0198924891028,5.04658098960124,4.8));
#11906=CARTESIAN_POINT('Origin',(-45.0198924891028,5.04658098960124,5.));
#11907=CARTESIAN_POINT('',(-43.2198924891028,5.04658098960124,5.));
#11908=CARTESIAN_POINT('Origin',(-45.0198924891028,5.04658098960124,5.));
#11909=CARTESIAN_POINT('Origin',(-45.0198924891028,5.04658098960124,4.8));
#11910=CARTESIAN_POINT('Origin',(-43.2198924891028,5.04658098960124,4.8));
#11911=CARTESIAN_POINT('Origin',(-55.0198924891028,5.04658098960124,0.2));
#11912=CARTESIAN_POINT('',(-58.2198924891028,5.04658098960124,0.2));
#11913=CARTESIAN_POINT('Origin',(-55.0198924891028,5.04658098960124,0.2));
#11914=CARTESIAN_POINT('',(-58.0198924891029,5.04658098960124,0.));
#11915=CARTESIAN_POINT('Origin',(-58.0198924891028,5.04658098960124,0.2));
#11916=CARTESIAN_POINT('Origin',(-55.0198924891028,5.04658098960124,0.));
#11917=CARTESIAN_POINT('Origin',(-55.0198924891028,5.04658098960124,0.));
#11918=CARTESIAN_POINT('',(-53.2198924891028,5.04658098960124,0.));
#11919=CARTESIAN_POINT('Origin',(-55.0198924891028,5.04658098960124,0.));
#11920=CARTESIAN_POINT('Origin',(-55.0198924891028,5.04658098960124,0.));
#11921=CARTESIAN_POINT('',(-58.2198924891028,5.04658098960124,4.8));
#11922=CARTESIAN_POINT('Origin',(-55.0198924891028,5.04658098960124,4.8));
#11923=CARTESIAN_POINT('',(-58.2198924891028,5.04658098960124,0.));
#11924=CARTESIAN_POINT('Origin',(-55.0198924891028,5.04658098960124,0.2));
#11925=CARTESIAN_POINT('',(-56.6198924891028,5.04658098960124,0.2));
#11926=CARTESIAN_POINT('',(-53.4198924891028,5.04658098960124,0.2));
#11927=CARTESIAN_POINT('Origin',(-55.0198924891028,5.04658098960124,0.2));
#11928=CARTESIAN_POINT('Origin',(-53.2198924891028,5.04658098960124,0.2));
#11929=CARTESIAN_POINT('Origin',(-55.0198924891028,5.04658098960124,0.2));
#11930=CARTESIAN_POINT('Origin',(-55.0198924891028,5.04658098960124,0.));
#11931=CARTESIAN_POINT('',(-56.6198924891028,5.04658098960124,4.8));
#11932=CARTESIAN_POINT('',(-53.4198924891028,5.04658098960124,4.8));
#11933=CARTESIAN_POINT('Origin',(-55.0198924891028,5.04658098960124,4.8));
#11934=CARTESIAN_POINT('',(-56.6198924891028,5.04658098960124,0.));
#11935=CARTESIAN_POINT('Origin',(-55.0198924891028,5.04658098960124,4.8));
#11936=CARTESIAN_POINT('Origin',(-55.0198924891028,5.04658098960124,4.8));
#11937=CARTESIAN_POINT('',(-58.0198924891029,5.04658098960124,5.));
#11938=CARTESIAN_POINT('Origin',(-55.0198924891028,5.04658098960124,5.));
#11939=CARTESIAN_POINT('Origin',(-58.0198924891028,5.04658098960124,4.8));
#11940=CARTESIAN_POINT('Origin',(-55.0198924891028,5.04658098960124,5.));
#11941=CARTESIAN_POINT('',(-53.2198924891028,5.04658098960124,5.));
#11942=CARTESIAN_POINT('Origin',(-55.0198924891028,5.04658098960124,5.));
#11943=CARTESIAN_POINT('Origin',(-55.0198924891028,5.04658098960124,4.8));
#11944=CARTESIAN_POINT('Origin',(-53.2198924891028,5.04658098960124,4.8));
#11945=CARTESIAN_POINT('Origin',(-65.0198924891028,5.04658098960124,0.2));
#11946=CARTESIAN_POINT('',(-68.2198924891028,5.04658098960124,0.2));
#11947=CARTESIAN_POINT('Origin',(-65.0198924891028,5.04658098960124,0.2));
#11948=CARTESIAN_POINT('',(-68.0198924891029,5.04658098960124,0.));
#11949=CARTESIAN_POINT('Origin',(-68.0198924891028,5.04658098960124,0.2));
#11950=CARTESIAN_POINT('Origin',(-65.0198924891028,5.04658098960124,0.));
#11951=CARTESIAN_POINT('Origin',(-65.0198924891028,5.04658098960124,0.));
#11952=CARTESIAN_POINT('',(-63.2198924891028,5.04658098960124,0.));
#11953=CARTESIAN_POINT('Origin',(-65.0198924891028,5.04658098960124,0.));
#11954=CARTESIAN_POINT('Origin',(-65.0198924891028,5.04658098960124,0.));
#11955=CARTESIAN_POINT('',(-68.2198924891028,5.04658098960124,4.8));
#11956=CARTESIAN_POINT('Origin',(-65.0198924891028,5.04658098960124,4.8));
#11957=CARTESIAN_POINT('',(-68.2198924891028,5.04658098960124,0.));
#11958=CARTESIAN_POINT('Origin',(-65.0198924891028,5.04658098960124,0.2));
#11959=CARTESIAN_POINT('',(-66.6198924891029,5.04658098960124,0.2));
#11960=CARTESIAN_POINT('',(-63.4198924891028,5.04658098960124,0.2));
#11961=CARTESIAN_POINT('Origin',(-65.0198924891028,5.04658098960124,0.2));
#11962=CARTESIAN_POINT('Origin',(-63.2198924891028,5.04658098960124,0.2));
#11963=CARTESIAN_POINT('Origin',(-65.0198924891028,5.04658098960124,0.2));
#11964=CARTESIAN_POINT('Origin',(-65.0198924891028,5.04658098960124,0.));
#11965=CARTESIAN_POINT('',(-66.6198924891029,5.04658098960124,4.8));
#11966=CARTESIAN_POINT('',(-63.4198924891028,5.04658098960124,4.8));
#11967=CARTESIAN_POINT('Origin',(-65.0198924891028,5.04658098960124,4.8));
#11968=CARTESIAN_POINT('',(-66.6198924891029,5.04658098960124,0.));
#11969=CARTESIAN_POINT('Origin',(-65.0198924891028,5.04658098960124,4.8));
#11970=CARTESIAN_POINT('Origin',(-65.0198924891028,5.04658098960124,4.8));
#11971=CARTESIAN_POINT('',(-68.0198924891029,5.04658098960124,5.));
#11972=CARTESIAN_POINT('Origin',(-65.0198924891028,5.04658098960124,5.));
#11973=CARTESIAN_POINT('Origin',(-68.0198924891028,5.04658098960124,4.8));
#11974=CARTESIAN_POINT('Origin',(-65.0198924891028,5.04658098960124,5.));
#11975=CARTESIAN_POINT('',(-63.2198924891028,5.04658098960124,5.));
#11976=CARTESIAN_POINT('Origin',(-65.0198924891028,5.04658098960124,5.));
#11977=CARTESIAN_POINT('Origin',(-65.0198924891028,5.04658098960124,4.8));
#11978=CARTESIAN_POINT('Origin',(-63.2198924891028,5.04658098960124,4.8));
#11979=CARTESIAN_POINT('Origin',(-75.0198924891028,5.04658098960124,0.2));
#11980=CARTESIAN_POINT('',(-78.2198924891028,5.04658098960124,0.2));
#11981=CARTESIAN_POINT('Origin',(-75.0198924891028,5.04658098960124,0.2));
#11982=CARTESIAN_POINT('',(-78.0198924891029,5.04658098960124,0.));
#11983=CARTESIAN_POINT('Origin',(-78.0198924891028,5.04658098960124,0.2));
#11984=CARTESIAN_POINT('Origin',(-75.0198924891028,5.04658098960124,0.));
#11985=CARTESIAN_POINT('Origin',(-75.0198924891028,5.04658098960124,0.));
#11986=CARTESIAN_POINT('',(-73.2198924891028,5.04658098960124,0.));
#11987=CARTESIAN_POINT('Origin',(-75.0198924891028,5.04658098960124,0.));
#11988=CARTESIAN_POINT('Origin',(-75.0198924891028,5.04658098960124,0.));
#11989=CARTESIAN_POINT('',(-78.2198924891028,5.04658098960124,4.8));
#11990=CARTESIAN_POINT('Origin',(-75.0198924891028,5.04658098960124,4.8));
#11991=CARTESIAN_POINT('',(-78.2198924891028,5.04658098960124,0.));
#11992=CARTESIAN_POINT('Origin',(-75.0198924891028,5.04658098960124,0.2));
#11993=CARTESIAN_POINT('',(-76.6198924891029,5.04658098960124,0.2));
#11994=CARTESIAN_POINT('',(-73.4198924891028,5.04658098960124,0.2));
#11995=CARTESIAN_POINT('Origin',(-75.0198924891028,5.04658098960124,0.2));
#11996=CARTESIAN_POINT('Origin',(-73.2198924891028,5.04658098960124,0.2));
#11997=CARTESIAN_POINT('Origin',(-75.0198924891028,5.04658098960124,0.2));
#11998=CARTESIAN_POINT('Origin',(-75.0198924891028,5.04658098960124,0.));
#11999=CARTESIAN_POINT('',(-76.6198924891029,5.04658098960124,4.8));
#12000=CARTESIAN_POINT('',(-73.4198924891028,5.04658098960124,4.8));
#12001=CARTESIAN_POINT('Origin',(-75.0198924891028,5.04658098960124,4.8));
#12002=CARTESIAN_POINT('',(-76.6198924891029,5.04658098960124,0.));
#12003=CARTESIAN_POINT('Origin',(-75.0198924891028,5.04658098960124,4.8));
#12004=CARTESIAN_POINT('Origin',(-75.0198924891028,5.04658098960124,4.8));
#12005=CARTESIAN_POINT('',(-78.0198924891029,5.04658098960124,5.));
#12006=CARTESIAN_POINT('Origin',(-75.0198924891028,5.04658098960124,5.));
#12007=CARTESIAN_POINT('Origin',(-78.0198924891028,5.04658098960124,4.8));
#12008=CARTESIAN_POINT('Origin',(-75.0198924891028,5.04658098960124,5.));
#12009=CARTESIAN_POINT('',(-73.2198924891028,5.04658098960124,5.));
#12010=CARTESIAN_POINT('Origin',(-75.0198924891028,5.04658098960124,5.));
#12011=CARTESIAN_POINT('Origin',(-75.0198924891028,5.04658098960124,4.8));
#12012=CARTESIAN_POINT('Origin',(-73.2198924891028,5.04658098960124,4.8));
#12013=CARTESIAN_POINT('Origin',(-5.01989248910285,15.0465809896012,0.2));
#12014=CARTESIAN_POINT('',(-8.21989248910285,15.0465809896012,0.2));
#12015=CARTESIAN_POINT('Origin',(-5.01989248910285,15.0465809896012,0.2));
#12016=CARTESIAN_POINT('',(-8.01989248910285,15.0465809896012,0.));
#12017=CARTESIAN_POINT('Origin',(-8.01989248910285,15.0465809896012,0.2));
#12018=CARTESIAN_POINT('Origin',(-5.01989248910285,15.0465809896012,0.));
#12019=CARTESIAN_POINT('Origin',(-5.01989248910285,15.0465809896012,0.));
#12020=CARTESIAN_POINT('',(-3.21989248910285,15.0465809896012,0.));
#12021=CARTESIAN_POINT('Origin',(-5.01989248910285,15.0465809896012,0.));
#12022=CARTESIAN_POINT('Origin',(-5.01989248910285,15.0465809896012,0.));
#12023=CARTESIAN_POINT('',(-8.21989248910285,15.0465809896012,4.8));
#12024=CARTESIAN_POINT('Origin',(-5.01989248910285,15.0465809896012,4.8));
#12025=CARTESIAN_POINT('',(-8.21989248910285,15.0465809896012,0.));
#12026=CARTESIAN_POINT('Origin',(-5.01989248910285,15.0465809896012,0.2));
#12027=CARTESIAN_POINT('',(-6.61989248910285,15.0465809896012,0.2));
#12028=CARTESIAN_POINT('',(-3.41989248910285,15.0465809896012,0.2));
#12029=CARTESIAN_POINT('Origin',(-5.01989248910285,15.0465809896012,0.2));
#12030=CARTESIAN_POINT('Origin',(-3.21989248910285,15.0465809896012,0.2));
#12031=CARTESIAN_POINT('Origin',(-5.01989248910285,15.0465809896012,0.2));
#12032=CARTESIAN_POINT('Origin',(-5.01989248910285,15.0465809896012,0.));
#12033=CARTESIAN_POINT('',(-6.61989248910285,15.0465809896012,4.8));
#12034=CARTESIAN_POINT('',(-3.41989248910285,15.0465809896012,4.8));
#12035=CARTESIAN_POINT('Origin',(-5.01989248910285,15.0465809896012,4.8));
#12036=CARTESIAN_POINT('',(-6.61989248910285,15.0465809896012,0.));
#12037=CARTESIAN_POINT('Origin',(-5.01989248910285,15.0465809896012,4.8));
#12038=CARTESIAN_POINT('Origin',(-5.01989248910285,15.0465809896012,4.8));
#12039=CARTESIAN_POINT('',(-8.01989248910285,15.0465809896012,5.));
#12040=CARTESIAN_POINT('Origin',(-5.01989248910285,15.0465809896012,5.));
#12041=CARTESIAN_POINT('Origin',(-8.01989248910285,15.0465809896012,4.8));
#12042=CARTESIAN_POINT('Origin',(-5.01989248910285,15.0465809896012,5.));
#12043=CARTESIAN_POINT('',(-3.21989248910285,15.0465809896012,5.));
#12044=CARTESIAN_POINT('Origin',(-5.01989248910285,15.0465809896012,5.));
#12045=CARTESIAN_POINT('Origin',(-5.01989248910285,15.0465809896012,4.8));
#12046=CARTESIAN_POINT('Origin',(-3.21989248910285,15.0465809896012,4.8));
#12047=CARTESIAN_POINT('Origin',(-15.0198924891028,15.0465809896012,0.2));
#12048=CARTESIAN_POINT('',(-18.2198924891029,15.0465809896012,0.2));
#12049=CARTESIAN_POINT('Origin',(-15.0198924891028,15.0465809896012,0.2));
#12050=CARTESIAN_POINT('',(-18.0198924891028,15.0465809896012,0.));
#12051=CARTESIAN_POINT('Origin',(-18.0198924891028,15.0465809896012,0.2));
#12052=CARTESIAN_POINT('Origin',(-15.0198924891028,15.0465809896012,0.));
#12053=CARTESIAN_POINT('Origin',(-15.0198924891028,15.0465809896012,0.));
#12054=CARTESIAN_POINT('',(-13.2198924891028,15.0465809896012,0.));
#12055=CARTESIAN_POINT('Origin',(-15.0198924891028,15.0465809896012,0.));
#12056=CARTESIAN_POINT('Origin',(-15.0198924891028,15.0465809896012,0.));
#12057=CARTESIAN_POINT('',(-18.2198924891029,15.0465809896012,4.8));
#12058=CARTESIAN_POINT('Origin',(-15.0198924891028,15.0465809896012,4.8));
#12059=CARTESIAN_POINT('',(-18.2198924891029,15.0465809896012,0.));
#12060=CARTESIAN_POINT('Origin',(-15.0198924891028,15.0465809896012,0.2));
#12061=CARTESIAN_POINT('',(-16.6198924891028,15.0465809896012,0.2));
#12062=CARTESIAN_POINT('',(-13.4198924891028,15.0465809896012,0.2));
#12063=CARTESIAN_POINT('Origin',(-15.0198924891028,15.0465809896012,0.2));
#12064=CARTESIAN_POINT('Origin',(-13.2198924891028,15.0465809896012,0.2));
#12065=CARTESIAN_POINT('Origin',(-15.0198924891028,15.0465809896012,0.2));
#12066=CARTESIAN_POINT('Origin',(-15.0198924891028,15.0465809896012,0.));
#12067=CARTESIAN_POINT('',(-16.6198924891028,15.0465809896012,4.8));
#12068=CARTESIAN_POINT('',(-13.4198924891028,15.0465809896012,4.8));
#12069=CARTESIAN_POINT('Origin',(-15.0198924891028,15.0465809896012,4.8));
#12070=CARTESIAN_POINT('',(-16.6198924891028,15.0465809896012,0.));
#12071=CARTESIAN_POINT('Origin',(-15.0198924891028,15.0465809896012,4.8));
#12072=CARTESIAN_POINT('Origin',(-15.0198924891028,15.0465809896012,4.8));
#12073=CARTESIAN_POINT('',(-18.0198924891028,15.0465809896012,5.));
#12074=CARTESIAN_POINT('Origin',(-15.0198924891028,15.0465809896012,5.));
#12075=CARTESIAN_POINT('Origin',(-18.0198924891028,15.0465809896012,4.8));
#12076=CARTESIAN_POINT('Origin',(-15.0198924891028,15.0465809896012,5.));
#12077=CARTESIAN_POINT('',(-13.2198924891028,15.0465809896012,5.));
#12078=CARTESIAN_POINT('Origin',(-15.0198924891028,15.0465809896012,5.));
#12079=CARTESIAN_POINT('Origin',(-15.0198924891028,15.0465809896012,4.8));
#12080=CARTESIAN_POINT('Origin',(-13.2198924891028,15.0465809896012,4.8));
#12081=CARTESIAN_POINT('Origin',(-25.0198924891028,15.0465809896012,0.2));
#12082=CARTESIAN_POINT('',(-28.2198924891028,15.0465809896012,0.2));
#12083=CARTESIAN_POINT('Origin',(-25.0198924891028,15.0465809896012,0.2));
#12084=CARTESIAN_POINT('',(-28.0198924891028,15.0465809896012,0.));
#12085=CARTESIAN_POINT('Origin',(-28.0198924891028,15.0465809896012,0.2));
#12086=CARTESIAN_POINT('Origin',(-25.0198924891028,15.0465809896012,0.));
#12087=CARTESIAN_POINT('Origin',(-25.0198924891028,15.0465809896012,0.));
#12088=CARTESIAN_POINT('',(-23.2198924891028,15.0465809896012,0.));
#12089=CARTESIAN_POINT('Origin',(-25.0198924891028,15.0465809896012,0.));
#12090=CARTESIAN_POINT('Origin',(-25.0198924891028,15.0465809896012,0.));
#12091=CARTESIAN_POINT('',(-28.2198924891028,15.0465809896012,4.8));
#12092=CARTESIAN_POINT('Origin',(-25.0198924891028,15.0465809896012,4.8));
#12093=CARTESIAN_POINT('',(-28.2198924891028,15.0465809896012,0.));
#12094=CARTESIAN_POINT('Origin',(-25.0198924891028,15.0465809896012,0.2));
#12095=CARTESIAN_POINT('',(-26.6198924891028,15.0465809896012,0.2));
#12096=CARTESIAN_POINT('',(-23.4198924891028,15.0465809896012,0.2));
#12097=CARTESIAN_POINT('Origin',(-25.0198924891028,15.0465809896012,0.2));
#12098=CARTESIAN_POINT('Origin',(-23.2198924891028,15.0465809896012,0.2));
#12099=CARTESIAN_POINT('Origin',(-25.0198924891028,15.0465809896012,0.2));
#12100=CARTESIAN_POINT('Origin',(-25.0198924891028,15.0465809896012,0.));
#12101=CARTESIAN_POINT('',(-26.6198924891028,15.0465809896012,4.8));
#12102=CARTESIAN_POINT('',(-23.4198924891028,15.0465809896012,4.8));
#12103=CARTESIAN_POINT('Origin',(-25.0198924891028,15.0465809896012,4.8));
#12104=CARTESIAN_POINT('',(-26.6198924891028,15.0465809896012,0.));
#12105=CARTESIAN_POINT('Origin',(-25.0198924891028,15.0465809896012,4.8));
#12106=CARTESIAN_POINT('Origin',(-25.0198924891028,15.0465809896012,4.8));
#12107=CARTESIAN_POINT('',(-28.0198924891028,15.0465809896012,5.));
#12108=CARTESIAN_POINT('Origin',(-25.0198924891028,15.0465809896012,5.));
#12109=CARTESIAN_POINT('Origin',(-28.0198924891028,15.0465809896012,4.8));
#12110=CARTESIAN_POINT('Origin',(-25.0198924891028,15.0465809896012,5.));
#12111=CARTESIAN_POINT('',(-23.2198924891028,15.0465809896012,5.));
#12112=CARTESIAN_POINT('Origin',(-25.0198924891028,15.0465809896012,5.));
#12113=CARTESIAN_POINT('Origin',(-25.0198924891028,15.0465809896012,4.8));
#12114=CARTESIAN_POINT('Origin',(-23.2198924891028,15.0465809896012,4.8));
#12115=CARTESIAN_POINT('Origin',(-35.0198924891028,15.0465809896012,0.2));
#12116=CARTESIAN_POINT('',(-38.2198924891028,15.0465809896012,0.2));
#12117=CARTESIAN_POINT('Origin',(-35.0198924891028,15.0465809896012,0.2));
#12118=CARTESIAN_POINT('',(-38.0198924891028,15.0465809896012,0.));
#12119=CARTESIAN_POINT('Origin',(-38.0198924891028,15.0465809896012,0.2));
#12120=CARTESIAN_POINT('Origin',(-35.0198924891028,15.0465809896012,0.));
#12121=CARTESIAN_POINT('Origin',(-35.0198924891028,15.0465809896012,0.));
#12122=CARTESIAN_POINT('',(-33.2198924891028,15.0465809896012,0.));
#12123=CARTESIAN_POINT('Origin',(-35.0198924891028,15.0465809896012,0.));
#12124=CARTESIAN_POINT('Origin',(-35.0198924891028,15.0465809896012,0.));
#12125=CARTESIAN_POINT('',(-38.2198924891028,15.0465809896012,4.8));
#12126=CARTESIAN_POINT('Origin',(-35.0198924891028,15.0465809896012,4.8));
#12127=CARTESIAN_POINT('',(-38.2198924891028,15.0465809896012,0.));
#12128=CARTESIAN_POINT('Origin',(-35.0198924891028,15.0465809896012,0.2));
#12129=CARTESIAN_POINT('',(-36.6198924891028,15.0465809896012,0.2));
#12130=CARTESIAN_POINT('',(-33.4198924891028,15.0465809896012,0.2));
#12131=CARTESIAN_POINT('Origin',(-35.0198924891028,15.0465809896012,0.2));
#12132=CARTESIAN_POINT('Origin',(-33.2198924891028,15.0465809896012,0.2));
#12133=CARTESIAN_POINT('Origin',(-35.0198924891028,15.0465809896012,0.2));
#12134=CARTESIAN_POINT('Origin',(-35.0198924891028,15.0465809896012,0.));
#12135=CARTESIAN_POINT('',(-36.6198924891028,15.0465809896012,4.8));
#12136=CARTESIAN_POINT('',(-33.4198924891028,15.0465809896012,4.8));
#12137=CARTESIAN_POINT('Origin',(-35.0198924891028,15.0465809896012,4.8));
#12138=CARTESIAN_POINT('',(-36.6198924891028,15.0465809896012,0.));
#12139=CARTESIAN_POINT('Origin',(-35.0198924891028,15.0465809896012,4.8));
#12140=CARTESIAN_POINT('Origin',(-35.0198924891028,15.0465809896012,4.8));
#12141=CARTESIAN_POINT('',(-38.0198924891028,15.0465809896012,5.));
#12142=CARTESIAN_POINT('Origin',(-35.0198924891028,15.0465809896012,5.));
#12143=CARTESIAN_POINT('Origin',(-38.0198924891028,15.0465809896012,4.8));
#12144=CARTESIAN_POINT('Origin',(-35.0198924891028,15.0465809896012,5.));
#12145=CARTESIAN_POINT('',(-33.2198924891028,15.0465809896012,5.));
#12146=CARTESIAN_POINT('Origin',(-35.0198924891028,15.0465809896012,5.));
#12147=CARTESIAN_POINT('Origin',(-35.0198924891028,15.0465809896012,4.8));
#12148=CARTESIAN_POINT('Origin',(-33.2198924891028,15.0465809896012,4.8));
#12149=CARTESIAN_POINT('Origin',(-45.0198924891028,15.0465809896012,0.2));
#12150=CARTESIAN_POINT('',(-48.2198924891028,15.0465809896012,0.2));
#12151=CARTESIAN_POINT('Origin',(-45.0198924891028,15.0465809896012,0.2));
#12152=CARTESIAN_POINT('',(-48.0198924891029,15.0465809896012,0.));
#12153=CARTESIAN_POINT('Origin',(-48.0198924891028,15.0465809896012,0.2));
#12154=CARTESIAN_POINT('Origin',(-45.0198924891028,15.0465809896012,0.));
#12155=CARTESIAN_POINT('Origin',(-45.0198924891028,15.0465809896012,0.));
#12156=CARTESIAN_POINT('',(-43.2198924891028,15.0465809896012,0.));
#12157=CARTESIAN_POINT('Origin',(-45.0198924891028,15.0465809896012,0.));
#12158=CARTESIAN_POINT('Origin',(-45.0198924891028,15.0465809896012,0.));
#12159=CARTESIAN_POINT('',(-48.2198924891028,15.0465809896012,4.8));
#12160=CARTESIAN_POINT('Origin',(-45.0198924891028,15.0465809896012,4.8));
#12161=CARTESIAN_POINT('',(-48.2198924891028,15.0465809896012,0.));
#12162=CARTESIAN_POINT('Origin',(-45.0198924891028,15.0465809896012,0.2));
#12163=CARTESIAN_POINT('',(-46.6198924891028,15.0465809896012,0.2));
#12164=CARTESIAN_POINT('',(-43.4198924891028,15.0465809896012,0.2));
#12165=CARTESIAN_POINT('Origin',(-45.0198924891028,15.0465809896012,0.2));
#12166=CARTESIAN_POINT('Origin',(-43.2198924891028,15.0465809896012,0.2));
#12167=CARTESIAN_POINT('Origin',(-45.0198924891028,15.0465809896012,0.2));
#12168=CARTESIAN_POINT('Origin',(-45.0198924891028,15.0465809896012,0.));
#12169=CARTESIAN_POINT('',(-46.6198924891028,15.0465809896012,4.8));
#12170=CARTESIAN_POINT('',(-43.4198924891028,15.0465809896012,4.8));
#12171=CARTESIAN_POINT('Origin',(-45.0198924891028,15.0465809896012,4.8));
#12172=CARTESIAN_POINT('',(-46.6198924891028,15.0465809896012,0.));
#12173=CARTESIAN_POINT('Origin',(-45.0198924891028,15.0465809896012,4.8));
#12174=CARTESIAN_POINT('Origin',(-45.0198924891028,15.0465809896012,4.8));
#12175=CARTESIAN_POINT('',(-48.0198924891029,15.0465809896012,5.));
#12176=CARTESIAN_POINT('Origin',(-45.0198924891028,15.0465809896012,5.));
#12177=CARTESIAN_POINT('Origin',(-48.0198924891028,15.0465809896012,4.8));
#12178=CARTESIAN_POINT('Origin',(-45.0198924891028,15.0465809896012,5.));
#12179=CARTESIAN_POINT('',(-43.2198924891028,15.0465809896012,5.));
#12180=CARTESIAN_POINT('Origin',(-45.0198924891028,15.0465809896012,5.));
#12181=CARTESIAN_POINT('Origin',(-45.0198924891028,15.0465809896012,4.8));
#12182=CARTESIAN_POINT('Origin',(-43.2198924891028,15.0465809896012,4.8));
#12183=CARTESIAN_POINT('Origin',(-55.0198924891028,15.0465809896012,0.2));
#12184=CARTESIAN_POINT('',(-58.2198924891028,15.0465809896012,0.2));
#12185=CARTESIAN_POINT('Origin',(-55.0198924891028,15.0465809896012,0.2));
#12186=CARTESIAN_POINT('',(-58.0198924891029,15.0465809896012,0.));
#12187=CARTESIAN_POINT('Origin',(-58.0198924891028,15.0465809896012,0.2));
#12188=CARTESIAN_POINT('Origin',(-55.0198924891028,15.0465809896012,0.));
#12189=CARTESIAN_POINT('Origin',(-55.0198924891028,15.0465809896012,0.));
#12190=CARTESIAN_POINT('',(-53.2198924891028,15.0465809896012,0.));
#12191=CARTESIAN_POINT('Origin',(-55.0198924891028,15.0465809896012,0.));
#12192=CARTESIAN_POINT('Origin',(-55.0198924891028,15.0465809896012,0.));
#12193=CARTESIAN_POINT('',(-58.2198924891028,15.0465809896012,4.8));
#12194=CARTESIAN_POINT('Origin',(-55.0198924891028,15.0465809896012,4.8));
#12195=CARTESIAN_POINT('',(-58.2198924891028,15.0465809896012,0.));
#12196=CARTESIAN_POINT('Origin',(-55.0198924891028,15.0465809896012,0.2));
#12197=CARTESIAN_POINT('',(-56.6198924891028,15.0465809896012,0.2));
#12198=CARTESIAN_POINT('',(-53.4198924891028,15.0465809896012,0.2));
#12199=CARTESIAN_POINT('Origin',(-55.0198924891028,15.0465809896012,0.2));
#12200=CARTESIAN_POINT('Origin',(-53.2198924891028,15.0465809896012,0.2));
#12201=CARTESIAN_POINT('Origin',(-55.0198924891028,15.0465809896012,0.2));
#12202=CARTESIAN_POINT('Origin',(-55.0198924891028,15.0465809896012,0.));
#12203=CARTESIAN_POINT('',(-56.6198924891028,15.0465809896012,4.8));
#12204=CARTESIAN_POINT('',(-53.4198924891028,15.0465809896012,4.8));
#12205=CARTESIAN_POINT('Origin',(-55.0198924891028,15.0465809896012,4.8));
#12206=CARTESIAN_POINT('',(-56.6198924891028,15.0465809896012,0.));
#12207=CARTESIAN_POINT('Origin',(-55.0198924891028,15.0465809896012,4.8));
#12208=CARTESIAN_POINT('Origin',(-55.0198924891028,15.0465809896012,4.8));
#12209=CARTESIAN_POINT('',(-58.0198924891029,15.0465809896012,5.));
#12210=CARTESIAN_POINT('Origin',(-55.0198924891028,15.0465809896012,5.));
#12211=CARTESIAN_POINT('Origin',(-58.0198924891028,15.0465809896012,4.8));
#12212=CARTESIAN_POINT('Origin',(-55.0198924891028,15.0465809896012,5.));
#12213=CARTESIAN_POINT('',(-53.2198924891028,15.0465809896012,5.));
#12214=CARTESIAN_POINT('Origin',(-55.0198924891028,15.0465809896012,5.));
#12215=CARTESIAN_POINT('Origin',(-55.0198924891028,15.0465809896012,4.8));
#12216=CARTESIAN_POINT('Origin',(-53.2198924891028,15.0465809896012,4.8));
#12217=CARTESIAN_POINT('Origin',(-65.0198924891028,15.0465809896012,0.2));
#12218=CARTESIAN_POINT('',(-68.2198924891028,15.0465809896012,0.2));
#12219=CARTESIAN_POINT('Origin',(-65.0198924891028,15.0465809896012,0.2));
#12220=CARTESIAN_POINT('',(-68.0198924891029,15.0465809896012,0.));
#12221=CARTESIAN_POINT('Origin',(-68.0198924891028,15.0465809896012,0.2));
#12222=CARTESIAN_POINT('Origin',(-65.0198924891028,15.0465809896012,0.));
#12223=CARTESIAN_POINT('Origin',(-65.0198924891028,15.0465809896012,0.));
#12224=CARTESIAN_POINT('',(-63.2198924891028,15.0465809896012,0.));
#12225=CARTESIAN_POINT('Origin',(-65.0198924891028,15.0465809896012,0.));
#12226=CARTESIAN_POINT('Origin',(-65.0198924891028,15.0465809896012,0.));
#12227=CARTESIAN_POINT('',(-68.2198924891028,15.0465809896012,4.8));
#12228=CARTESIAN_POINT('Origin',(-65.0198924891028,15.0465809896012,4.8));
#12229=CARTESIAN_POINT('',(-68.2198924891028,15.0465809896012,0.));
#12230=CARTESIAN_POINT('Origin',(-65.0198924891028,15.0465809896012,0.2));
#12231=CARTESIAN_POINT('',(-66.6198924891029,15.0465809896012,0.2));
#12232=CARTESIAN_POINT('',(-63.4198924891028,15.0465809896012,0.2));
#12233=CARTESIAN_POINT('Origin',(-65.0198924891028,15.0465809896012,0.2));
#12234=CARTESIAN_POINT('Origin',(-63.2198924891028,15.0465809896012,0.2));
#12235=CARTESIAN_POINT('Origin',(-65.0198924891028,15.0465809896012,0.2));
#12236=CARTESIAN_POINT('Origin',(-65.0198924891028,15.0465809896012,0.));
#12237=CARTESIAN_POINT('',(-66.6198924891029,15.0465809896012,4.8));
#12238=CARTESIAN_POINT('',(-63.4198924891028,15.0465809896012,4.8));
#12239=CARTESIAN_POINT('Origin',(-65.0198924891028,15.0465809896012,4.8));
#12240=CARTESIAN_POINT('',(-66.6198924891029,15.0465809896012,0.));
#12241=CARTESIAN_POINT('Origin',(-65.0198924891028,15.0465809896012,4.8));
#12242=CARTESIAN_POINT('Origin',(-65.0198924891028,15.0465809896012,4.8));
#12243=CARTESIAN_POINT('',(-68.0198924891029,15.0465809896012,5.));
#12244=CARTESIAN_POINT('Origin',(-65.0198924891028,15.0465809896012,5.));
#12245=CARTESIAN_POINT('Origin',(-68.0198924891028,15.0465809896012,4.8));
#12246=CARTESIAN_POINT('Origin',(-65.0198924891028,15.0465809896012,5.));
#12247=CARTESIAN_POINT('',(-63.2198924891028,15.0465809896012,5.));
#12248=CARTESIAN_POINT('Origin',(-65.0198924891028,15.0465809896012,5.));
#12249=CARTESIAN_POINT('Origin',(-65.0198924891028,15.0465809896012,4.8));
#12250=CARTESIAN_POINT('Origin',(-63.2198924891028,15.0465809896012,4.8));
#12251=CARTESIAN_POINT('Origin',(-75.0198924891028,15.0465809896012,0.2));
#12252=CARTESIAN_POINT('',(-78.2198924891028,15.0465809896012,0.2));
#12253=CARTESIAN_POINT('Origin',(-75.0198924891028,15.0465809896012,0.2));
#12254=CARTESIAN_POINT('',(-78.0198924891029,15.0465809896012,0.));
#12255=CARTESIAN_POINT('Origin',(-78.0198924891028,15.0465809896012,0.2));
#12256=CARTESIAN_POINT('Origin',(-75.0198924891028,15.0465809896012,0.));
#12257=CARTESIAN_POINT('Origin',(-75.0198924891028,15.0465809896012,0.));
#12258=CARTESIAN_POINT('',(-73.2198924891028,15.0465809896012,0.));
#12259=CARTESIAN_POINT('Origin',(-75.0198924891028,15.0465809896012,0.));
#12260=CARTESIAN_POINT('Origin',(-75.0198924891028,15.0465809896012,0.));
#12261=CARTESIAN_POINT('',(-78.2198924891028,15.0465809896012,4.8));
#12262=CARTESIAN_POINT('Origin',(-75.0198924891028,15.0465809896012,4.8));
#12263=CARTESIAN_POINT('',(-78.2198924891028,15.0465809896012,0.));
#12264=CARTESIAN_POINT('Origin',(-75.0198924891028,15.0465809896012,0.2));
#12265=CARTESIAN_POINT('',(-76.6198924891029,15.0465809896012,0.2));
#12266=CARTESIAN_POINT('',(-73.4198924891028,15.0465809896012,0.2));
#12267=CARTESIAN_POINT('Origin',(-75.0198924891028,15.0465809896012,0.2));
#12268=CARTESIAN_POINT('Origin',(-73.2198924891028,15.0465809896012,0.2));
#12269=CARTESIAN_POINT('Origin',(-75.0198924891028,15.0465809896012,0.2));
#12270=CARTESIAN_POINT('Origin',(-75.0198924891028,15.0465809896012,0.));
#12271=CARTESIAN_POINT('',(-76.6198924891029,15.0465809896012,4.8));
#12272=CARTESIAN_POINT('',(-73.4198924891028,15.0465809896012,4.8));
#12273=CARTESIAN_POINT('Origin',(-75.0198924891028,15.0465809896012,4.8));
#12274=CARTESIAN_POINT('',(-76.6198924891029,15.0465809896012,0.));
#12275=CARTESIAN_POINT('Origin',(-75.0198924891028,15.0465809896012,4.8));
#12276=CARTESIAN_POINT('Origin',(-75.0198924891028,15.0465809896012,4.8));
#12277=CARTESIAN_POINT('',(-78.0198924891029,15.0465809896012,5.));
#12278=CARTESIAN_POINT('Origin',(-75.0198924891028,15.0465809896012,5.));
#12279=CARTESIAN_POINT('Origin',(-78.0198924891028,15.0465809896012,4.8));
#12280=CARTESIAN_POINT('Origin',(-75.0198924891028,15.0465809896012,5.));
#12281=CARTESIAN_POINT('',(-73.2198924891028,15.0465809896012,5.));
#12282=CARTESIAN_POINT('Origin',(-75.0198924891028,15.0465809896012,5.));
#12283=CARTESIAN_POINT('Origin',(-75.0198924891028,15.0465809896012,4.8));
#12284=CARTESIAN_POINT('Origin',(-73.2198924891028,15.0465809896012,4.8));
#12285=CARTESIAN_POINT('Origin',(-5.01989248910285,25.0465809896012,0.2));
#12286=CARTESIAN_POINT('',(-8.21989248910285,25.0465809896012,0.2));
#12287=CARTESIAN_POINT('Origin',(-5.01989248910285,25.0465809896012,0.2));
#12288=CARTESIAN_POINT('',(-8.01989248910285,25.0465809896012,0.));
#12289=CARTESIAN_POINT('Origin',(-8.01989248910285,25.0465809896012,0.2));
#12290=CARTESIAN_POINT('Origin',(-5.01989248910285,25.0465809896012,0.));
#12291=CARTESIAN_POINT('Origin',(-5.01989248910285,25.0465809896012,0.));
#12292=CARTESIAN_POINT('',(-3.21989248910285,25.0465809896012,0.));
#12293=CARTESIAN_POINT('Origin',(-5.01989248910285,25.0465809896012,0.));
#12294=CARTESIAN_POINT('Origin',(-5.01989248910285,25.0465809896012,0.));
#12295=CARTESIAN_POINT('',(-8.21989248910285,25.0465809896012,4.8));
#12296=CARTESIAN_POINT('Origin',(-5.01989248910285,25.0465809896012,4.8));
#12297=CARTESIAN_POINT('',(-8.21989248910285,25.0465809896012,0.));
#12298=CARTESIAN_POINT('Origin',(-5.01989248910285,25.0465809896012,0.2));
#12299=CARTESIAN_POINT('',(-6.61989248910285,25.0465809896012,0.2));
#12300=CARTESIAN_POINT('',(-3.41989248910285,25.0465809896012,0.2));
#12301=CARTESIAN_POINT('Origin',(-5.01989248910285,25.0465809896012,0.2));
#12302=CARTESIAN_POINT('Origin',(-3.21989248910285,25.0465809896012,0.2));
#12303=CARTESIAN_POINT('Origin',(-5.01989248910285,25.0465809896012,0.2));
#12304=CARTESIAN_POINT('Origin',(-5.01989248910285,25.0465809896012,0.));
#12305=CARTESIAN_POINT('',(-6.61989248910285,25.0465809896012,4.8));
#12306=CARTESIAN_POINT('',(-3.41989248910285,25.0465809896012,4.8));
#12307=CARTESIAN_POINT('Origin',(-5.01989248910285,25.0465809896012,4.8));
#12308=CARTESIAN_POINT('',(-6.61989248910285,25.0465809896012,0.));
#12309=CARTESIAN_POINT('Origin',(-5.01989248910285,25.0465809896012,4.8));
#12310=CARTESIAN_POINT('Origin',(-5.01989248910285,25.0465809896012,4.8));
#12311=CARTESIAN_POINT('',(-8.01989248910285,25.0465809896012,5.));
#12312=CARTESIAN_POINT('Origin',(-5.01989248910285,25.0465809896012,5.));
#12313=CARTESIAN_POINT('Origin',(-8.01989248910285,25.0465809896012,4.8));
#12314=CARTESIAN_POINT('Origin',(-5.01989248910285,25.0465809896012,5.));
#12315=CARTESIAN_POINT('',(-3.21989248910285,25.0465809896012,5.));
#12316=CARTESIAN_POINT('Origin',(-5.01989248910285,25.0465809896012,5.));
#12317=CARTESIAN_POINT('Origin',(-5.01989248910285,25.0465809896012,4.8));
#12318=CARTESIAN_POINT('Origin',(-3.21989248910285,25.0465809896012,4.8));
#12319=CARTESIAN_POINT('Origin',(-15.0198924891028,25.0465809896012,0.2));
#12320=CARTESIAN_POINT('',(-18.2198924891029,25.0465809896012,0.2));
#12321=CARTESIAN_POINT('Origin',(-15.0198924891028,25.0465809896012,0.2));
#12322=CARTESIAN_POINT('',(-18.0198924891028,25.0465809896012,0.));
#12323=CARTESIAN_POINT('Origin',(-18.0198924891028,25.0465809896012,0.2));
#12324=CARTESIAN_POINT('Origin',(-15.0198924891028,25.0465809896012,0.));
#12325=CARTESIAN_POINT('Origin',(-15.0198924891028,25.0465809896012,0.));
#12326=CARTESIAN_POINT('',(-13.2198924891028,25.0465809896012,0.));
#12327=CARTESIAN_POINT('Origin',(-15.0198924891028,25.0465809896012,0.));
#12328=CARTESIAN_POINT('Origin',(-15.0198924891028,25.0465809896012,0.));
#12329=CARTESIAN_POINT('',(-18.2198924891029,25.0465809896012,4.8));
#12330=CARTESIAN_POINT('Origin',(-15.0198924891028,25.0465809896012,4.8));
#12331=CARTESIAN_POINT('',(-18.2198924891029,25.0465809896012,0.));
#12332=CARTESIAN_POINT('Origin',(-15.0198924891028,25.0465809896012,0.2));
#12333=CARTESIAN_POINT('',(-16.6198924891028,25.0465809896012,0.2));
#12334=CARTESIAN_POINT('',(-13.4198924891028,25.0465809896012,0.2));
#12335=CARTESIAN_POINT('Origin',(-15.0198924891028,25.0465809896012,0.2));
#12336=CARTESIAN_POINT('Origin',(-13.2198924891028,25.0465809896012,0.2));
#12337=CARTESIAN_POINT('Origin',(-15.0198924891028,25.0465809896012,0.2));
#12338=CARTESIAN_POINT('Origin',(-15.0198924891028,25.0465809896012,0.));
#12339=CARTESIAN_POINT('',(-16.6198924891028,25.0465809896012,4.8));
#12340=CARTESIAN_POINT('',(-13.4198924891028,25.0465809896012,4.8));
#12341=CARTESIAN_POINT('Origin',(-15.0198924891028,25.0465809896012,4.8));
#12342=CARTESIAN_POINT('',(-16.6198924891028,25.0465809896012,0.));
#12343=CARTESIAN_POINT('Origin',(-15.0198924891028,25.0465809896012,4.8));
#12344=CARTESIAN_POINT('Origin',(-15.0198924891028,25.0465809896012,4.8));
#12345=CARTESIAN_POINT('',(-18.0198924891028,25.0465809896012,5.));
#12346=CARTESIAN_POINT('Origin',(-15.0198924891028,25.0465809896012,5.));
#12347=CARTESIAN_POINT('Origin',(-18.0198924891028,25.0465809896012,4.8));
#12348=CARTESIAN_POINT('Origin',(-15.0198924891028,25.0465809896012,5.));
#12349=CARTESIAN_POINT('',(-13.2198924891028,25.0465809896012,5.));
#12350=CARTESIAN_POINT('Origin',(-15.0198924891028,25.0465809896012,5.));
#12351=CARTESIAN_POINT('Origin',(-15.0198924891028,25.0465809896012,4.8));
#12352=CARTESIAN_POINT('Origin',(-13.2198924891028,25.0465809896012,4.8));
#12353=CARTESIAN_POINT('Origin',(-25.0198924891028,25.0465809896012,0.2));
#12354=CARTESIAN_POINT('',(-28.2198924891028,25.0465809896012,0.2));
#12355=CARTESIAN_POINT('Origin',(-25.0198924891028,25.0465809896012,0.2));
#12356=CARTESIAN_POINT('',(-28.0198924891028,25.0465809896012,0.));
#12357=CARTESIAN_POINT('Origin',(-28.0198924891028,25.0465809896012,0.2));
#12358=CARTESIAN_POINT('Origin',(-25.0198924891028,25.0465809896012,0.));
#12359=CARTESIAN_POINT('Origin',(-25.0198924891028,25.0465809896012,0.));
#12360=CARTESIAN_POINT('',(-23.2198924891028,25.0465809896012,0.));
#12361=CARTESIAN_POINT('Origin',(-25.0198924891028,25.0465809896012,0.));
#12362=CARTESIAN_POINT('Origin',(-25.0198924891028,25.0465809896012,0.));
#12363=CARTESIAN_POINT('',(-28.2198924891028,25.0465809896012,4.8));
#12364=CARTESIAN_POINT('Origin',(-25.0198924891028,25.0465809896012,4.8));
#12365=CARTESIAN_POINT('',(-28.2198924891028,25.0465809896012,0.));
#12366=CARTESIAN_POINT('Origin',(-25.0198924891028,25.0465809896012,0.2));
#12367=CARTESIAN_POINT('',(-26.6198924891028,25.0465809896012,0.2));
#12368=CARTESIAN_POINT('',(-23.4198924891028,25.0465809896012,0.2));
#12369=CARTESIAN_POINT('Origin',(-25.0198924891028,25.0465809896012,0.2));
#12370=CARTESIAN_POINT('Origin',(-23.2198924891028,25.0465809896012,0.2));
#12371=CARTESIAN_POINT('Origin',(-25.0198924891028,25.0465809896012,0.2));
#12372=CARTESIAN_POINT('Origin',(-25.0198924891028,25.0465809896012,0.));
#12373=CARTESIAN_POINT('',(-26.6198924891028,25.0465809896012,4.8));
#12374=CARTESIAN_POINT('',(-23.4198924891028,25.0465809896012,4.8));
#12375=CARTESIAN_POINT('Origin',(-25.0198924891028,25.0465809896012,4.8));
#12376=CARTESIAN_POINT('',(-26.6198924891028,25.0465809896012,0.));
#12377=CARTESIAN_POINT('Origin',(-25.0198924891028,25.0465809896012,4.8));
#12378=CARTESIAN_POINT('Origin',(-25.0198924891028,25.0465809896012,4.8));
#12379=CARTESIAN_POINT('',(-28.0198924891028,25.0465809896012,5.));
#12380=CARTESIAN_POINT('Origin',(-25.0198924891028,25.0465809896012,5.));
#12381=CARTESIAN_POINT('Origin',(-28.0198924891028,25.0465809896012,4.8));
#12382=CARTESIAN_POINT('Origin',(-25.0198924891028,25.0465809896012,5.));
#12383=CARTESIAN_POINT('',(-23.2198924891028,25.0465809896012,5.));
#12384=CARTESIAN_POINT('Origin',(-25.0198924891028,25.0465809896012,5.));
#12385=CARTESIAN_POINT('Origin',(-25.0198924891028,25.0465809896012,4.8));
#12386=CARTESIAN_POINT('Origin',(-23.2198924891028,25.0465809896012,4.8));
#12387=CARTESIAN_POINT('Origin',(-35.0198924891028,25.0465809896012,0.2));
#12388=CARTESIAN_POINT('',(-38.2198924891028,25.0465809896012,0.2));
#12389=CARTESIAN_POINT('Origin',(-35.0198924891028,25.0465809896012,0.2));
#12390=CARTESIAN_POINT('',(-38.0198924891028,25.0465809896012,0.));
#12391=CARTESIAN_POINT('Origin',(-38.0198924891028,25.0465809896012,0.2));
#12392=CARTESIAN_POINT('Origin',(-35.0198924891028,25.0465809896012,0.));
#12393=CARTESIAN_POINT('Origin',(-35.0198924891028,25.0465809896012,0.));
#12394=CARTESIAN_POINT('',(-33.2198924891028,25.0465809896012,0.));
#12395=CARTESIAN_POINT('Origin',(-35.0198924891028,25.0465809896012,0.));
#12396=CARTESIAN_POINT('Origin',(-35.0198924891028,25.0465809896012,0.));
#12397=CARTESIAN_POINT('',(-38.2198924891028,25.0465809896012,4.8));
#12398=CARTESIAN_POINT('Origin',(-35.0198924891028,25.0465809896012,4.8));
#12399=CARTESIAN_POINT('',(-38.2198924891028,25.0465809896012,0.));
#12400=CARTESIAN_POINT('Origin',(-35.0198924891028,25.0465809896012,0.2));
#12401=CARTESIAN_POINT('',(-36.6198924891028,25.0465809896012,0.2));
#12402=CARTESIAN_POINT('',(-33.4198924891028,25.0465809896012,0.2));
#12403=CARTESIAN_POINT('Origin',(-35.0198924891028,25.0465809896012,0.2));
#12404=CARTESIAN_POINT('Origin',(-33.2198924891028,25.0465809896012,0.2));
#12405=CARTESIAN_POINT('Origin',(-35.0198924891028,25.0465809896012,0.2));
#12406=CARTESIAN_POINT('Origin',(-35.0198924891028,25.0465809896012,0.));
#12407=CARTESIAN_POINT('',(-36.6198924891028,25.0465809896012,4.8));
#12408=CARTESIAN_POINT('',(-33.4198924891028,25.0465809896012,4.8));
#12409=CARTESIAN_POINT('Origin',(-35.0198924891028,25.0465809896012,4.8));
#12410=CARTESIAN_POINT('',(-36.6198924891028,25.0465809896012,0.));
#12411=CARTESIAN_POINT('Origin',(-35.0198924891028,25.0465809896012,4.8));
#12412=CARTESIAN_POINT('Origin',(-35.0198924891028,25.0465809896012,4.8));
#12413=CARTESIAN_POINT('',(-38.0198924891028,25.0465809896012,5.));
#12414=CARTESIAN_POINT('Origin',(-35.0198924891028,25.0465809896012,5.));
#12415=CARTESIAN_POINT('Origin',(-38.0198924891028,25.0465809896012,4.8));
#12416=CARTESIAN_POINT('Origin',(-35.0198924891028,25.0465809896012,5.));
#12417=CARTESIAN_POINT('',(-33.2198924891028,25.0465809896012,5.));
#12418=CARTESIAN_POINT('Origin',(-35.0198924891028,25.0465809896012,5.));
#12419=CARTESIAN_POINT('Origin',(-35.0198924891028,25.0465809896012,4.8));
#12420=CARTESIAN_POINT('Origin',(-33.2198924891028,25.0465809896012,4.8));
#12421=CARTESIAN_POINT('Origin',(-45.0198924891028,25.0465809896012,0.2));
#12422=CARTESIAN_POINT('',(-48.2198924891028,25.0465809896012,0.2));
#12423=CARTESIAN_POINT('Origin',(-45.0198924891028,25.0465809896012,0.2));
#12424=CARTESIAN_POINT('',(-48.0198924891029,25.0465809896012,0.));
#12425=CARTESIAN_POINT('Origin',(-48.0198924891028,25.0465809896012,0.2));
#12426=CARTESIAN_POINT('Origin',(-45.0198924891028,25.0465809896012,0.));
#12427=CARTESIAN_POINT('Origin',(-45.0198924891028,25.0465809896012,0.));
#12428=CARTESIAN_POINT('',(-43.2198924891028,25.0465809896012,0.));
#12429=CARTESIAN_POINT('Origin',(-45.0198924891028,25.0465809896012,0.));
#12430=CARTESIAN_POINT('Origin',(-45.0198924891028,25.0465809896012,0.));
#12431=CARTESIAN_POINT('',(-48.2198924891028,25.0465809896012,4.8));
#12432=CARTESIAN_POINT('Origin',(-45.0198924891028,25.0465809896012,4.8));
#12433=CARTESIAN_POINT('',(-48.2198924891028,25.0465809896012,0.));
#12434=CARTESIAN_POINT('Origin',(-45.0198924891028,25.0465809896012,0.2));
#12435=CARTESIAN_POINT('',(-46.6198924891028,25.0465809896012,0.2));
#12436=CARTESIAN_POINT('',(-43.4198924891028,25.0465809896012,0.2));
#12437=CARTESIAN_POINT('Origin',(-45.0198924891028,25.0465809896012,0.2));
#12438=CARTESIAN_POINT('Origin',(-43.2198924891028,25.0465809896012,0.2));
#12439=CARTESIAN_POINT('Origin',(-45.0198924891028,25.0465809896012,0.2));
#12440=CARTESIAN_POINT('Origin',(-45.0198924891028,25.0465809896012,0.));
#12441=CARTESIAN_POINT('',(-46.6198924891028,25.0465809896012,4.8));
#12442=CARTESIAN_POINT('',(-43.4198924891028,25.0465809896012,4.8));
#12443=CARTESIAN_POINT('Origin',(-45.0198924891028,25.0465809896012,4.8));
#12444=CARTESIAN_POINT('',(-46.6198924891028,25.0465809896012,0.));
#12445=CARTESIAN_POINT('Origin',(-45.0198924891028,25.0465809896012,4.8));
#12446=CARTESIAN_POINT('Origin',(-45.0198924891028,25.0465809896012,4.8));
#12447=CARTESIAN_POINT('',(-48.0198924891029,25.0465809896012,5.));
#12448=CARTESIAN_POINT('Origin',(-45.0198924891028,25.0465809896012,5.));
#12449=CARTESIAN_POINT('Origin',(-48.0198924891028,25.0465809896012,4.8));
#12450=CARTESIAN_POINT('Origin',(-45.0198924891028,25.0465809896012,5.));
#12451=CARTESIAN_POINT('',(-43.2198924891028,25.0465809896012,5.));
#12452=CARTESIAN_POINT('Origin',(-45.0198924891028,25.0465809896012,5.));
#12453=CARTESIAN_POINT('Origin',(-45.0198924891028,25.0465809896012,4.8));
#12454=CARTESIAN_POINT('Origin',(-43.2198924891028,25.0465809896012,4.8));
#12455=CARTESIAN_POINT('Origin',(-55.0198924891028,25.0465809896012,0.2));
#12456=CARTESIAN_POINT('',(-58.2198924891028,25.0465809896012,0.2));
#12457=CARTESIAN_POINT('Origin',(-55.0198924891028,25.0465809896012,0.2));
#12458=CARTESIAN_POINT('',(-58.0198924891029,25.0465809896012,0.));
#12459=CARTESIAN_POINT('Origin',(-58.0198924891028,25.0465809896012,0.2));
#12460=CARTESIAN_POINT('Origin',(-55.0198924891028,25.0465809896012,0.));
#12461=CARTESIAN_POINT('Origin',(-55.0198924891028,25.0465809896012,0.));
#12462=CARTESIAN_POINT('',(-53.2198924891028,25.0465809896012,0.));
#12463=CARTESIAN_POINT('Origin',(-55.0198924891028,25.0465809896012,0.));
#12464=CARTESIAN_POINT('Origin',(-55.0198924891028,25.0465809896012,0.));
#12465=CARTESIAN_POINT('',(-58.2198924891028,25.0465809896012,4.8));
#12466=CARTESIAN_POINT('Origin',(-55.0198924891028,25.0465809896012,4.8));
#12467=CARTESIAN_POINT('',(-58.2198924891028,25.0465809896012,0.));
#12468=CARTESIAN_POINT('Origin',(-55.0198924891028,25.0465809896012,0.2));
#12469=CARTESIAN_POINT('',(-56.6198924891028,25.0465809896012,0.2));
#12470=CARTESIAN_POINT('',(-53.4198924891028,25.0465809896012,0.2));
#12471=CARTESIAN_POINT('Origin',(-55.0198924891028,25.0465809896012,0.2));
#12472=CARTESIAN_POINT('Origin',(-53.2198924891028,25.0465809896012,0.2));
#12473=CARTESIAN_POINT('Origin',(-55.0198924891028,25.0465809896012,0.2));
#12474=CARTESIAN_POINT('Origin',(-55.0198924891028,25.0465809896012,0.));
#12475=CARTESIAN_POINT('',(-56.6198924891028,25.0465809896012,4.8));
#12476=CARTESIAN_POINT('',(-53.4198924891028,25.0465809896012,4.8));
#12477=CARTESIAN_POINT('Origin',(-55.0198924891028,25.0465809896012,4.8));
#12478=CARTESIAN_POINT('',(-56.6198924891028,25.0465809896012,0.));
#12479=CARTESIAN_POINT('Origin',(-55.0198924891028,25.0465809896012,4.8));
#12480=CARTESIAN_POINT('Origin',(-55.0198924891028,25.0465809896012,4.8));
#12481=CARTESIAN_POINT('',(-58.0198924891029,25.0465809896012,5.));
#12482=CARTESIAN_POINT('Origin',(-55.0198924891028,25.0465809896012,5.));
#12483=CARTESIAN_POINT('Origin',(-58.0198924891028,25.0465809896012,4.8));
#12484=CARTESIAN_POINT('Origin',(-55.0198924891028,25.0465809896012,5.));
#12485=CARTESIAN_POINT('',(-53.2198924891028,25.0465809896012,5.));
#12486=CARTESIAN_POINT('Origin',(-55.0198924891028,25.0465809896012,5.));
#12487=CARTESIAN_POINT('Origin',(-55.0198924891028,25.0465809896012,4.8));
#12488=CARTESIAN_POINT('Origin',(-53.2198924891028,25.0465809896012,4.8));
#12489=CARTESIAN_POINT('Origin',(-65.0198924891028,25.0465809896012,0.2));
#12490=CARTESIAN_POINT('',(-68.2198924891028,25.0465809896012,0.2));
#12491=CARTESIAN_POINT('Origin',(-65.0198924891028,25.0465809896012,0.2));
#12492=CARTESIAN_POINT('',(-68.0198924891029,25.0465809896012,0.));
#12493=CARTESIAN_POINT('Origin',(-68.0198924891028,25.0465809896012,0.2));
#12494=CARTESIAN_POINT('Origin',(-65.0198924891028,25.0465809896012,0.));
#12495=CARTESIAN_POINT('Origin',(-65.0198924891028,25.0465809896012,0.));
#12496=CARTESIAN_POINT('',(-63.2198924891028,25.0465809896012,0.));
#12497=CARTESIAN_POINT('Origin',(-65.0198924891028,25.0465809896012,0.));
#12498=CARTESIAN_POINT('Origin',(-65.0198924891028,25.0465809896012,0.));
#12499=CARTESIAN_POINT('',(-68.2198924891028,25.0465809896012,4.8));
#12500=CARTESIAN_POINT('Origin',(-65.0198924891028,25.0465809896012,4.8));
#12501=CARTESIAN_POINT('',(-68.2198924891028,25.0465809896012,0.));
#12502=CARTESIAN_POINT('Origin',(-65.0198924891028,25.0465809896012,0.2));
#12503=CARTESIAN_POINT('',(-66.6198924891029,25.0465809896012,0.2));
#12504=CARTESIAN_POINT('',(-63.4198924891028,25.0465809896012,0.2));
#12505=CARTESIAN_POINT('Origin',(-65.0198924891028,25.0465809896012,0.2));
#12506=CARTESIAN_POINT('Origin',(-63.2198924891028,25.0465809896012,0.2));
#12507=CARTESIAN_POINT('Origin',(-65.0198924891028,25.0465809896012,0.2));
#12508=CARTESIAN_POINT('Origin',(-65.0198924891028,25.0465809896012,0.));
#12509=CARTESIAN_POINT('',(-66.6198924891029,25.0465809896012,4.8));
#12510=CARTESIAN_POINT('',(-63.4198924891028,25.0465809896012,4.8));
#12511=CARTESIAN_POINT('Origin',(-65.0198924891028,25.0465809896012,4.8));
#12512=CARTESIAN_POINT('',(-66.6198924891029,25.0465809896012,0.));
#12513=CARTESIAN_POINT('Origin',(-65.0198924891028,25.0465809896012,4.8));
#12514=CARTESIAN_POINT('Origin',(-65.0198924891028,25.0465809896012,4.8));
#12515=CARTESIAN_POINT('',(-68.0198924891029,25.0465809896012,5.));
#12516=CARTESIAN_POINT('Origin',(-65.0198924891028,25.0465809896012,5.));
#12517=CARTESIAN_POINT('Origin',(-68.0198924891028,25.0465809896012,4.8));
#12518=CARTESIAN_POINT('Origin',(-65.0198924891028,25.0465809896012,5.));
#12519=CARTESIAN_POINT('',(-63.2198924891028,25.0465809896012,5.));
#12520=CARTESIAN_POINT('Origin',(-65.0198924891028,25.0465809896012,5.));
#12521=CARTESIAN_POINT('Origin',(-65.0198924891028,25.0465809896012,4.8));
#12522=CARTESIAN_POINT('Origin',(-63.2198924891028,25.0465809896012,4.8));
#12523=CARTESIAN_POINT('Origin',(-75.0198924891028,25.0465809896012,0.2));
#12524=CARTESIAN_POINT('',(-78.2198924891028,25.0465809896012,0.2));
#12525=CARTESIAN_POINT('Origin',(-75.0198924891028,25.0465809896012,0.2));
#12526=CARTESIAN_POINT('',(-78.0198924891029,25.0465809896012,0.));
#12527=CARTESIAN_POINT('Origin',(-78.0198924891028,25.0465809896012,0.2));
#12528=CARTESIAN_POINT('Origin',(-75.0198924891028,25.0465809896012,0.));
#12529=CARTESIAN_POINT('Origin',(-75.0198924891028,25.0465809896012,0.));
#12530=CARTESIAN_POINT('',(-73.2198924891028,25.0465809896012,0.));
#12531=CARTESIAN_POINT('Origin',(-75.0198924891028,25.0465809896012,0.));
#12532=CARTESIAN_POINT('Origin',(-75.0198924891028,25.0465809896012,0.));
#12533=CARTESIAN_POINT('',(-78.2198924891028,25.0465809896012,4.8));
#12534=CARTESIAN_POINT('Origin',(-75.0198924891028,25.0465809896012,4.8));
#12535=CARTESIAN_POINT('',(-78.2198924891028,25.0465809896012,0.));
#12536=CARTESIAN_POINT('Origin',(-75.0198924891028,25.0465809896012,0.2));
#12537=CARTESIAN_POINT('',(-76.6198924891029,25.0465809896012,0.2));
#12538=CARTESIAN_POINT('',(-73.4198924891028,25.0465809896012,0.2));
#12539=CARTESIAN_POINT('Origin',(-75.0198924891028,25.0465809896012,0.2));
#12540=CARTESIAN_POINT('Origin',(-73.2198924891028,25.0465809896012,0.2));
#12541=CARTESIAN_POINT('Origin',(-75.0198924891028,25.0465809896012,0.2));
#12542=CARTESIAN_POINT('Origin',(-75.0198924891028,25.0465809896012,0.));
#12543=CARTESIAN_POINT('',(-76.6198924891029,25.0465809896012,4.8));
#12544=CARTESIAN_POINT('',(-73.4198924891028,25.0465809896012,4.8));
#12545=CARTESIAN_POINT('Origin',(-75.0198924891028,25.0465809896012,4.8));
#12546=CARTESIAN_POINT('',(-76.6198924891029,25.0465809896012,0.));
#12547=CARTESIAN_POINT('Origin',(-75.0198924891028,25.0465809896012,4.8));
#12548=CARTESIAN_POINT('Origin',(-75.0198924891028,25.0465809896012,4.8));
#12549=CARTESIAN_POINT('',(-78.0198924891029,25.0465809896012,5.));
#12550=CARTESIAN_POINT('Origin',(-75.0198924891028,25.0465809896012,5.));
#12551=CARTESIAN_POINT('Origin',(-78.0198924891028,25.0465809896012,4.8));
#12552=CARTESIAN_POINT('Origin',(-75.0198924891028,25.0465809896012,5.));
#12553=CARTESIAN_POINT('',(-73.2198924891028,25.0465809896012,5.));
#12554=CARTESIAN_POINT('Origin',(-75.0198924891028,25.0465809896012,5.));
#12555=CARTESIAN_POINT('Origin',(-75.0198924891028,25.0465809896012,4.8));
#12556=CARTESIAN_POINT('Origin',(-73.2198924891028,25.0465809896012,4.8));
#12557=CARTESIAN_POINT('Origin',(-5.01989248910285,35.0465809896012,0.2));
#12558=CARTESIAN_POINT('',(-8.21989248910285,35.0465809896012,0.2));
#12559=CARTESIAN_POINT('Origin',(-5.01989248910285,35.0465809896012,0.2));
#12560=CARTESIAN_POINT('',(-8.01989248910285,35.0465809896012,0.));
#12561=CARTESIAN_POINT('Origin',(-8.01989248910285,35.0465809896012,0.2));
#12562=CARTESIAN_POINT('Origin',(-5.01989248910285,35.0465809896012,0.));
#12563=CARTESIAN_POINT('Origin',(-5.01989248910285,35.0465809896012,0.));
#12564=CARTESIAN_POINT('',(-3.21989248910285,35.0465809896012,0.));
#12565=CARTESIAN_POINT('Origin',(-5.01989248910285,35.0465809896012,0.));
#12566=CARTESIAN_POINT('Origin',(-5.01989248910285,35.0465809896012,0.));
#12567=CARTESIAN_POINT('',(-8.21989248910285,35.0465809896012,4.8));
#12568=CARTESIAN_POINT('Origin',(-5.01989248910285,35.0465809896012,4.8));
#12569=CARTESIAN_POINT('',(-8.21989248910285,35.0465809896012,0.));
#12570=CARTESIAN_POINT('Origin',(-5.01989248910285,35.0465809896012,0.2));
#12571=CARTESIAN_POINT('',(-6.61989248910285,35.0465809896012,0.2));
#12572=CARTESIAN_POINT('',(-3.41989248910285,35.0465809896012,0.2));
#12573=CARTESIAN_POINT('Origin',(-5.01989248910285,35.0465809896012,0.2));
#12574=CARTESIAN_POINT('Origin',(-3.21989248910285,35.0465809896012,0.2));
#12575=CARTESIAN_POINT('Origin',(-5.01989248910285,35.0465809896012,0.2));
#12576=CARTESIAN_POINT('Origin',(-5.01989248910285,35.0465809896012,0.));
#12577=CARTESIAN_POINT('',(-6.61989248910285,35.0465809896012,4.8));
#12578=CARTESIAN_POINT('',(-3.41989248910285,35.0465809896012,4.8));
#12579=CARTESIAN_POINT('Origin',(-5.01989248910285,35.0465809896012,4.8));
#12580=CARTESIAN_POINT('',(-6.61989248910285,35.0465809896012,0.));
#12581=CARTESIAN_POINT('Origin',(-5.01989248910285,35.0465809896012,4.8));
#12582=CARTESIAN_POINT('Origin',(-5.01989248910285,35.0465809896012,4.8));
#12583=CARTESIAN_POINT('',(-8.01989248910285,35.0465809896012,5.));
#12584=CARTESIAN_POINT('Origin',(-5.01989248910285,35.0465809896012,5.));
#12585=CARTESIAN_POINT('Origin',(-8.01989248910285,35.0465809896012,4.8));
#12586=CARTESIAN_POINT('Origin',(-5.01989248910285,35.0465809896012,5.));
#12587=CARTESIAN_POINT('',(-3.21989248910285,35.0465809896012,5.));
#12588=CARTESIAN_POINT('Origin',(-5.01989248910285,35.0465809896012,5.));
#12589=CARTESIAN_POINT('Origin',(-5.01989248910285,35.0465809896012,4.8));
#12590=CARTESIAN_POINT('Origin',(-3.21989248910285,35.0465809896012,4.8));
#12591=CARTESIAN_POINT('Origin',(-15.0198924891028,35.0465809896012,0.2));
#12592=CARTESIAN_POINT('',(-18.2198924891029,35.0465809896012,0.2));
#12593=CARTESIAN_POINT('Origin',(-15.0198924891028,35.0465809896012,0.2));
#12594=CARTESIAN_POINT('',(-18.0198924891028,35.0465809896012,0.));
#12595=CARTESIAN_POINT('Origin',(-18.0198924891028,35.0465809896012,0.2));
#12596=CARTESIAN_POINT('Origin',(-15.0198924891028,35.0465809896012,0.));
#12597=CARTESIAN_POINT('Origin',(-15.0198924891028,35.0465809896012,0.));
#12598=CARTESIAN_POINT('',(-13.2198924891028,35.0465809896012,0.));
#12599=CARTESIAN_POINT('Origin',(-15.0198924891028,35.0465809896012,0.));
#12600=CARTESIAN_POINT('Origin',(-15.0198924891028,35.0465809896012,0.));
#12601=CARTESIAN_POINT('',(-18.2198924891029,35.0465809896012,4.8));
#12602=CARTESIAN_POINT('Origin',(-15.0198924891028,35.0465809896012,4.8));
#12603=CARTESIAN_POINT('',(-18.2198924891029,35.0465809896012,0.));
#12604=CARTESIAN_POINT('Origin',(-15.0198924891028,35.0465809896012,0.2));
#12605=CARTESIAN_POINT('',(-16.6198924891028,35.0465809896012,0.2));
#12606=CARTESIAN_POINT('',(-13.4198924891028,35.0465809896012,0.2));
#12607=CARTESIAN_POINT('Origin',(-15.0198924891028,35.0465809896012,0.2));
#12608=CARTESIAN_POINT('Origin',(-13.2198924891028,35.0465809896012,0.2));
#12609=CARTESIAN_POINT('Origin',(-15.0198924891028,35.0465809896012,0.2));
#12610=CARTESIAN_POINT('Origin',(-15.0198924891028,35.0465809896012,0.));
#12611=CARTESIAN_POINT('',(-16.6198924891028,35.0465809896012,4.8));
#12612=CARTESIAN_POINT('',(-13.4198924891028,35.0465809896012,4.8));
#12613=CARTESIAN_POINT('Origin',(-15.0198924891028,35.0465809896012,4.8));
#12614=CARTESIAN_POINT('',(-16.6198924891028,35.0465809896012,0.));
#12615=CARTESIAN_POINT('Origin',(-15.0198924891028,35.0465809896012,4.8));
#12616=CARTESIAN_POINT('Origin',(-15.0198924891028,35.0465809896012,4.8));
#12617=CARTESIAN_POINT('',(-18.0198924891028,35.0465809896012,5.));
#12618=CARTESIAN_POINT('Origin',(-15.0198924891028,35.0465809896012,5.));
#12619=CARTESIAN_POINT('Origin',(-18.0198924891028,35.0465809896012,4.8));
#12620=CARTESIAN_POINT('Origin',(-15.0198924891028,35.0465809896012,5.));
#12621=CARTESIAN_POINT('',(-13.2198924891028,35.0465809896012,5.));
#12622=CARTESIAN_POINT('Origin',(-15.0198924891028,35.0465809896012,5.));
#12623=CARTESIAN_POINT('Origin',(-15.0198924891028,35.0465809896012,4.8));
#12624=CARTESIAN_POINT('Origin',(-13.2198924891028,35.0465809896012,4.8));
#12625=CARTESIAN_POINT('Origin',(-25.0198924891028,35.0465809896012,0.2));
#12626=CARTESIAN_POINT('',(-28.2198924891028,35.0465809896012,0.2));
#12627=CARTESIAN_POINT('Origin',(-25.0198924891028,35.0465809896012,0.2));
#12628=CARTESIAN_POINT('',(-28.0198924891028,35.0465809896012,0.));
#12629=CARTESIAN_POINT('Origin',(-28.0198924891028,35.0465809896012,0.2));
#12630=CARTESIAN_POINT('Origin',(-25.0198924891028,35.0465809896012,0.));
#12631=CARTESIAN_POINT('Origin',(-25.0198924891028,35.0465809896012,0.));
#12632=CARTESIAN_POINT('',(-23.2198924891028,35.0465809896012,0.));
#12633=CARTESIAN_POINT('Origin',(-25.0198924891028,35.0465809896012,0.));
#12634=CARTESIAN_POINT('Origin',(-25.0198924891028,35.0465809896012,0.));
#12635=CARTESIAN_POINT('',(-28.2198924891028,35.0465809896012,4.8));
#12636=CARTESIAN_POINT('Origin',(-25.0198924891028,35.0465809896012,4.8));
#12637=CARTESIAN_POINT('',(-28.2198924891028,35.0465809896012,0.));
#12638=CARTESIAN_POINT('Origin',(-25.0198924891028,35.0465809896012,0.2));
#12639=CARTESIAN_POINT('',(-26.6198924891028,35.0465809896012,0.2));
#12640=CARTESIAN_POINT('',(-23.4198924891028,35.0465809896012,0.2));
#12641=CARTESIAN_POINT('Origin',(-25.0198924891028,35.0465809896012,0.2));
#12642=CARTESIAN_POINT('Origin',(-23.2198924891028,35.0465809896012,0.2));
#12643=CARTESIAN_POINT('Origin',(-25.0198924891028,35.0465809896012,0.2));
#12644=CARTESIAN_POINT('Origin',(-25.0198924891028,35.0465809896012,0.));
#12645=CARTESIAN_POINT('',(-26.6198924891028,35.0465809896012,4.8));
#12646=CARTESIAN_POINT('',(-23.4198924891028,35.0465809896012,4.8));
#12647=CARTESIAN_POINT('Origin',(-25.0198924891028,35.0465809896012,4.8));
#12648=CARTESIAN_POINT('',(-26.6198924891028,35.0465809896012,0.));
#12649=CARTESIAN_POINT('Origin',(-25.0198924891028,35.0465809896012,4.8));
#12650=CARTESIAN_POINT('Origin',(-25.0198924891028,35.0465809896012,4.8));
#12651=CARTESIAN_POINT('',(-28.0198924891028,35.0465809896012,5.));
#12652=CARTESIAN_POINT('Origin',(-25.0198924891028,35.0465809896012,5.));
#12653=CARTESIAN_POINT('Origin',(-28.0198924891028,35.0465809896012,4.8));
#12654=CARTESIAN_POINT('Origin',(-25.0198924891028,35.0465809896012,5.));
#12655=CARTESIAN_POINT('',(-23.2198924891028,35.0465809896012,5.));
#12656=CARTESIAN_POINT('Origin',(-25.0198924891028,35.0465809896012,5.));
#12657=CARTESIAN_POINT('Origin',(-25.0198924891028,35.0465809896012,4.8));
#12658=CARTESIAN_POINT('Origin',(-23.2198924891028,35.0465809896012,4.8));
#12659=CARTESIAN_POINT('Origin',(-35.0198924891028,35.0465809896012,0.2));
#12660=CARTESIAN_POINT('',(-38.2198924891028,35.0465809896012,0.2));
#12661=CARTESIAN_POINT('Origin',(-35.0198924891028,35.0465809896012,0.2));
#12662=CARTESIAN_POINT('',(-38.0198924891028,35.0465809896012,0.));
#12663=CARTESIAN_POINT('Origin',(-38.0198924891028,35.0465809896012,0.2));
#12664=CARTESIAN_POINT('Origin',(-35.0198924891028,35.0465809896012,0.));
#12665=CARTESIAN_POINT('Origin',(-35.0198924891028,35.0465809896012,0.));
#12666=CARTESIAN_POINT('',(-33.2198924891028,35.0465809896012,0.));
#12667=CARTESIAN_POINT('Origin',(-35.0198924891028,35.0465809896012,0.));
#12668=CARTESIAN_POINT('Origin',(-35.0198924891028,35.0465809896012,0.));
#12669=CARTESIAN_POINT('',(-38.2198924891028,35.0465809896012,4.8));
#12670=CARTESIAN_POINT('Origin',(-35.0198924891028,35.0465809896012,4.8));
#12671=CARTESIAN_POINT('',(-38.2198924891028,35.0465809896012,0.));
#12672=CARTESIAN_POINT('Origin',(-35.0198924891028,35.0465809896012,0.2));
#12673=CARTESIAN_POINT('',(-36.6198924891028,35.0465809896012,0.2));
#12674=CARTESIAN_POINT('',(-33.4198924891028,35.0465809896012,0.2));
#12675=CARTESIAN_POINT('Origin',(-35.0198924891028,35.0465809896012,0.2));
#12676=CARTESIAN_POINT('Origin',(-33.2198924891028,35.0465809896012,0.2));
#12677=CARTESIAN_POINT('Origin',(-35.0198924891028,35.0465809896012,0.2));
#12678=CARTESIAN_POINT('Origin',(-35.0198924891028,35.0465809896012,0.));
#12679=CARTESIAN_POINT('',(-36.6198924891028,35.0465809896012,4.8));
#12680=CARTESIAN_POINT('',(-33.4198924891028,35.0465809896012,4.8));
#12681=CARTESIAN_POINT('Origin',(-35.0198924891028,35.0465809896012,4.8));
#12682=CARTESIAN_POINT('',(-36.6198924891028,35.0465809896012,0.));
#12683=CARTESIAN_POINT('Origin',(-35.0198924891028,35.0465809896012,4.8));
#12684=CARTESIAN_POINT('Origin',(-35.0198924891028,35.0465809896012,4.8));
#12685=CARTESIAN_POINT('',(-38.0198924891028,35.0465809896012,5.));
#12686=CARTESIAN_POINT('Origin',(-35.0198924891028,35.0465809896012,5.));
#12687=CARTESIAN_POINT('Origin',(-38.0198924891028,35.0465809896012,4.8));
#12688=CARTESIAN_POINT('Origin',(-35.0198924891028,35.0465809896012,5.));
#12689=CARTESIAN_POINT('',(-33.2198924891028,35.0465809896012,5.));
#12690=CARTESIAN_POINT('Origin',(-35.0198924891028,35.0465809896012,5.));
#12691=CARTESIAN_POINT('Origin',(-35.0198924891028,35.0465809896012,4.8));
#12692=CARTESIAN_POINT('Origin',(-33.2198924891028,35.0465809896012,4.8));
#12693=CARTESIAN_POINT('Origin',(-45.0198924891028,35.0465809896012,0.2));
#12694=CARTESIAN_POINT('',(-48.2198924891028,35.0465809896012,0.2));
#12695=CARTESIAN_POINT('Origin',(-45.0198924891028,35.0465809896012,0.2));
#12696=CARTESIAN_POINT('',(-48.0198924891029,35.0465809896012,0.));
#12697=CARTESIAN_POINT('Origin',(-48.0198924891028,35.0465809896012,0.2));
#12698=CARTESIAN_POINT('Origin',(-45.0198924891028,35.0465809896012,0.));
#12699=CARTESIAN_POINT('Origin',(-45.0198924891028,35.0465809896012,0.));
#12700=CARTESIAN_POINT('',(-43.2198924891028,35.0465809896012,0.));
#12701=CARTESIAN_POINT('Origin',(-45.0198924891028,35.0465809896012,0.));
#12702=CARTESIAN_POINT('Origin',(-45.0198924891028,35.0465809896012,0.));
#12703=CARTESIAN_POINT('',(-48.2198924891028,35.0465809896012,4.8));
#12704=CARTESIAN_POINT('Origin',(-45.0198924891028,35.0465809896012,4.8));
#12705=CARTESIAN_POINT('',(-48.2198924891028,35.0465809896012,0.));
#12706=CARTESIAN_POINT('Origin',(-45.0198924891028,35.0465809896012,0.2));
#12707=CARTESIAN_POINT('',(-46.6198924891028,35.0465809896012,0.2));
#12708=CARTESIAN_POINT('',(-43.4198924891028,35.0465809896012,0.2));
#12709=CARTESIAN_POINT('Origin',(-45.0198924891028,35.0465809896012,0.2));
#12710=CARTESIAN_POINT('Origin',(-43.2198924891028,35.0465809896012,0.2));
#12711=CARTESIAN_POINT('Origin',(-45.0198924891028,35.0465809896012,0.2));
#12712=CARTESIAN_POINT('Origin',(-45.0198924891028,35.0465809896012,0.));
#12713=CARTESIAN_POINT('',(-46.6198924891028,35.0465809896012,4.8));
#12714=CARTESIAN_POINT('',(-43.4198924891028,35.0465809896012,4.8));
#12715=CARTESIAN_POINT('Origin',(-45.0198924891028,35.0465809896012,4.8));
#12716=CARTESIAN_POINT('',(-46.6198924891028,35.0465809896012,0.));
#12717=CARTESIAN_POINT('Origin',(-45.0198924891028,35.0465809896012,4.8));
#12718=CARTESIAN_POINT('Origin',(-45.0198924891028,35.0465809896012,4.8));
#12719=CARTESIAN_POINT('',(-48.0198924891029,35.0465809896012,5.));
#12720=CARTESIAN_POINT('Origin',(-45.0198924891028,35.0465809896012,5.));
#12721=CARTESIAN_POINT('Origin',(-48.0198924891028,35.0465809896012,4.8));
#12722=CARTESIAN_POINT('Origin',(-45.0198924891028,35.0465809896012,5.));
#12723=CARTESIAN_POINT('',(-43.2198924891028,35.0465809896012,5.));
#12724=CARTESIAN_POINT('Origin',(-45.0198924891028,35.0465809896012,5.));
#12725=CARTESIAN_POINT('Origin',(-45.0198924891028,35.0465809896012,4.8));
#12726=CARTESIAN_POINT('Origin',(-43.2198924891028,35.0465809896012,4.8));
#12727=CARTESIAN_POINT('Origin',(-55.0198924891028,35.0465809896012,0.2));
#12728=CARTESIAN_POINT('',(-58.2198924891028,35.0465809896012,0.2));
#12729=CARTESIAN_POINT('Origin',(-55.0198924891028,35.0465809896012,0.2));
#12730=CARTESIAN_POINT('',(-58.0198924891029,35.0465809896012,0.));
#12731=CARTESIAN_POINT('Origin',(-58.0198924891028,35.0465809896012,0.2));
#12732=CARTESIAN_POINT('Origin',(-55.0198924891028,35.0465809896012,0.));
#12733=CARTESIAN_POINT('Origin',(-55.0198924891028,35.0465809896012,0.));
#12734=CARTESIAN_POINT('',(-53.2198924891028,35.0465809896012,0.));
#12735=CARTESIAN_POINT('Origin',(-55.0198924891028,35.0465809896012,0.));
#12736=CARTESIAN_POINT('Origin',(-55.0198924891028,35.0465809896012,0.));
#12737=CARTESIAN_POINT('',(-58.2198924891028,35.0465809896012,4.8));
#12738=CARTESIAN_POINT('Origin',(-55.0198924891028,35.0465809896012,4.8));
#12739=CARTESIAN_POINT('',(-58.2198924891028,35.0465809896012,0.));
#12740=CARTESIAN_POINT('Origin',(-55.0198924891028,35.0465809896012,0.2));
#12741=CARTESIAN_POINT('',(-56.6198924891028,35.0465809896012,0.2));
#12742=CARTESIAN_POINT('',(-53.4198924891028,35.0465809896012,0.2));
#12743=CARTESIAN_POINT('Origin',(-55.0198924891028,35.0465809896012,0.2));
#12744=CARTESIAN_POINT('Origin',(-53.2198924891028,35.0465809896012,0.2));
#12745=CARTESIAN_POINT('Origin',(-55.0198924891028,35.0465809896012,0.2));
#12746=CARTESIAN_POINT('Origin',(-55.0198924891028,35.0465809896012,0.));
#12747=CARTESIAN_POINT('',(-56.6198924891028,35.0465809896012,4.8));
#12748=CARTESIAN_POINT('',(-53.4198924891028,35.0465809896012,4.8));
#12749=CARTESIAN_POINT('Origin',(-55.0198924891028,35.0465809896012,4.8));
#12750=CARTESIAN_POINT('',(-56.6198924891028,35.0465809896012,0.));
#12751=CARTESIAN_POINT('Origin',(-55.0198924891028,35.0465809896012,4.8));
#12752=CARTESIAN_POINT('Origin',(-55.0198924891028,35.0465809896012,4.8));
#12753=CARTESIAN_POINT('',(-58.0198924891029,35.0465809896012,5.));
#12754=CARTESIAN_POINT('Origin',(-55.0198924891028,35.0465809896012,5.));
#12755=CARTESIAN_POINT('Origin',(-58.0198924891028,35.0465809896012,4.8));
#12756=CARTESIAN_POINT('Origin',(-55.0198924891028,35.0465809896012,5.));
#12757=CARTESIAN_POINT('',(-53.2198924891028,35.0465809896012,5.));
#12758=CARTESIAN_POINT('Origin',(-55.0198924891028,35.0465809896012,5.));
#12759=CARTESIAN_POINT('Origin',(-55.0198924891028,35.0465809896012,4.8));
#12760=CARTESIAN_POINT('Origin',(-53.2198924891028,35.0465809896012,4.8));
#12761=CARTESIAN_POINT('Origin',(-65.0198924891028,35.0465809896012,0.2));
#12762=CARTESIAN_POINT('',(-68.2198924891028,35.0465809896012,0.2));
#12763=CARTESIAN_POINT('Origin',(-65.0198924891028,35.0465809896012,0.2));
#12764=CARTESIAN_POINT('',(-68.0198924891029,35.0465809896012,0.));
#12765=CARTESIAN_POINT('Origin',(-68.0198924891028,35.0465809896012,0.2));
#12766=CARTESIAN_POINT('Origin',(-65.0198924891028,35.0465809896012,0.));
#12767=CARTESIAN_POINT('Origin',(-65.0198924891028,35.0465809896012,0.));
#12768=CARTESIAN_POINT('',(-63.2198924891028,35.0465809896012,0.));
#12769=CARTESIAN_POINT('Origin',(-65.0198924891028,35.0465809896012,0.));
#12770=CARTESIAN_POINT('Origin',(-65.0198924891028,35.0465809896012,0.));
#12771=CARTESIAN_POINT('',(-68.2198924891028,35.0465809896012,4.8));
#12772=CARTESIAN_POINT('Origin',(-65.0198924891028,35.0465809896012,4.8));
#12773=CARTESIAN_POINT('',(-68.2198924891028,35.0465809896012,0.));
#12774=CARTESIAN_POINT('Origin',(-65.0198924891028,35.0465809896012,0.2));
#12775=CARTESIAN_POINT('',(-66.6198924891029,35.0465809896012,0.2));
#12776=CARTESIAN_POINT('',(-63.4198924891028,35.0465809896012,0.2));
#12777=CARTESIAN_POINT('Origin',(-65.0198924891028,35.0465809896012,0.2));
#12778=CARTESIAN_POINT('Origin',(-63.2198924891028,35.0465809896012,0.2));
#12779=CARTESIAN_POINT('Origin',(-65.0198924891028,35.0465809896012,0.2));
#12780=CARTESIAN_POINT('Origin',(-65.0198924891028,35.0465809896012,0.));
#12781=CARTESIAN_POINT('',(-66.6198924891029,35.0465809896012,4.8));
#12782=CARTESIAN_POINT('',(-63.4198924891028,35.0465809896012,4.8));
#12783=CARTESIAN_POINT('Origin',(-65.0198924891028,35.0465809896012,4.8));
#12784=CARTESIAN_POINT('',(-66.6198924891029,35.0465809896012,0.));
#12785=CARTESIAN_POINT('Origin',(-65.0198924891028,35.0465809896012,4.8));
#12786=CARTESIAN_POINT('Origin',(-65.0198924891028,35.0465809896012,4.8));
#12787=CARTESIAN_POINT('',(-68.0198924891029,35.0465809896012,5.));
#12788=CARTESIAN_POINT('Origin',(-65.0198924891028,35.0465809896012,5.));
#12789=CARTESIAN_POINT('Origin',(-68.0198924891028,35.0465809896012,4.8));
#12790=CARTESIAN_POINT('Origin',(-65.0198924891028,35.0465809896012,5.));
#12791=CARTESIAN_POINT('',(-63.2198924891028,35.0465809896012,5.));
#12792=CARTESIAN_POINT('Origin',(-65.0198924891028,35.0465809896012,5.));
#12793=CARTESIAN_POINT('Origin',(-65.0198924891028,35.0465809896012,4.8));
#12794=CARTESIAN_POINT('Origin',(-63.2198924891028,35.0465809896012,4.8));
#12795=CARTESIAN_POINT('Origin',(-75.0198924891028,35.0465809896012,0.2));
#12796=CARTESIAN_POINT('',(-78.2198924891028,35.0465809896012,0.2));
#12797=CARTESIAN_POINT('Origin',(-75.0198924891028,35.0465809896012,0.2));
#12798=CARTESIAN_POINT('',(-78.0198924891029,35.0465809896012,0.));
#12799=CARTESIAN_POINT('Origin',(-78.0198924891028,35.0465809896012,0.2));
#12800=CARTESIAN_POINT('Origin',(-75.0198924891028,35.0465809896012,0.));
#12801=CARTESIAN_POINT('Origin',(-75.0198924891028,35.0465809896012,0.));
#12802=CARTESIAN_POINT('',(-73.2198924891028,35.0465809896012,0.));
#12803=CARTESIAN_POINT('Origin',(-75.0198924891028,35.0465809896012,0.));
#12804=CARTESIAN_POINT('Origin',(-75.0198924891028,35.0465809896012,0.));
#12805=CARTESIAN_POINT('',(-78.2198924891028,35.0465809896012,4.8));
#12806=CARTESIAN_POINT('Origin',(-75.0198924891028,35.0465809896012,4.8));
#12807=CARTESIAN_POINT('',(-78.2198924891028,35.0465809896012,0.));
#12808=CARTESIAN_POINT('Origin',(-75.0198924891028,35.0465809896012,0.2));
#12809=CARTESIAN_POINT('',(-76.6198924891029,35.0465809896012,0.2));
#12810=CARTESIAN_POINT('',(-73.4198924891028,35.0465809896012,0.2));
#12811=CARTESIAN_POINT('Origin',(-75.0198924891028,35.0465809896012,0.2));
#12812=CARTESIAN_POINT('Origin',(-73.2198924891028,35.0465809896012,0.2));
#12813=CARTESIAN_POINT('Origin',(-75.0198924891028,35.0465809896012,0.2));
#12814=CARTESIAN_POINT('Origin',(-75.0198924891028,35.0465809896012,0.));
#12815=CARTESIAN_POINT('',(-76.6198924891029,35.0465809896012,4.8));
#12816=CARTESIAN_POINT('',(-73.4198924891028,35.0465809896012,4.8));
#12817=CARTESIAN_POINT('Origin',(-75.0198924891028,35.0465809896012,4.8));
#12818=CARTESIAN_POINT('',(-76.6198924891029,35.0465809896012,0.));
#12819=CARTESIAN_POINT('Origin',(-75.0198924891028,35.0465809896012,4.8));
#12820=CARTESIAN_POINT('Origin',(-75.0198924891028,35.0465809896012,4.8));
#12821=CARTESIAN_POINT('',(-78.0198924891029,35.0465809896012,5.));
#12822=CARTESIAN_POINT('Origin',(-75.0198924891028,35.0465809896012,5.));
#12823=CARTESIAN_POINT('Origin',(-78.0198924891028,35.0465809896012,4.8));
#12824=CARTESIAN_POINT('Origin',(-75.0198924891028,35.0465809896012,5.));
#12825=CARTESIAN_POINT('',(-73.2198924891028,35.0465809896012,5.));
#12826=CARTESIAN_POINT('Origin',(-75.0198924891028,35.0465809896012,5.));
#12827=CARTESIAN_POINT('Origin',(-75.0198924891028,35.0465809896012,4.8));
#12828=CARTESIAN_POINT('Origin',(-73.2198924891028,35.0465809896012,4.8));
#12829=CARTESIAN_POINT('Origin',(-5.01989248910285,45.0465809896012,0.2));
#12830=CARTESIAN_POINT('',(-8.21989248910285,45.0465809896012,0.2));
#12831=CARTESIAN_POINT('Origin',(-5.01989248910285,45.0465809896012,0.2));
#12832=CARTESIAN_POINT('',(-8.01989248910285,45.0465809896012,0.));
#12833=CARTESIAN_POINT('Origin',(-8.01989248910285,45.0465809896012,0.2));
#12834=CARTESIAN_POINT('Origin',(-5.01989248910285,45.0465809896012,0.));
#12835=CARTESIAN_POINT('Origin',(-5.01989248910285,45.0465809896012,0.));
#12836=CARTESIAN_POINT('',(-3.21989248910285,45.0465809896012,0.));
#12837=CARTESIAN_POINT('Origin',(-5.01989248910285,45.0465809896012,0.));
#12838=CARTESIAN_POINT('Origin',(-5.01989248910285,45.0465809896012,0.));
#12839=CARTESIAN_POINT('',(-8.21989248910285,45.0465809896012,4.8));
#12840=CARTESIAN_POINT('Origin',(-5.01989248910285,45.0465809896012,4.8));
#12841=CARTESIAN_POINT('',(-8.21989248910285,45.0465809896012,0.));
#12842=CARTESIAN_POINT('Origin',(-5.01989248910285,45.0465809896012,0.2));
#12843=CARTESIAN_POINT('',(-6.61989248910285,45.0465809896012,0.2));
#12844=CARTESIAN_POINT('',(-3.41989248910285,45.0465809896012,0.2));
#12845=CARTESIAN_POINT('Origin',(-5.01989248910285,45.0465809896012,0.2));
#12846=CARTESIAN_POINT('Origin',(-3.21989248910285,45.0465809896012,0.2));
#12847=CARTESIAN_POINT('Origin',(-5.01989248910285,45.0465809896012,0.2));
#12848=CARTESIAN_POINT('Origin',(-5.01989248910285,45.0465809896012,0.));
#12849=CARTESIAN_POINT('',(-6.61989248910285,45.0465809896012,4.8));
#12850=CARTESIAN_POINT('',(-3.41989248910285,45.0465809896012,4.8));
#12851=CARTESIAN_POINT('Origin',(-5.01989248910285,45.0465809896012,4.8));
#12852=CARTESIAN_POINT('',(-6.61989248910285,45.0465809896012,0.));
#12853=CARTESIAN_POINT('Origin',(-5.01989248910285,45.0465809896012,4.8));
#12854=CARTESIAN_POINT('Origin',(-5.01989248910285,45.0465809896012,4.8));
#12855=CARTESIAN_POINT('',(-8.01989248910285,45.0465809896012,5.));
#12856=CARTESIAN_POINT('Origin',(-5.01989248910285,45.0465809896012,5.));
#12857=CARTESIAN_POINT('Origin',(-8.01989248910285,45.0465809896012,4.8));
#12858=CARTESIAN_POINT('Origin',(-5.01989248910285,45.0465809896012,5.));
#12859=CARTESIAN_POINT('',(-3.21989248910285,45.0465809896012,5.));
#12860=CARTESIAN_POINT('Origin',(-5.01989248910285,45.0465809896012,5.));
#12861=CARTESIAN_POINT('Origin',(-5.01989248910285,45.0465809896012,4.8));
#12862=CARTESIAN_POINT('Origin',(-3.21989248910285,45.0465809896012,4.8));
#12863=CARTESIAN_POINT('Origin',(-15.0198924891028,45.0465809896012,0.2));
#12864=CARTESIAN_POINT('',(-18.2198924891029,45.0465809896012,0.2));
#12865=CARTESIAN_POINT('Origin',(-15.0198924891028,45.0465809896012,0.2));
#12866=CARTESIAN_POINT('',(-18.0198924891028,45.0465809896012,0.));
#12867=CARTESIAN_POINT('Origin',(-18.0198924891028,45.0465809896012,0.2));
#12868=CARTESIAN_POINT('Origin',(-15.0198924891028,45.0465809896012,0.));
#12869=CARTESIAN_POINT('Origin',(-15.0198924891028,45.0465809896012,0.));
#12870=CARTESIAN_POINT('',(-13.2198924891028,45.0465809896012,0.));
#12871=CARTESIAN_POINT('Origin',(-15.0198924891028,45.0465809896012,0.));
#12872=CARTESIAN_POINT('Origin',(-15.0198924891028,45.0465809896012,0.));
#12873=CARTESIAN_POINT('',(-18.2198924891029,45.0465809896012,4.8));
#12874=CARTESIAN_POINT('Origin',(-15.0198924891028,45.0465809896012,4.8));
#12875=CARTESIAN_POINT('',(-18.2198924891029,45.0465809896012,0.));
#12876=CARTESIAN_POINT('Origin',(-15.0198924891028,45.0465809896012,0.2));
#12877=CARTESIAN_POINT('',(-16.6198924891028,45.0465809896012,0.2));
#12878=CARTESIAN_POINT('',(-13.4198924891028,45.0465809896012,0.2));
#12879=CARTESIAN_POINT('Origin',(-15.0198924891028,45.0465809896012,0.2));
#12880=CARTESIAN_POINT('Origin',(-13.2198924891028,45.0465809896012,0.2));
#12881=CARTESIAN_POINT('Origin',(-15.0198924891028,45.0465809896012,0.2));
#12882=CARTESIAN_POINT('Origin',(-15.0198924891028,45.0465809896012,0.));
#12883=CARTESIAN_POINT('',(-16.6198924891028,45.0465809896012,4.8));
#12884=CARTESIAN_POINT('',(-13.4198924891028,45.0465809896012,4.8));
#12885=CARTESIAN_POINT('Origin',(-15.0198924891028,45.0465809896012,4.8));
#12886=CARTESIAN_POINT('',(-16.6198924891028,45.0465809896012,0.));
#12887=CARTESIAN_POINT('Origin',(-15.0198924891028,45.0465809896012,4.8));
#12888=CARTESIAN_POINT('Origin',(-15.0198924891028,45.0465809896012,4.8));
#12889=CARTESIAN_POINT('',(-18.0198924891028,45.0465809896012,5.));
#12890=CARTESIAN_POINT('Origin',(-15.0198924891028,45.0465809896012,5.));
#12891=CARTESIAN_POINT('Origin',(-18.0198924891028,45.0465809896012,4.8));
#12892=CARTESIAN_POINT('Origin',(-15.0198924891028,45.0465809896012,5.));
#12893=CARTESIAN_POINT('',(-13.2198924891028,45.0465809896012,5.));
#12894=CARTESIAN_POINT('Origin',(-15.0198924891028,45.0465809896012,5.));
#12895=CARTESIAN_POINT('Origin',(-15.0198924891028,45.0465809896012,4.8));
#12896=CARTESIAN_POINT('Origin',(-13.2198924891028,45.0465809896012,4.8));
#12897=CARTESIAN_POINT('Origin',(-25.0198924891028,45.0465809896012,0.2));
#12898=CARTESIAN_POINT('',(-28.2198924891028,45.0465809896012,0.2));
#12899=CARTESIAN_POINT('Origin',(-25.0198924891028,45.0465809896012,0.2));
#12900=CARTESIAN_POINT('',(-28.0198924891028,45.0465809896012,0.));
#12901=CARTESIAN_POINT('Origin',(-28.0198924891028,45.0465809896012,0.2));
#12902=CARTESIAN_POINT('Origin',(-25.0198924891028,45.0465809896012,0.));
#12903=CARTESIAN_POINT('Origin',(-25.0198924891028,45.0465809896012,0.));
#12904=CARTESIAN_POINT('',(-23.2198924891028,45.0465809896012,0.));
#12905=CARTESIAN_POINT('Origin',(-25.0198924891028,45.0465809896012,0.));
#12906=CARTESIAN_POINT('Origin',(-25.0198924891028,45.0465809896012,0.));
#12907=CARTESIAN_POINT('',(-28.2198924891028,45.0465809896012,4.8));
#12908=CARTESIAN_POINT('Origin',(-25.0198924891028,45.0465809896012,4.8));
#12909=CARTESIAN_POINT('',(-28.2198924891028,45.0465809896012,0.));
#12910=CARTESIAN_POINT('Origin',(-25.0198924891028,45.0465809896012,0.2));
#12911=CARTESIAN_POINT('',(-26.6198924891028,45.0465809896012,0.2));
#12912=CARTESIAN_POINT('',(-23.4198924891028,45.0465809896012,0.2));
#12913=CARTESIAN_POINT('Origin',(-25.0198924891028,45.0465809896012,0.2));
#12914=CARTESIAN_POINT('Origin',(-23.2198924891028,45.0465809896012,0.2));
#12915=CARTESIAN_POINT('Origin',(-25.0198924891028,45.0465809896012,0.2));
#12916=CARTESIAN_POINT('Origin',(-25.0198924891028,45.0465809896012,0.));
#12917=CARTESIAN_POINT('',(-26.6198924891028,45.0465809896012,4.8));
#12918=CARTESIAN_POINT('',(-23.4198924891028,45.0465809896012,4.8));
#12919=CARTESIAN_POINT('Origin',(-25.0198924891028,45.0465809896012,4.8));
#12920=CARTESIAN_POINT('',(-26.6198924891028,45.0465809896012,0.));
#12921=CARTESIAN_POINT('Origin',(-25.0198924891028,45.0465809896012,4.8));
#12922=CARTESIAN_POINT('Origin',(-25.0198924891028,45.0465809896012,4.8));
#12923=CARTESIAN_POINT('',(-28.0198924891028,45.0465809896012,5.));
#12924=CARTESIAN_POINT('Origin',(-25.0198924891028,45.0465809896012,5.));
#12925=CARTESIAN_POINT('Origin',(-28.0198924891028,45.0465809896012,4.8));
#12926=CARTESIAN_POINT('Origin',(-25.0198924891028,45.0465809896012,5.));
#12927=CARTESIAN_POINT('',(-23.2198924891028,45.0465809896012,5.));
#12928=CARTESIAN_POINT('Origin',(-25.0198924891028,45.0465809896012,5.));
#12929=CARTESIAN_POINT('Origin',(-25.0198924891028,45.0465809896012,4.8));
#12930=CARTESIAN_POINT('Origin',(-23.2198924891028,45.0465809896012,4.8));
#12931=CARTESIAN_POINT('Origin',(-35.0198924891028,45.0465809896012,0.2));
#12932=CARTESIAN_POINT('',(-38.2198924891028,45.0465809896012,0.2));
#12933=CARTESIAN_POINT('Origin',(-35.0198924891028,45.0465809896012,0.2));
#12934=CARTESIAN_POINT('',(-38.0198924891028,45.0465809896012,0.));
#12935=CARTESIAN_POINT('Origin',(-38.0198924891028,45.0465809896012,0.2));
#12936=CARTESIAN_POINT('Origin',(-35.0198924891028,45.0465809896012,0.));
#12937=CARTESIAN_POINT('Origin',(-35.0198924891028,45.0465809896012,0.));
#12938=CARTESIAN_POINT('',(-33.2198924891028,45.0465809896012,0.));
#12939=CARTESIAN_POINT('Origin',(-35.0198924891028,45.0465809896012,0.));
#12940=CARTESIAN_POINT('Origin',(-35.0198924891028,45.0465809896012,0.));
#12941=CARTESIAN_POINT('',(-38.2198924891028,45.0465809896012,4.8));
#12942=CARTESIAN_POINT('Origin',(-35.0198924891028,45.0465809896012,4.8));
#12943=CARTESIAN_POINT('',(-38.2198924891028,45.0465809896012,0.));
#12944=CARTESIAN_POINT('Origin',(-35.0198924891028,45.0465809896012,0.2));
#12945=CARTESIAN_POINT('',(-36.6198924891028,45.0465809896012,0.2));
#12946=CARTESIAN_POINT('',(-33.4198924891028,45.0465809896012,0.2));
#12947=CARTESIAN_POINT('Origin',(-35.0198924891028,45.0465809896012,0.2));
#12948=CARTESIAN_POINT('Origin',(-33.2198924891028,45.0465809896012,0.2));
#12949=CARTESIAN_POINT('Origin',(-35.0198924891028,45.0465809896012,0.2));
#12950=CARTESIAN_POINT('Origin',(-35.0198924891028,45.0465809896012,0.));
#12951=CARTESIAN_POINT('',(-36.6198924891028,45.0465809896012,4.8));
#12952=CARTESIAN_POINT('',(-33.4198924891028,45.0465809896012,4.8));
#12953=CARTESIAN_POINT('Origin',(-35.0198924891028,45.0465809896012,4.8));
#12954=CARTESIAN_POINT('',(-36.6198924891028,45.0465809896012,0.));
#12955=CARTESIAN_POINT('Origin',(-35.0198924891028,45.0465809896012,4.8));
#12956=CARTESIAN_POINT('Origin',(-35.0198924891028,45.0465809896012,4.8));
#12957=CARTESIAN_POINT('',(-38.0198924891028,45.0465809896012,5.));
#12958=CARTESIAN_POINT('Origin',(-35.0198924891028,45.0465809896012,5.));
#12959=CARTESIAN_POINT('Origin',(-38.0198924891028,45.0465809896012,4.8));
#12960=CARTESIAN_POINT('Origin',(-35.0198924891028,45.0465809896012,5.));
#12961=CARTESIAN_POINT('',(-33.2198924891028,45.0465809896012,5.));
#12962=CARTESIAN_POINT('Origin',(-35.0198924891028,45.0465809896012,5.));
#12963=CARTESIAN_POINT('Origin',(-35.0198924891028,45.0465809896012,4.8));
#12964=CARTESIAN_POINT('Origin',(-33.2198924891028,45.0465809896012,4.8));
#12965=CARTESIAN_POINT('Origin',(-45.0198924891028,45.0465809896012,0.2));
#12966=CARTESIAN_POINT('',(-48.2198924891028,45.0465809896012,0.2));
#12967=CARTESIAN_POINT('Origin',(-45.0198924891028,45.0465809896012,0.2));
#12968=CARTESIAN_POINT('',(-48.0198924891029,45.0465809896012,0.));
#12969=CARTESIAN_POINT('Origin',(-48.0198924891028,45.0465809896012,0.2));
#12970=CARTESIAN_POINT('Origin',(-45.0198924891028,45.0465809896012,0.));
#12971=CARTESIAN_POINT('Origin',(-45.0198924891028,45.0465809896012,0.));
#12972=CARTESIAN_POINT('',(-43.2198924891028,45.0465809896012,0.));
#12973=CARTESIAN_POINT('Origin',(-45.0198924891028,45.0465809896012,0.));
#12974=CARTESIAN_POINT('Origin',(-45.0198924891028,45.0465809896012,0.));
#12975=CARTESIAN_POINT('',(-48.2198924891028,45.0465809896012,4.8));
#12976=CARTESIAN_POINT('Origin',(-45.0198924891028,45.0465809896012,4.8));
#12977=CARTESIAN_POINT('',(-48.2198924891028,45.0465809896012,0.));
#12978=CARTESIAN_POINT('Origin',(-45.0198924891028,45.0465809896012,0.2));
#12979=CARTESIAN_POINT('',(-46.6198924891028,45.0465809896012,0.2));
#12980=CARTESIAN_POINT('',(-43.4198924891028,45.0465809896012,0.2));
#12981=CARTESIAN_POINT('Origin',(-45.0198924891028,45.0465809896012,0.2));
#12982=CARTESIAN_POINT('Origin',(-43.2198924891028,45.0465809896012,0.2));
#12983=CARTESIAN_POINT('Origin',(-45.0198924891028,45.0465809896012,0.2));
#12984=CARTESIAN_POINT('Origin',(-45.0198924891028,45.0465809896012,0.));
#12985=CARTESIAN_POINT('',(-46.6198924891028,45.0465809896012,4.8));
#12986=CARTESIAN_POINT('',(-43.4198924891028,45.0465809896012,4.8));
#12987=CARTESIAN_POINT('Origin',(-45.0198924891028,45.0465809896012,4.8));
#12988=CARTESIAN_POINT('',(-46.6198924891028,45.0465809896012,0.));
#12989=CARTESIAN_POINT('Origin',(-45.0198924891028,45.0465809896012,4.8));
#12990=CARTESIAN_POINT('Origin',(-45.0198924891028,45.0465809896012,4.8));
#12991=CARTESIAN_POINT('',(-48.0198924891029,45.0465809896012,5.));
#12992=CARTESIAN_POINT('Origin',(-45.0198924891028,45.0465809896012,5.));
#12993=CARTESIAN_POINT('Origin',(-48.0198924891028,45.0465809896012,4.8));
#12994=CARTESIAN_POINT('Origin',(-45.0198924891028,45.0465809896012,5.));
#12995=CARTESIAN_POINT('',(-43.2198924891028,45.0465809896012,5.));
#12996=CARTESIAN_POINT('Origin',(-45.0198924891028,45.0465809896012,5.));
#12997=CARTESIAN_POINT('Origin',(-45.0198924891028,45.0465809896012,4.8));
#12998=CARTESIAN_POINT('Origin',(-43.2198924891028,45.0465809896012,4.8));
#12999=CARTESIAN_POINT('Origin',(-55.0198924891028,45.0465809896012,0.2));
#13000=CARTESIAN_POINT('',(-58.2198924891028,45.0465809896012,0.2));
#13001=CARTESIAN_POINT('Origin',(-55.0198924891028,45.0465809896012,0.2));
#13002=CARTESIAN_POINT('',(-58.0198924891029,45.0465809896012,0.));
#13003=CARTESIAN_POINT('Origin',(-58.0198924891028,45.0465809896012,0.2));
#13004=CARTESIAN_POINT('Origin',(-55.0198924891028,45.0465809896012,0.));
#13005=CARTESIAN_POINT('Origin',(-55.0198924891028,45.0465809896012,0.));
#13006=CARTESIAN_POINT('',(-53.2198924891028,45.0465809896012,0.));
#13007=CARTESIAN_POINT('Origin',(-55.0198924891028,45.0465809896012,0.));
#13008=CARTESIAN_POINT('Origin',(-55.0198924891028,45.0465809896012,0.));
#13009=CARTESIAN_POINT('',(-58.2198924891028,45.0465809896012,4.8));
#13010=CARTESIAN_POINT('Origin',(-55.0198924891028,45.0465809896012,4.8));
#13011=CARTESIAN_POINT('',(-58.2198924891028,45.0465809896012,0.));
#13012=CARTESIAN_POINT('Origin',(-55.0198924891028,45.0465809896012,0.2));
#13013=CARTESIAN_POINT('',(-56.6198924891028,45.0465809896012,0.2));
#13014=CARTESIAN_POINT('',(-53.4198924891028,45.0465809896012,0.2));
#13015=CARTESIAN_POINT('Origin',(-55.0198924891028,45.0465809896012,0.2));
#13016=CARTESIAN_POINT('Origin',(-53.2198924891028,45.0465809896012,0.2));
#13017=CARTESIAN_POINT('Origin',(-55.0198924891028,45.0465809896012,0.2));
#13018=CARTESIAN_POINT('Origin',(-55.0198924891028,45.0465809896012,0.));
#13019=CARTESIAN_POINT('',(-56.6198924891028,45.0465809896012,4.8));
#13020=CARTESIAN_POINT('',(-53.4198924891028,45.0465809896012,4.8));
#13021=CARTESIAN_POINT('Origin',(-55.0198924891028,45.0465809896012,4.8));
#13022=CARTESIAN_POINT('',(-56.6198924891028,45.0465809896012,0.));
#13023=CARTESIAN_POINT('Origin',(-55.0198924891028,45.0465809896012,4.8));
#13024=CARTESIAN_POINT('Origin',(-55.0198924891028,45.0465809896012,4.8));
#13025=CARTESIAN_POINT('',(-58.0198924891029,45.0465809896012,5.));
#13026=CARTESIAN_POINT('Origin',(-55.0198924891028,45.0465809896012,5.));
#13027=CARTESIAN_POINT('Origin',(-58.0198924891028,45.0465809896012,4.8));
#13028=CARTESIAN_POINT('Origin',(-55.0198924891028,45.0465809896012,5.));
#13029=CARTESIAN_POINT('',(-53.2198924891028,45.0465809896012,5.));
#13030=CARTESIAN_POINT('Origin',(-55.0198924891028,45.0465809896012,5.));
#13031=CARTESIAN_POINT('Origin',(-55.0198924891028,45.0465809896012,4.8));
#13032=CARTESIAN_POINT('Origin',(-53.2198924891028,45.0465809896012,4.8));
#13033=CARTESIAN_POINT('Origin',(-65.0198924891028,45.0465809896012,0.2));
#13034=CARTESIAN_POINT('',(-68.2198924891028,45.0465809896012,0.2));
#13035=CARTESIAN_POINT('Origin',(-65.0198924891028,45.0465809896012,0.2));
#13036=CARTESIAN_POINT('',(-68.0198924891029,45.0465809896012,0.));
#13037=CARTESIAN_POINT('Origin',(-68.0198924891028,45.0465809896012,0.2));
#13038=CARTESIAN_POINT('Origin',(-65.0198924891028,45.0465809896012,0.));
#13039=CARTESIAN_POINT('Origin',(-65.0198924891028,45.0465809896012,0.));
#13040=CARTESIAN_POINT('',(-63.2198924891028,45.0465809896012,0.));
#13041=CARTESIAN_POINT('Origin',(-65.0198924891028,45.0465809896012,0.));
#13042=CARTESIAN_POINT('Origin',(-65.0198924891028,45.0465809896012,0.));
#13043=CARTESIAN_POINT('',(-68.2198924891028,45.0465809896012,4.8));
#13044=CARTESIAN_POINT('Origin',(-65.0198924891028,45.0465809896012,4.8));
#13045=CARTESIAN_POINT('',(-68.2198924891028,45.0465809896012,0.));
#13046=CARTESIAN_POINT('Origin',(-65.0198924891028,45.0465809896012,0.2));
#13047=CARTESIAN_POINT('',(-66.6198924891029,45.0465809896012,0.2));
#13048=CARTESIAN_POINT('',(-63.4198924891028,45.0465809896012,0.2));
#13049=CARTESIAN_POINT('Origin',(-65.0198924891028,45.0465809896012,0.2));
#13050=CARTESIAN_POINT('Origin',(-63.2198924891028,45.0465809896012,0.2));
#13051=CARTESIAN_POINT('Origin',(-65.0198924891028,45.0465809896012,0.2));
#13052=CARTESIAN_POINT('Origin',(-65.0198924891028,45.0465809896012,0.));
#13053=CARTESIAN_POINT('',(-66.6198924891029,45.0465809896012,4.8));
#13054=CARTESIAN_POINT('',(-63.4198924891028,45.0465809896012,4.8));
#13055=CARTESIAN_POINT('Origin',(-65.0198924891028,45.0465809896012,4.8));
#13056=CARTESIAN_POINT('',(-66.6198924891029,45.0465809896012,0.));
#13057=CARTESIAN_POINT('Origin',(-65.0198924891028,45.0465809896012,4.8));
#13058=CARTESIAN_POINT('Origin',(-65.0198924891028,45.0465809896012,4.8));
#13059=CARTESIAN_POINT('',(-68.0198924891029,45.0465809896012,5.));
#13060=CARTESIAN_POINT('Origin',(-65.0198924891028,45.0465809896012,5.));
#13061=CARTESIAN_POINT('Origin',(-68.0198924891028,45.0465809896012,4.8));
#13062=CARTESIAN_POINT('Origin',(-65.0198924891028,45.0465809896012,5.));
#13063=CARTESIAN_POINT('',(-63.2198924891028,45.0465809896012,5.));
#13064=CARTESIAN_POINT('Origin',(-65.0198924891028,45.0465809896012,5.));
#13065=CARTESIAN_POINT('Origin',(-65.0198924891028,45.0465809896012,4.8));
#13066=CARTESIAN_POINT('Origin',(-63.2198924891028,45.0465809896012,4.8));
#13067=CARTESIAN_POINT('Origin',(-75.0198924891028,45.0465809896012,0.2));
#13068=CARTESIAN_POINT('',(-78.2198924891028,45.0465809896012,0.2));
#13069=CARTESIAN_POINT('Origin',(-75.0198924891028,45.0465809896012,0.2));
#13070=CARTESIAN_POINT('',(-78.0198924891029,45.0465809896012,0.));
#13071=CARTESIAN_POINT('Origin',(-78.0198924891028,45.0465809896012,0.2));
#13072=CARTESIAN_POINT('Origin',(-75.0198924891028,45.0465809896012,0.));
#13073=CARTESIAN_POINT('Origin',(-75.0198924891028,45.0465809896012,0.));
#13074=CARTESIAN_POINT('',(-73.2198924891028,45.0465809896012,0.));
#13075=CARTESIAN_POINT('Origin',(-75.0198924891028,45.0465809896012,0.));
#13076=CARTESIAN_POINT('Origin',(-75.0198924891028,45.0465809896012,0.));
#13077=CARTESIAN_POINT('',(-78.2198924891028,45.0465809896012,4.8));
#13078=CARTESIAN_POINT('Origin',(-75.0198924891028,45.0465809896012,4.8));
#13079=CARTESIAN_POINT('',(-78.2198924891028,45.0465809896012,0.));
#13080=CARTESIAN_POINT('Origin',(-75.0198924891028,45.0465809896012,0.2));
#13081=CARTESIAN_POINT('',(-76.6198924891029,45.0465809896012,0.2));
#13082=CARTESIAN_POINT('',(-73.4198924891028,45.0465809896012,0.2));
#13083=CARTESIAN_POINT('Origin',(-75.0198924891028,45.0465809896012,0.2));
#13084=CARTESIAN_POINT('Origin',(-73.2198924891028,45.0465809896012,0.2));
#13085=CARTESIAN_POINT('Origin',(-75.0198924891028,45.0465809896012,0.2));
#13086=CARTESIAN_POINT('Origin',(-75.0198924891028,45.0465809896012,0.));
#13087=CARTESIAN_POINT('',(-76.6198924891029,45.0465809896012,4.8));
#13088=CARTESIAN_POINT('',(-73.4198924891028,45.0465809896012,4.8));
#13089=CARTESIAN_POINT('Origin',(-75.0198924891028,45.0465809896012,4.8));
#13090=CARTESIAN_POINT('',(-76.6198924891029,45.0465809896012,0.));
#13091=CARTESIAN_POINT('Origin',(-75.0198924891028,45.0465809896012,4.8));
#13092=CARTESIAN_POINT('Origin',(-75.0198924891028,45.0465809896012,4.8));
#13093=CARTESIAN_POINT('',(-78.0198924891029,45.0465809896012,5.));
#13094=CARTESIAN_POINT('Origin',(-75.0198924891028,45.0465809896012,5.));
#13095=CARTESIAN_POINT('Origin',(-78.0198924891028,45.0465809896012,4.8));
#13096=CARTESIAN_POINT('Origin',(-75.0198924891028,45.0465809896012,5.));
#13097=CARTESIAN_POINT('',(-73.2198924891028,45.0465809896012,5.));
#13098=CARTESIAN_POINT('Origin',(-75.0198924891028,45.0465809896012,5.));
#13099=CARTESIAN_POINT('Origin',(-75.0198924891028,45.0465809896012,4.8));
#13100=CARTESIAN_POINT('Origin',(-73.2198924891028,45.0465809896012,4.8));
#13101=CARTESIAN_POINT('Origin',(-5.01989248910285,55.0465809896012,0.2));
#13102=CARTESIAN_POINT('',(-8.21989248910285,55.0465809896012,0.2));
#13103=CARTESIAN_POINT('Origin',(-5.01989248910285,55.0465809896012,0.2));
#13104=CARTESIAN_POINT('',(-8.01989248910285,55.0465809896012,0.));
#13105=CARTESIAN_POINT('Origin',(-8.01989248910285,55.0465809896012,0.2));
#13106=CARTESIAN_POINT('Origin',(-5.01989248910285,55.0465809896012,0.));
#13107=CARTESIAN_POINT('Origin',(-5.01989248910285,55.0465809896012,0.));
#13108=CARTESIAN_POINT('',(-3.21989248910285,55.0465809896012,0.));
#13109=CARTESIAN_POINT('Origin',(-5.01989248910285,55.0465809896012,0.));
#13110=CARTESIAN_POINT('Origin',(-5.01989248910285,55.0465809896012,0.));
#13111=CARTESIAN_POINT('',(-8.21989248910285,55.0465809896012,4.8));
#13112=CARTESIAN_POINT('Origin',(-5.01989248910285,55.0465809896012,4.8));
#13113=CARTESIAN_POINT('',(-8.21989248910285,55.0465809896012,0.));
#13114=CARTESIAN_POINT('Origin',(-5.01989248910285,55.0465809896012,0.2));
#13115=CARTESIAN_POINT('',(-6.61989248910285,55.0465809896012,0.2));
#13116=CARTESIAN_POINT('',(-3.41989248910285,55.0465809896012,0.2));
#13117=CARTESIAN_POINT('Origin',(-5.01989248910285,55.0465809896012,0.2));
#13118=CARTESIAN_POINT('Origin',(-3.21989248910285,55.0465809896012,0.2));
#13119=CARTESIAN_POINT('Origin',(-5.01989248910285,55.0465809896012,0.2));
#13120=CARTESIAN_POINT('Origin',(-5.01989248910285,55.0465809896012,0.));
#13121=CARTESIAN_POINT('',(-6.61989248910285,55.0465809896012,4.8));
#13122=CARTESIAN_POINT('',(-3.41989248910285,55.0465809896012,4.8));
#13123=CARTESIAN_POINT('Origin',(-5.01989248910285,55.0465809896012,4.8));
#13124=CARTESIAN_POINT('',(-6.61989248910285,55.0465809896012,0.));
#13125=CARTESIAN_POINT('Origin',(-5.01989248910285,55.0465809896012,4.8));
#13126=CARTESIAN_POINT('Origin',(-5.01989248910285,55.0465809896012,4.8));
#13127=CARTESIAN_POINT('',(-8.01989248910285,55.0465809896012,5.));
#13128=CARTESIAN_POINT('Origin',(-5.01989248910285,55.0465809896012,5.));
#13129=CARTESIAN_POINT('Origin',(-8.01989248910285,55.0465809896012,4.8));
#13130=CARTESIAN_POINT('Origin',(-5.01989248910285,55.0465809896012,5.));
#13131=CARTESIAN_POINT('',(-3.21989248910285,55.0465809896012,5.));
#13132=CARTESIAN_POINT('Origin',(-5.01989248910285,55.0465809896012,5.));
#13133=CARTESIAN_POINT('Origin',(-5.01989248910285,55.0465809896012,4.8));
#13134=CARTESIAN_POINT('Origin',(-3.21989248910285,55.0465809896012,4.8));
#13135=CARTESIAN_POINT('Origin',(-15.0198924891028,55.0465809896012,0.2));
#13136=CARTESIAN_POINT('',(-18.2198924891029,55.0465809896012,0.2));
#13137=CARTESIAN_POINT('Origin',(-15.0198924891028,55.0465809896012,0.2));
#13138=CARTESIAN_POINT('',(-18.0198924891028,55.0465809896012,0.));
#13139=CARTESIAN_POINT('Origin',(-18.0198924891028,55.0465809896012,0.2));
#13140=CARTESIAN_POINT('Origin',(-15.0198924891028,55.0465809896012,0.));
#13141=CARTESIAN_POINT('Origin',(-15.0198924891028,55.0465809896012,0.));
#13142=CARTESIAN_POINT('',(-13.2198924891028,55.0465809896012,0.));
#13143=CARTESIAN_POINT('Origin',(-15.0198924891028,55.0465809896012,0.));
#13144=CARTESIAN_POINT('Origin',(-15.0198924891028,55.0465809896012,0.));
#13145=CARTESIAN_POINT('',(-18.2198924891029,55.0465809896012,4.8));
#13146=CARTESIAN_POINT('Origin',(-15.0198924891028,55.0465809896012,4.8));
#13147=CARTESIAN_POINT('',(-18.2198924891029,55.0465809896012,0.));
#13148=CARTESIAN_POINT('Origin',(-15.0198924891028,55.0465809896012,0.2));
#13149=CARTESIAN_POINT('',(-16.6198924891028,55.0465809896012,0.2));
#13150=CARTESIAN_POINT('',(-13.4198924891028,55.0465809896012,0.2));
#13151=CARTESIAN_POINT('Origin',(-15.0198924891028,55.0465809896012,0.2));
#13152=CARTESIAN_POINT('Origin',(-13.2198924891028,55.0465809896012,0.2));
#13153=CARTESIAN_POINT('Origin',(-15.0198924891028,55.0465809896012,0.2));
#13154=CARTESIAN_POINT('Origin',(-15.0198924891028,55.0465809896012,0.));
#13155=CARTESIAN_POINT('',(-16.6198924891028,55.0465809896012,4.8));
#13156=CARTESIAN_POINT('',(-13.4198924891028,55.0465809896012,4.8));
#13157=CARTESIAN_POINT('Origin',(-15.0198924891028,55.0465809896012,4.8));
#13158=CARTESIAN_POINT('',(-16.6198924891028,55.0465809896012,0.));
#13159=CARTESIAN_POINT('Origin',(-15.0198924891028,55.0465809896012,4.8));
#13160=CARTESIAN_POINT('Origin',(-15.0198924891028,55.0465809896012,4.8));
#13161=CARTESIAN_POINT('',(-18.0198924891028,55.0465809896012,5.));
#13162=CARTESIAN_POINT('Origin',(-15.0198924891028,55.0465809896012,5.));
#13163=CARTESIAN_POINT('Origin',(-18.0198924891028,55.0465809896012,4.8));
#13164=CARTESIAN_POINT('Origin',(-15.0198924891028,55.0465809896012,5.));
#13165=CARTESIAN_POINT('',(-13.2198924891028,55.0465809896012,5.));
#13166=CARTESIAN_POINT('Origin',(-15.0198924891028,55.0465809896012,5.));
#13167=CARTESIAN_POINT('Origin',(-15.0198924891028,55.0465809896012,4.8));
#13168=CARTESIAN_POINT('Origin',(-13.2198924891028,55.0465809896012,4.8));
#13169=CARTESIAN_POINT('Origin',(-25.0198924891028,55.0465809896012,0.2));
#13170=CARTESIAN_POINT('',(-28.2198924891028,55.0465809896012,0.2));
#13171=CARTESIAN_POINT('Origin',(-25.0198924891028,55.0465809896012,0.2));
#13172=CARTESIAN_POINT('',(-28.0198924891028,55.0465809896012,0.));
#13173=CARTESIAN_POINT('Origin',(-28.0198924891028,55.0465809896012,0.2));
#13174=CARTESIAN_POINT('Origin',(-25.0198924891028,55.0465809896012,0.));
#13175=CARTESIAN_POINT('Origin',(-25.0198924891028,55.0465809896012,0.));
#13176=CARTESIAN_POINT('',(-23.2198924891028,55.0465809896012,0.));
#13177=CARTESIAN_POINT('Origin',(-25.0198924891028,55.0465809896012,0.));
#13178=CARTESIAN_POINT('Origin',(-25.0198924891028,55.0465809896012,0.));
#13179=CARTESIAN_POINT('',(-28.2198924891028,55.0465809896012,4.8));
#13180=CARTESIAN_POINT('Origin',(-25.0198924891028,55.0465809896012,4.8));
#13181=CARTESIAN_POINT('',(-28.2198924891028,55.0465809896012,0.));
#13182=CARTESIAN_POINT('Origin',(-25.0198924891028,55.0465809896012,0.2));
#13183=CARTESIAN_POINT('',(-26.6198924891028,55.0465809896012,0.2));
#13184=CARTESIAN_POINT('',(-23.4198924891028,55.0465809896012,0.2));
#13185=CARTESIAN_POINT('Origin',(-25.0198924891028,55.0465809896012,0.2));
#13186=CARTESIAN_POINT('Origin',(-23.2198924891028,55.0465809896012,0.2));
#13187=CARTESIAN_POINT('Origin',(-25.0198924891028,55.0465809896012,0.2));
#13188=CARTESIAN_POINT('Origin',(-25.0198924891028,55.0465809896012,0.));
#13189=CARTESIAN_POINT('',(-26.6198924891028,55.0465809896012,4.8));
#13190=CARTESIAN_POINT('',(-23.4198924891028,55.0465809896012,4.8));
#13191=CARTESIAN_POINT('Origin',(-25.0198924891028,55.0465809896012,4.8));
#13192=CARTESIAN_POINT('',(-26.6198924891028,55.0465809896012,0.));
#13193=CARTESIAN_POINT('Origin',(-25.0198924891028,55.0465809896012,4.8));
#13194=CARTESIAN_POINT('Origin',(-25.0198924891028,55.0465809896012,4.8));
#13195=CARTESIAN_POINT('',(-28.0198924891028,55.0465809896012,5.));
#13196=CARTESIAN_POINT('Origin',(-25.0198924891028,55.0465809896012,5.));
#13197=CARTESIAN_POINT('Origin',(-28.0198924891028,55.0465809896012,4.8));
#13198=CARTESIAN_POINT('Origin',(-25.0198924891028,55.0465809896012,5.));
#13199=CARTESIAN_POINT('',(-23.2198924891028,55.0465809896012,5.));
#13200=CARTESIAN_POINT('Origin',(-25.0198924891028,55.0465809896012,5.));
#13201=CARTESIAN_POINT('Origin',(-25.0198924891028,55.0465809896012,4.8));
#13202=CARTESIAN_POINT('Origin',(-23.2198924891028,55.0465809896012,4.8));
#13203=CARTESIAN_POINT('Origin',(-35.0198924891028,55.0465809896012,0.2));
#13204=CARTESIAN_POINT('',(-38.2198924891028,55.0465809896012,0.2));
#13205=CARTESIAN_POINT('Origin',(-35.0198924891028,55.0465809896012,0.2));
#13206=CARTESIAN_POINT('',(-38.0198924891028,55.0465809896012,0.));
#13207=CARTESIAN_POINT('Origin',(-38.0198924891028,55.0465809896012,0.2));
#13208=CARTESIAN_POINT('Origin',(-35.0198924891028,55.0465809896012,0.));
#13209=CARTESIAN_POINT('Origin',(-35.0198924891028,55.0465809896012,0.));
#13210=CARTESIAN_POINT('',(-33.2198924891028,55.0465809896012,0.));
#13211=CARTESIAN_POINT('Origin',(-35.0198924891028,55.0465809896012,0.));
#13212=CARTESIAN_POINT('Origin',(-35.0198924891028,55.0465809896012,0.));
#13213=CARTESIAN_POINT('',(-38.2198924891028,55.0465809896012,4.8));
#13214=CARTESIAN_POINT('Origin',(-35.0198924891028,55.0465809896012,4.8));
#13215=CARTESIAN_POINT('',(-38.2198924891028,55.0465809896012,0.));
#13216=CARTESIAN_POINT('Origin',(-35.0198924891028,55.0465809896012,0.2));
#13217=CARTESIAN_POINT('',(-36.6198924891028,55.0465809896012,0.2));
#13218=CARTESIAN_POINT('',(-33.4198924891028,55.0465809896012,0.2));
#13219=CARTESIAN_POINT('Origin',(-35.0198924891028,55.0465809896012,0.2));
#13220=CARTESIAN_POINT('Origin',(-33.2198924891028,55.0465809896012,0.2));
#13221=CARTESIAN_POINT('Origin',(-35.0198924891028,55.0465809896012,0.2));
#13222=CARTESIAN_POINT('Origin',(-35.0198924891028,55.0465809896012,0.));
#13223=CARTESIAN_POINT('',(-36.6198924891028,55.0465809896012,4.8));
#13224=CARTESIAN_POINT('',(-33.4198924891028,55.0465809896012,4.8));
#13225=CARTESIAN_POINT('Origin',(-35.0198924891028,55.0465809896012,4.8));
#13226=CARTESIAN_POINT('',(-36.6198924891028,55.0465809896012,0.));
#13227=CARTESIAN_POINT('Origin',(-35.0198924891028,55.0465809896012,4.8));
#13228=CARTESIAN_POINT('Origin',(-35.0198924891028,55.0465809896012,4.8));
#13229=CARTESIAN_POINT('',(-38.0198924891028,55.0465809896012,5.));
#13230=CARTESIAN_POINT('Origin',(-35.0198924891028,55.0465809896012,5.));
#13231=CARTESIAN_POINT('Origin',(-38.0198924891028,55.0465809896012,4.8));
#13232=CARTESIAN_POINT('Origin',(-35.0198924891028,55.0465809896012,5.));
#13233=CARTESIAN_POINT('',(-33.2198924891028,55.0465809896012,5.));
#13234=CARTESIAN_POINT('Origin',(-35.0198924891028,55.0465809896012,5.));
#13235=CARTESIAN_POINT('Origin',(-35.0198924891028,55.0465809896012,4.8));
#13236=CARTESIAN_POINT('Origin',(-33.2198924891028,55.0465809896012,4.8));
#13237=CARTESIAN_POINT('Origin',(-45.0198924891028,55.0465809896012,0.2));
#13238=CARTESIAN_POINT('',(-48.2198924891028,55.0465809896012,0.2));
#13239=CARTESIAN_POINT('Origin',(-45.0198924891028,55.0465809896012,0.2));
#13240=CARTESIAN_POINT('',(-48.0198924891029,55.0465809896012,0.));
#13241=CARTESIAN_POINT('Origin',(-48.0198924891028,55.0465809896012,0.2));
#13242=CARTESIAN_POINT('Origin',(-45.0198924891028,55.0465809896012,0.));
#13243=CARTESIAN_POINT('Origin',(-45.0198924891028,55.0465809896012,0.));
#13244=CARTESIAN_POINT('',(-43.2198924891028,55.0465809896012,0.));
#13245=CARTESIAN_POINT('Origin',(-45.0198924891028,55.0465809896012,0.));
#13246=CARTESIAN_POINT('Origin',(-45.0198924891028,55.0465809896012,0.));
#13247=CARTESIAN_POINT('',(-48.2198924891028,55.0465809896012,4.8));
#13248=CARTESIAN_POINT('Origin',(-45.0198924891028,55.0465809896012,4.8));
#13249=CARTESIAN_POINT('',(-48.2198924891028,55.0465809896012,0.));
#13250=CARTESIAN_POINT('Origin',(-45.0198924891028,55.0465809896012,0.2));
#13251=CARTESIAN_POINT('',(-46.6198924891028,55.0465809896012,0.2));
#13252=CARTESIAN_POINT('',(-43.4198924891028,55.0465809896012,0.2));
#13253=CARTESIAN_POINT('Origin',(-45.0198924891028,55.0465809896012,0.2));
#13254=CARTESIAN_POINT('Origin',(-43.2198924891028,55.0465809896012,0.2));
#13255=CARTESIAN_POINT('Origin',(-45.0198924891028,55.0465809896012,0.2));
#13256=CARTESIAN_POINT('Origin',(-45.0198924891028,55.0465809896012,0.));
#13257=CARTESIAN_POINT('',(-46.6198924891028,55.0465809896012,4.8));
#13258=CARTESIAN_POINT('',(-43.4198924891028,55.0465809896012,4.8));
#13259=CARTESIAN_POINT('Origin',(-45.0198924891028,55.0465809896012,4.8));
#13260=CARTESIAN_POINT('',(-46.6198924891028,55.0465809896012,0.));
#13261=CARTESIAN_POINT('Origin',(-45.0198924891028,55.0465809896012,4.8));
#13262=CARTESIAN_POINT('Origin',(-45.0198924891028,55.0465809896012,4.8));
#13263=CARTESIAN_POINT('',(-48.0198924891029,55.0465809896012,5.));
#13264=CARTESIAN_POINT('Origin',(-45.0198924891028,55.0465809896012,5.));
#13265=CARTESIAN_POINT('Origin',(-48.0198924891028,55.0465809896012,4.8));
#13266=CARTESIAN_POINT('Origin',(-45.0198924891028,55.0465809896012,5.));
#13267=CARTESIAN_POINT('',(-43.2198924891028,55.0465809896012,5.));
#13268=CARTESIAN_POINT('Origin',(-45.0198924891028,55.0465809896012,5.));
#13269=CARTESIAN_POINT('Origin',(-45.0198924891028,55.0465809896012,4.8));
#13270=CARTESIAN_POINT('Origin',(-43.2198924891028,55.0465809896012,4.8));
#13271=CARTESIAN_POINT('Origin',(-55.0198924891028,55.0465809896012,0.2));
#13272=CARTESIAN_POINT('',(-58.2198924891028,55.0465809896012,0.2));
#13273=CARTESIAN_POINT('Origin',(-55.0198924891028,55.0465809896012,0.2));
#13274=CARTESIAN_POINT('',(-58.0198924891029,55.0465809896012,0.));
#13275=CARTESIAN_POINT('Origin',(-58.0198924891028,55.0465809896012,0.2));
#13276=CARTESIAN_POINT('Origin',(-55.0198924891028,55.0465809896012,0.));
#13277=CARTESIAN_POINT('Origin',(-55.0198924891028,55.0465809896012,0.));
#13278=CARTESIAN_POINT('',(-53.2198924891028,55.0465809896012,0.));
#13279=CARTESIAN_POINT('Origin',(-55.0198924891028,55.0465809896012,0.));
#13280=CARTESIAN_POINT('Origin',(-55.0198924891028,55.0465809896012,0.));
#13281=CARTESIAN_POINT('',(-58.2198924891028,55.0465809896012,4.8));
#13282=CARTESIAN_POINT('Origin',(-55.0198924891028,55.0465809896012,4.8));
#13283=CARTESIAN_POINT('',(-58.2198924891028,55.0465809896012,0.));
#13284=CARTESIAN_POINT('Origin',(-55.0198924891028,55.0465809896012,0.2));
#13285=CARTESIAN_POINT('',(-56.6198924891028,55.0465809896012,0.2));
#13286=CARTESIAN_POINT('',(-53.4198924891028,55.0465809896012,0.2));
#13287=CARTESIAN_POINT('Origin',(-55.0198924891028,55.0465809896012,0.2));
#13288=CARTESIAN_POINT('Origin',(-53.2198924891028,55.0465809896012,0.2));
#13289=CARTESIAN_POINT('Origin',(-55.0198924891028,55.0465809896012,0.2));
#13290=CARTESIAN_POINT('Origin',(-55.0198924891028,55.0465809896012,0.));
#13291=CARTESIAN_POINT('',(-56.6198924891028,55.0465809896012,4.8));
#13292=CARTESIAN_POINT('',(-53.4198924891028,55.0465809896012,4.8));
#13293=CARTESIAN_POINT('Origin',(-55.0198924891028,55.0465809896012,4.8));
#13294=CARTESIAN_POINT('',(-56.6198924891028,55.0465809896012,0.));
#13295=CARTESIAN_POINT('Origin',(-55.0198924891028,55.0465809896012,4.8));
#13296=CARTESIAN_POINT('Origin',(-55.0198924891028,55.0465809896012,4.8));
#13297=CARTESIAN_POINT('',(-58.0198924891029,55.0465809896012,5.));
#13298=CARTESIAN_POINT('Origin',(-55.0198924891028,55.0465809896012,5.));
#13299=CARTESIAN_POINT('Origin',(-58.0198924891028,55.0465809896012,4.8));
#13300=CARTESIAN_POINT('Origin',(-55.0198924891028,55.0465809896012,5.));
#13301=CARTESIAN_POINT('',(-53.2198924891028,55.0465809896012,5.));
#13302=CARTESIAN_POINT('Origin',(-55.0198924891028,55.0465809896012,5.));
#13303=CARTESIAN_POINT('Origin',(-55.0198924891028,55.0465809896012,4.8));
#13304=CARTESIAN_POINT('Origin',(-53.2198924891028,55.0465809896012,4.8));
#13305=CARTESIAN_POINT('Origin',(-65.0198924891028,55.0465809896012,0.2));
#13306=CARTESIAN_POINT('',(-68.2198924891028,55.0465809896012,0.2));
#13307=CARTESIAN_POINT('Origin',(-65.0198924891028,55.0465809896012,0.2));
#13308=CARTESIAN_POINT('',(-68.0198924891029,55.0465809896012,0.));
#13309=CARTESIAN_POINT('Origin',(-68.0198924891028,55.0465809896012,0.2));
#13310=CARTESIAN_POINT('Origin',(-65.0198924891028,55.0465809896012,0.));
#13311=CARTESIAN_POINT('Origin',(-65.0198924891028,55.0465809896012,0.));
#13312=CARTESIAN_POINT('',(-63.2198924891028,55.0465809896012,0.));
#13313=CARTESIAN_POINT('Origin',(-65.0198924891028,55.0465809896012,0.));
#13314=CARTESIAN_POINT('Origin',(-65.0198924891028,55.0465809896012,0.));
#13315=CARTESIAN_POINT('',(-68.2198924891028,55.0465809896012,4.8));
#13316=CARTESIAN_POINT('Origin',(-65.0198924891028,55.0465809896012,4.8));
#13317=CARTESIAN_POINT('',(-68.2198924891028,55.0465809896012,0.));
#13318=CARTESIAN_POINT('Origin',(-65.0198924891028,55.0465809896012,0.2));
#13319=CARTESIAN_POINT('',(-66.6198924891029,55.0465809896012,0.2));
#13320=CARTESIAN_POINT('',(-63.4198924891028,55.0465809896012,0.2));
#13321=CARTESIAN_POINT('Origin',(-65.0198924891028,55.0465809896012,0.2));
#13322=CARTESIAN_POINT('Origin',(-63.2198924891028,55.0465809896012,0.2));
#13323=CARTESIAN_POINT('Origin',(-65.0198924891028,55.0465809896012,0.2));
#13324=CARTESIAN_POINT('Origin',(-65.0198924891028,55.0465809896012,0.));
#13325=CARTESIAN_POINT('',(-66.6198924891029,55.0465809896012,4.8));
#13326=CARTESIAN_POINT('',(-63.4198924891028,55.0465809896012,4.8));
#13327=CARTESIAN_POINT('Origin',(-65.0198924891028,55.0465809896012,4.8));
#13328=CARTESIAN_POINT('',(-66.6198924891029,55.0465809896012,0.));
#13329=CARTESIAN_POINT('Origin',(-65.0198924891028,55.0465809896012,4.8));
#13330=CARTESIAN_POINT('Origin',(-65.0198924891028,55.0465809896012,4.8));
#13331=CARTESIAN_POINT('',(-68.0198924891029,55.0465809896012,5.));
#13332=CARTESIAN_POINT('Origin',(-65.0198924891028,55.0465809896012,5.));
#13333=CARTESIAN_POINT('Origin',(-68.0198924891028,55.0465809896012,4.8));
#13334=CARTESIAN_POINT('Origin',(-65.0198924891028,55.0465809896012,5.));
#13335=CARTESIAN_POINT('',(-63.2198924891028,55.0465809896012,5.));
#13336=CARTESIAN_POINT('Origin',(-65.0198924891028,55.0465809896012,5.));
#13337=CARTESIAN_POINT('Origin',(-65.0198924891028,55.0465809896012,4.8));
#13338=CARTESIAN_POINT('Origin',(-63.2198924891028,55.0465809896012,4.8));
#13339=CARTESIAN_POINT('Origin',(-75.0198924891028,55.0465809896012,0.2));
#13340=CARTESIAN_POINT('',(-78.2198924891028,55.0465809896012,0.2));
#13341=CARTESIAN_POINT('Origin',(-75.0198924891028,55.0465809896012,0.2));
#13342=CARTESIAN_POINT('',(-78.0198924891029,55.0465809896012,0.));
#13343=CARTESIAN_POINT('Origin',(-78.0198924891028,55.0465809896012,0.2));
#13344=CARTESIAN_POINT('Origin',(-75.0198924891028,55.0465809896012,0.));
#13345=CARTESIAN_POINT('Origin',(-75.0198924891028,55.0465809896012,0.));
#13346=CARTESIAN_POINT('',(-73.2198924891028,55.0465809896012,0.));
#13347=CARTESIAN_POINT('Origin',(-75.0198924891028,55.0465809896012,0.));
#13348=CARTESIAN_POINT('Origin',(-75.0198924891028,55.0465809896012,0.));
#13349=CARTESIAN_POINT('',(-78.2198924891028,55.0465809896012,4.8));
#13350=CARTESIAN_POINT('Origin',(-75.0198924891028,55.0465809896012,4.8));
#13351=CARTESIAN_POINT('',(-78.2198924891028,55.0465809896012,0.));
#13352=CARTESIAN_POINT('Origin',(-75.0198924891028,55.0465809896012,0.2));
#13353=CARTESIAN_POINT('',(-76.6198924891029,55.0465809896012,0.2));
#13354=CARTESIAN_POINT('',(-73.4198924891028,55.0465809896012,0.2));
#13355=CARTESIAN_POINT('Origin',(-75.0198924891028,55.0465809896012,0.2));
#13356=CARTESIAN_POINT('Origin',(-73.2198924891028,55.0465809896012,0.2));
#13357=CARTESIAN_POINT('Origin',(-75.0198924891028,55.0465809896012,0.2));
#13358=CARTESIAN_POINT('Origin',(-75.0198924891028,55.0465809896012,0.));
#13359=CARTESIAN_POINT('',(-76.6198924891029,55.0465809896012,4.8));
#13360=CARTESIAN_POINT('',(-73.4198924891028,55.0465809896012,4.8));
#13361=CARTESIAN_POINT('Origin',(-75.0198924891028,55.0465809896012,4.8));
#13362=CARTESIAN_POINT('',(-76.6198924891029,55.0465809896012,0.));
#13363=CARTESIAN_POINT('Origin',(-75.0198924891028,55.0465809896012,4.8));
#13364=CARTESIAN_POINT('Origin',(-75.0198924891028,55.0465809896012,4.8));
#13365=CARTESIAN_POINT('',(-78.0198924891029,55.0465809896012,5.));
#13366=CARTESIAN_POINT('Origin',(-75.0198924891028,55.0465809896012,5.));
#13367=CARTESIAN_POINT('Origin',(-78.0198924891028,55.0465809896012,4.8));
#13368=CARTESIAN_POINT('Origin',(-75.0198924891028,55.0465809896012,5.));
#13369=CARTESIAN_POINT('',(-73.2198924891028,55.0465809896012,5.));
#13370=CARTESIAN_POINT('Origin',(-75.0198924891028,55.0465809896012,5.));
#13371=CARTESIAN_POINT('Origin',(-75.0198924891028,55.0465809896012,4.8));
#13372=CARTESIAN_POINT('Origin',(-73.2198924891028,55.0465809896012,4.8));
#13373=CARTESIAN_POINT('Origin',(-5.01989248910285,65.0465809896012,0.2));
#13374=CARTESIAN_POINT('',(-8.21989248910285,65.0465809896012,0.2));
#13375=CARTESIAN_POINT('Origin',(-5.01989248910285,65.0465809896012,0.2));
#13376=CARTESIAN_POINT('',(-8.01989248910285,65.0465809896012,0.));
#13377=CARTESIAN_POINT('Origin',(-8.01989248910285,65.0465809896012,0.2));
#13378=CARTESIAN_POINT('Origin',(-5.01989248910285,65.0465809896012,0.));
#13379=CARTESIAN_POINT('Origin',(-5.01989248910285,65.0465809896012,0.));
#13380=CARTESIAN_POINT('',(-3.21989248910285,65.0465809896012,0.));
#13381=CARTESIAN_POINT('Origin',(-5.01989248910285,65.0465809896012,0.));
#13382=CARTESIAN_POINT('Origin',(-5.01989248910285,65.0465809896012,0.));
#13383=CARTESIAN_POINT('',(-8.21989248910285,65.0465809896012,4.8));
#13384=CARTESIAN_POINT('Origin',(-5.01989248910285,65.0465809896012,4.8));
#13385=CARTESIAN_POINT('',(-8.21989248910285,65.0465809896012,0.));
#13386=CARTESIAN_POINT('Origin',(-5.01989248910285,65.0465809896012,0.2));
#13387=CARTESIAN_POINT('',(-6.61989248910285,65.0465809896012,0.2));
#13388=CARTESIAN_POINT('',(-3.41989248910285,65.0465809896012,0.2));
#13389=CARTESIAN_POINT('Origin',(-5.01989248910285,65.0465809896012,0.2));
#13390=CARTESIAN_POINT('Origin',(-3.21989248910285,65.0465809896012,0.2));
#13391=CARTESIAN_POINT('Origin',(-5.01989248910285,65.0465809896012,0.2));
#13392=CARTESIAN_POINT('Origin',(-5.01989248910285,65.0465809896012,0.));
#13393=CARTESIAN_POINT('',(-6.61989248910285,65.0465809896012,4.8));
#13394=CARTESIAN_POINT('',(-3.41989248910285,65.0465809896012,4.8));
#13395=CARTESIAN_POINT('Origin',(-5.01989248910285,65.0465809896012,4.8));
#13396=CARTESIAN_POINT('',(-6.61989248910285,65.0465809896012,0.));
#13397=CARTESIAN_POINT('Origin',(-5.01989248910285,65.0465809896012,4.8));
#13398=CARTESIAN_POINT('Origin',(-5.01989248910285,65.0465809896012,4.8));
#13399=CARTESIAN_POINT('',(-8.01989248910285,65.0465809896012,5.));
#13400=CARTESIAN_POINT('Origin',(-5.01989248910285,65.0465809896012,5.));
#13401=CARTESIAN_POINT('Origin',(-8.01989248910285,65.0465809896012,4.8));
#13402=CARTESIAN_POINT('Origin',(-5.01989248910285,65.0465809896012,5.));
#13403=CARTESIAN_POINT('',(-3.21989248910285,65.0465809896012,5.));
#13404=CARTESIAN_POINT('Origin',(-5.01989248910285,65.0465809896012,5.));
#13405=CARTESIAN_POINT('Origin',(-5.01989248910285,65.0465809896012,4.8));
#13406=CARTESIAN_POINT('Origin',(-3.21989248910285,65.0465809896012,4.8));
#13407=CARTESIAN_POINT('Origin',(-15.0198924891028,65.0465809896012,0.2));
#13408=CARTESIAN_POINT('',(-18.2198924891029,65.0465809896012,0.2));
#13409=CARTESIAN_POINT('Origin',(-15.0198924891028,65.0465809896012,0.2));
#13410=CARTESIAN_POINT('',(-18.0198924891028,65.0465809896012,0.));
#13411=CARTESIAN_POINT('Origin',(-18.0198924891028,65.0465809896012,0.2));
#13412=CARTESIAN_POINT('Origin',(-15.0198924891028,65.0465809896012,0.));
#13413=CARTESIAN_POINT('Origin',(-15.0198924891028,65.0465809896012,0.));
#13414=CARTESIAN_POINT('',(-13.2198924891028,65.0465809896012,0.));
#13415=CARTESIAN_POINT('Origin',(-15.0198924891028,65.0465809896012,0.));
#13416=CARTESIAN_POINT('Origin',(-15.0198924891028,65.0465809896012,0.));
#13417=CARTESIAN_POINT('',(-18.2198924891029,65.0465809896012,4.8));
#13418=CARTESIAN_POINT('Origin',(-15.0198924891028,65.0465809896012,4.8));
#13419=CARTESIAN_POINT('',(-18.2198924891029,65.0465809896012,0.));
#13420=CARTESIAN_POINT('Origin',(-15.0198924891028,65.0465809896012,0.2));
#13421=CARTESIAN_POINT('',(-16.6198924891028,65.0465809896012,0.2));
#13422=CARTESIAN_POINT('',(-13.4198924891028,65.0465809896012,0.2));
#13423=CARTESIAN_POINT('Origin',(-15.0198924891028,65.0465809896012,0.2));
#13424=CARTESIAN_POINT('Origin',(-13.2198924891028,65.0465809896012,0.2));
#13425=CARTESIAN_POINT('Origin',(-15.0198924891028,65.0465809896012,0.2));
#13426=CARTESIAN_POINT('Origin',(-15.0198924891028,65.0465809896012,0.));
#13427=CARTESIAN_POINT('',(-16.6198924891028,65.0465809896012,4.8));
#13428=CARTESIAN_POINT('',(-13.4198924891028,65.0465809896012,4.8));
#13429=CARTESIAN_POINT('Origin',(-15.0198924891028,65.0465809896012,4.8));
#13430=CARTESIAN_POINT('',(-16.6198924891028,65.0465809896012,0.));
#13431=CARTESIAN_POINT('Origin',(-15.0198924891028,65.0465809896012,4.8));
#13432=CARTESIAN_POINT('Origin',(-15.0198924891028,65.0465809896012,4.8));
#13433=CARTESIAN_POINT('',(-18.0198924891028,65.0465809896012,5.));
#13434=CARTESIAN_POINT('Origin',(-15.0198924891028,65.0465809896012,5.));
#13435=CARTESIAN_POINT('Origin',(-18.0198924891028,65.0465809896012,4.8));
#13436=CARTESIAN_POINT('Origin',(-15.0198924891028,65.0465809896012,5.));
#13437=CARTESIAN_POINT('',(-13.2198924891028,65.0465809896012,5.));
#13438=CARTESIAN_POINT('Origin',(-15.0198924891028,65.0465809896012,5.));
#13439=CARTESIAN_POINT('Origin',(-15.0198924891028,65.0465809896012,4.8));
#13440=CARTESIAN_POINT('Origin',(-13.2198924891028,65.0465809896012,4.8));
#13441=CARTESIAN_POINT('Origin',(-25.0198924891028,65.0465809896012,0.2));
#13442=CARTESIAN_POINT('',(-28.2198924891028,65.0465809896012,0.2));
#13443=CARTESIAN_POINT('Origin',(-25.0198924891028,65.0465809896012,0.2));
#13444=CARTESIAN_POINT('',(-28.0198924891028,65.0465809896012,0.));
#13445=CARTESIAN_POINT('Origin',(-28.0198924891028,65.0465809896012,0.2));
#13446=CARTESIAN_POINT('Origin',(-25.0198924891028,65.0465809896012,0.));
#13447=CARTESIAN_POINT('Origin',(-25.0198924891028,65.0465809896012,0.));
#13448=CARTESIAN_POINT('',(-23.2198924891028,65.0465809896012,0.));
#13449=CARTESIAN_POINT('Origin',(-25.0198924891028,65.0465809896012,0.));
#13450=CARTESIAN_POINT('Origin',(-25.0198924891028,65.0465809896012,0.));
#13451=CARTESIAN_POINT('',(-28.2198924891028,65.0465809896012,4.8));
#13452=CARTESIAN_POINT('Origin',(-25.0198924891028,65.0465809896012,4.8));
#13453=CARTESIAN_POINT('',(-28.2198924891028,65.0465809896012,0.));
#13454=CARTESIAN_POINT('Origin',(-25.0198924891028,65.0465809896012,0.2));
#13455=CARTESIAN_POINT('',(-26.6198924891028,65.0465809896012,0.2));
#13456=CARTESIAN_POINT('',(-23.4198924891028,65.0465809896012,0.2));
#13457=CARTESIAN_POINT('Origin',(-25.0198924891028,65.0465809896012,0.2));
#13458=CARTESIAN_POINT('Origin',(-23.2198924891028,65.0465809896012,0.2));
#13459=CARTESIAN_POINT('Origin',(-25.0198924891028,65.0465809896012,0.2));
#13460=CARTESIAN_POINT('Origin',(-25.0198924891028,65.0465809896012,0.));
#13461=CARTESIAN_POINT('',(-26.6198924891028,65.0465809896012,4.8));
#13462=CARTESIAN_POINT('',(-23.4198924891028,65.0465809896012,4.8));
#13463=CARTESIAN_POINT('Origin',(-25.0198924891028,65.0465809896012,4.8));
#13464=CARTESIAN_POINT('',(-26.6198924891028,65.0465809896012,0.));
#13465=CARTESIAN_POINT('Origin',(-25.0198924891028,65.0465809896012,4.8));
#13466=CARTESIAN_POINT('Origin',(-25.0198924891028,65.0465809896012,4.8));
#13467=CARTESIAN_POINT('',(-28.0198924891028,65.0465809896012,5.));
#13468=CARTESIAN_POINT('Origin',(-25.0198924891028,65.0465809896012,5.));
#13469=CARTESIAN_POINT('Origin',(-28.0198924891028,65.0465809896012,4.8));
#13470=CARTESIAN_POINT('Origin',(-25.0198924891028,65.0465809896012,5.));
#13471=CARTESIAN_POINT('',(-23.2198924891028,65.0465809896012,5.));
#13472=CARTESIAN_POINT('Origin',(-25.0198924891028,65.0465809896012,5.));
#13473=CARTESIAN_POINT('Origin',(-25.0198924891028,65.0465809896012,4.8));
#13474=CARTESIAN_POINT('Origin',(-23.2198924891028,65.0465809896012,4.8));
#13475=CARTESIAN_POINT('Origin',(-35.0198924891028,65.0465809896012,0.2));
#13476=CARTESIAN_POINT('',(-38.2198924891028,65.0465809896012,0.2));
#13477=CARTESIAN_POINT('Origin',(-35.0198924891028,65.0465809896012,0.2));
#13478=CARTESIAN_POINT('',(-38.0198924891028,65.0465809896012,0.));
#13479=CARTESIAN_POINT('Origin',(-38.0198924891028,65.0465809896012,0.2));
#13480=CARTESIAN_POINT('Origin',(-35.0198924891028,65.0465809896012,0.));
#13481=CARTESIAN_POINT('Origin',(-35.0198924891028,65.0465809896012,0.));
#13482=CARTESIAN_POINT('',(-33.2198924891028,65.0465809896012,0.));
#13483=CARTESIAN_POINT('Origin',(-35.0198924891028,65.0465809896012,0.));
#13484=CARTESIAN_POINT('Origin',(-35.0198924891028,65.0465809896012,0.));
#13485=CARTESIAN_POINT('',(-38.2198924891028,65.0465809896012,4.8));
#13486=CARTESIAN_POINT('Origin',(-35.0198924891028,65.0465809896012,4.8));
#13487=CARTESIAN_POINT('',(-38.2198924891028,65.0465809896012,0.));
#13488=CARTESIAN_POINT('Origin',(-35.0198924891028,65.0465809896012,0.2));
#13489=CARTESIAN_POINT('',(-36.6198924891028,65.0465809896012,0.2));
#13490=CARTESIAN_POINT('',(-33.4198924891028,65.0465809896012,0.2));
#13491=CARTESIAN_POINT('Origin',(-35.0198924891028,65.0465809896012,0.2));
#13492=CARTESIAN_POINT('Origin',(-33.2198924891028,65.0465809896012,0.2));
#13493=CARTESIAN_POINT('Origin',(-35.0198924891028,65.0465809896012,0.2));
#13494=CARTESIAN_POINT('Origin',(-35.0198924891028,65.0465809896012,0.));
#13495=CARTESIAN_POINT('',(-36.6198924891028,65.0465809896012,4.8));
#13496=CARTESIAN_POINT('',(-33.4198924891028,65.0465809896012,4.8));
#13497=CARTESIAN_POINT('Origin',(-35.0198924891028,65.0465809896012,4.8));
#13498=CARTESIAN_POINT('',(-36.6198924891028,65.0465809896012,0.));
#13499=CARTESIAN_POINT('Origin',(-35.0198924891028,65.0465809896012,4.8));
#13500=CARTESIAN_POINT('Origin',(-35.0198924891028,65.0465809896012,4.8));
#13501=CARTESIAN_POINT('',(-38.0198924891028,65.0465809896012,5.));
#13502=CARTESIAN_POINT('Origin',(-35.0198924891028,65.0465809896012,5.));
#13503=CARTESIAN_POINT('Origin',(-38.0198924891028,65.0465809896012,4.8));
#13504=CARTESIAN_POINT('Origin',(-35.0198924891028,65.0465809896012,5.));
#13505=CARTESIAN_POINT('',(-33.2198924891028,65.0465809896012,5.));
#13506=CARTESIAN_POINT('Origin',(-35.0198924891028,65.0465809896012,5.));
#13507=CARTESIAN_POINT('Origin',(-35.0198924891028,65.0465809896012,4.8));
#13508=CARTESIAN_POINT('Origin',(-33.2198924891028,65.0465809896012,4.8));
#13509=CARTESIAN_POINT('Origin',(-45.0198924891028,65.0465809896012,0.2));
#13510=CARTESIAN_POINT('',(-48.2198924891028,65.0465809896012,0.2));
#13511=CARTESIAN_POINT('Origin',(-45.0198924891028,65.0465809896012,0.2));
#13512=CARTESIAN_POINT('',(-48.0198924891029,65.0465809896012,0.));
#13513=CARTESIAN_POINT('Origin',(-48.0198924891028,65.0465809896012,0.2));
#13514=CARTESIAN_POINT('Origin',(-45.0198924891028,65.0465809896012,0.));
#13515=CARTESIAN_POINT('Origin',(-45.0198924891028,65.0465809896012,0.));
#13516=CARTESIAN_POINT('',(-43.2198924891028,65.0465809896012,0.));
#13517=CARTESIAN_POINT('Origin',(-45.0198924891028,65.0465809896012,0.));
#13518=CARTESIAN_POINT('Origin',(-45.0198924891028,65.0465809896012,0.));
#13519=CARTESIAN_POINT('',(-48.2198924891028,65.0465809896012,4.8));
#13520=CARTESIAN_POINT('Origin',(-45.0198924891028,65.0465809896012,4.8));
#13521=CARTESIAN_POINT('',(-48.2198924891028,65.0465809896012,0.));
#13522=CARTESIAN_POINT('Origin',(-45.0198924891028,65.0465809896012,0.2));
#13523=CARTESIAN_POINT('',(-46.6198924891028,65.0465809896012,0.2));
#13524=CARTESIAN_POINT('',(-43.4198924891028,65.0465809896012,0.2));
#13525=CARTESIAN_POINT('Origin',(-45.0198924891028,65.0465809896012,0.2));
#13526=CARTESIAN_POINT('Origin',(-43.2198924891028,65.0465809896012,0.2));
#13527=CARTESIAN_POINT('Origin',(-45.0198924891028,65.0465809896012,0.2));
#13528=CARTESIAN_POINT('Origin',(-45.0198924891028,65.0465809896012,0.));
#13529=CARTESIAN_POINT('',(-46.6198924891028,65.0465809896012,4.8));
#13530=CARTESIAN_POINT('',(-43.4198924891028,65.0465809896012,4.8));
#13531=CARTESIAN_POINT('Origin',(-45.0198924891028,65.0465809896012,4.8));
#13532=CARTESIAN_POINT('',(-46.6198924891028,65.0465809896012,0.));
#13533=CARTESIAN_POINT('Origin',(-45.0198924891028,65.0465809896012,4.8));
#13534=CARTESIAN_POINT('Origin',(-45.0198924891028,65.0465809896012,4.8));
#13535=CARTESIAN_POINT('',(-48.0198924891029,65.0465809896012,5.));
#13536=CARTESIAN_POINT('Origin',(-45.0198924891028,65.0465809896012,5.));
#13537=CARTESIAN_POINT('Origin',(-48.0198924891028,65.0465809896012,4.8));
#13538=CARTESIAN_POINT('Origin',(-45.0198924891028,65.0465809896012,5.));
#13539=CARTESIAN_POINT('',(-43.2198924891028,65.0465809896012,5.));
#13540=CARTESIAN_POINT('Origin',(-45.0198924891028,65.0465809896012,5.));
#13541=CARTESIAN_POINT('Origin',(-45.0198924891028,65.0465809896012,4.8));
#13542=CARTESIAN_POINT('Origin',(-43.2198924891028,65.0465809896012,4.8));
#13543=CARTESIAN_POINT('Origin',(-55.0198924891028,65.0465809896012,0.2));
#13544=CARTESIAN_POINT('',(-58.2198924891028,65.0465809896012,0.2));
#13545=CARTESIAN_POINT('Origin',(-55.0198924891028,65.0465809896012,0.2));
#13546=CARTESIAN_POINT('',(-58.0198924891029,65.0465809896012,0.));
#13547=CARTESIAN_POINT('Origin',(-58.0198924891028,65.0465809896012,0.2));
#13548=CARTESIAN_POINT('Origin',(-55.0198924891028,65.0465809896012,0.));
#13549=CARTESIAN_POINT('Origin',(-55.0198924891028,65.0465809896012,0.));
#13550=CARTESIAN_POINT('',(-53.2198924891028,65.0465809896012,0.));
#13551=CARTESIAN_POINT('Origin',(-55.0198924891028,65.0465809896012,0.));
#13552=CARTESIAN_POINT('Origin',(-55.0198924891028,65.0465809896012,0.));
#13553=CARTESIAN_POINT('',(-58.2198924891028,65.0465809896012,4.8));
#13554=CARTESIAN_POINT('Origin',(-55.0198924891028,65.0465809896012,4.8));
#13555=CARTESIAN_POINT('',(-58.2198924891028,65.0465809896012,0.));
#13556=CARTESIAN_POINT('Origin',(-55.0198924891028,65.0465809896012,0.2));
#13557=CARTESIAN_POINT('',(-56.6198924891028,65.0465809896012,0.2));
#13558=CARTESIAN_POINT('',(-53.4198924891028,65.0465809896012,0.2));
#13559=CARTESIAN_POINT('Origin',(-55.0198924891028,65.0465809896012,0.2));
#13560=CARTESIAN_POINT('Origin',(-53.2198924891028,65.0465809896012,0.2));
#13561=CARTESIAN_POINT('Origin',(-55.0198924891028,65.0465809896012,0.2));
#13562=CARTESIAN_POINT('Origin',(-55.0198924891028,65.0465809896012,0.));
#13563=CARTESIAN_POINT('',(-56.6198924891028,65.0465809896012,4.8));
#13564=CARTESIAN_POINT('',(-53.4198924891028,65.0465809896012,4.8));
#13565=CARTESIAN_POINT('Origin',(-55.0198924891028,65.0465809896012,4.8));
#13566=CARTESIAN_POINT('',(-56.6198924891028,65.0465809896012,0.));
#13567=CARTESIAN_POINT('Origin',(-55.0198924891028,65.0465809896012,4.8));
#13568=CARTESIAN_POINT('Origin',(-55.0198924891028,65.0465809896012,4.8));
#13569=CARTESIAN_POINT('',(-58.0198924891029,65.0465809896012,5.));
#13570=CARTESIAN_POINT('Origin',(-55.0198924891028,65.0465809896012,5.));
#13571=CARTESIAN_POINT('Origin',(-58.0198924891028,65.0465809896012,4.8));
#13572=CARTESIAN_POINT('Origin',(-55.0198924891028,65.0465809896012,5.));
#13573=CARTESIAN_POINT('',(-53.2198924891028,65.0465809896012,5.));
#13574=CARTESIAN_POINT('Origin',(-55.0198924891028,65.0465809896012,5.));
#13575=CARTESIAN_POINT('Origin',(-55.0198924891028,65.0465809896012,4.8));
#13576=CARTESIAN_POINT('Origin',(-53.2198924891028,65.0465809896012,4.8));
#13577=CARTESIAN_POINT('Origin',(-65.0198924891028,65.0465809896012,0.2));
#13578=CARTESIAN_POINT('',(-68.2198924891028,65.0465809896012,0.2));
#13579=CARTESIAN_POINT('Origin',(-65.0198924891028,65.0465809896012,0.2));
#13580=CARTESIAN_POINT('',(-68.0198924891029,65.0465809896012,0.));
#13581=CARTESIAN_POINT('Origin',(-68.0198924891028,65.0465809896012,0.2));
#13582=CARTESIAN_POINT('Origin',(-65.0198924891028,65.0465809896012,0.));
#13583=CARTESIAN_POINT('Origin',(-65.0198924891028,65.0465809896012,0.));
#13584=CARTESIAN_POINT('',(-63.2198924891028,65.0465809896012,0.));
#13585=CARTESIAN_POINT('Origin',(-65.0198924891028,65.0465809896012,0.));
#13586=CARTESIAN_POINT('Origin',(-65.0198924891028,65.0465809896012,0.));
#13587=CARTESIAN_POINT('',(-68.2198924891028,65.0465809896012,4.8));
#13588=CARTESIAN_POINT('Origin',(-65.0198924891028,65.0465809896012,4.8));
#13589=CARTESIAN_POINT('',(-68.2198924891028,65.0465809896012,0.));
#13590=CARTESIAN_POINT('Origin',(-65.0198924891028,65.0465809896012,0.2));
#13591=CARTESIAN_POINT('',(-66.6198924891029,65.0465809896012,0.2));
#13592=CARTESIAN_POINT('',(-63.4198924891028,65.0465809896012,0.2));
#13593=CARTESIAN_POINT('Origin',(-65.0198924891028,65.0465809896012,0.2));
#13594=CARTESIAN_POINT('Origin',(-63.2198924891028,65.0465809896012,0.2));
#13595=CARTESIAN_POINT('Origin',(-65.0198924891028,65.0465809896012,0.2));
#13596=CARTESIAN_POINT('Origin',(-65.0198924891028,65.0465809896012,0.));
#13597=CARTESIAN_POINT('',(-66.6198924891029,65.0465809896012,4.8));
#13598=CARTESIAN_POINT('',(-63.4198924891028,65.0465809896012,4.8));
#13599=CARTESIAN_POINT('Origin',(-65.0198924891028,65.0465809896012,4.8));
#13600=CARTESIAN_POINT('',(-66.6198924891029,65.0465809896012,0.));
#13601=CARTESIAN_POINT('Origin',(-65.0198924891028,65.0465809896012,4.8));
#13602=CARTESIAN_POINT('Origin',(-65.0198924891028,65.0465809896012,4.8));
#13603=CARTESIAN_POINT('',(-68.0198924891029,65.0465809896012,5.));
#13604=CARTESIAN_POINT('Origin',(-65.0198924891028,65.0465809896012,5.));
#13605=CARTESIAN_POINT('Origin',(-68.0198924891028,65.0465809896012,4.8));
#13606=CARTESIAN_POINT('Origin',(-65.0198924891028,65.0465809896012,5.));
#13607=CARTESIAN_POINT('',(-63.2198924891028,65.0465809896012,5.));
#13608=CARTESIAN_POINT('Origin',(-65.0198924891028,65.0465809896012,5.));
#13609=CARTESIAN_POINT('Origin',(-65.0198924891028,65.0465809896012,4.8));
#13610=CARTESIAN_POINT('Origin',(-63.2198924891028,65.0465809896012,4.8));
#13611=CARTESIAN_POINT('Origin',(-75.0198924891028,65.0465809896012,0.2));
#13612=CARTESIAN_POINT('',(-78.2198924891028,65.0465809896012,0.2));
#13613=CARTESIAN_POINT('Origin',(-75.0198924891028,65.0465809896012,0.2));
#13614=CARTESIAN_POINT('',(-78.0198924891029,65.0465809896012,0.));
#13615=CARTESIAN_POINT('Origin',(-78.0198924891028,65.0465809896012,0.2));
#13616=CARTESIAN_POINT('Origin',(-75.0198924891028,65.0465809896012,0.));
#13617=CARTESIAN_POINT('Origin',(-75.0198924891028,65.0465809896012,0.));
#13618=CARTESIAN_POINT('',(-73.2198924891028,65.0465809896012,0.));
#13619=CARTESIAN_POINT('Origin',(-75.0198924891028,65.0465809896012,0.));
#13620=CARTESIAN_POINT('Origin',(-75.0198924891028,65.0465809896012,0.));
#13621=CARTESIAN_POINT('',(-78.2198924891028,65.0465809896012,4.8));
#13622=CARTESIAN_POINT('Origin',(-75.0198924891028,65.0465809896012,4.8));
#13623=CARTESIAN_POINT('',(-78.2198924891028,65.0465809896012,0.));
#13624=CARTESIAN_POINT('Origin',(-75.0198924891028,65.0465809896012,0.2));
#13625=CARTESIAN_POINT('',(-76.6198924891029,65.0465809896012,0.2));
#13626=CARTESIAN_POINT('',(-73.4198924891028,65.0465809896012,0.2));
#13627=CARTESIAN_POINT('Origin',(-75.0198924891028,65.0465809896012,0.2));
#13628=CARTESIAN_POINT('Origin',(-73.2198924891028,65.0465809896012,0.2));
#13629=CARTESIAN_POINT('Origin',(-75.0198924891028,65.0465809896012,0.2));
#13630=CARTESIAN_POINT('Origin',(-75.0198924891028,65.0465809896012,0.));
#13631=CARTESIAN_POINT('',(-76.6198924891029,65.0465809896012,4.8));
#13632=CARTESIAN_POINT('',(-73.4198924891028,65.0465809896012,4.8));
#13633=CARTESIAN_POINT('Origin',(-75.0198924891028,65.0465809896012,4.8));
#13634=CARTESIAN_POINT('',(-76.6198924891029,65.0465809896012,0.));
#13635=CARTESIAN_POINT('Origin',(-75.0198924891028,65.0465809896012,4.8));
#13636=CARTESIAN_POINT('Origin',(-75.0198924891028,65.0465809896012,4.8));
#13637=CARTESIAN_POINT('',(-78.0198924891029,65.0465809896012,5.));
#13638=CARTESIAN_POINT('Origin',(-75.0198924891028,65.0465809896012,5.));
#13639=CARTESIAN_POINT('Origin',(-78.0198924891028,65.0465809896012,4.8));
#13640=CARTESIAN_POINT('Origin',(-75.0198924891028,65.0465809896012,5.));
#13641=CARTESIAN_POINT('',(-73.2198924891028,65.0465809896012,5.));
#13642=CARTESIAN_POINT('Origin',(-75.0198924891028,65.0465809896012,5.));
#13643=CARTESIAN_POINT('Origin',(-75.0198924891028,65.0465809896012,4.8));
#13644=CARTESIAN_POINT('Origin',(-73.2198924891028,65.0465809896012,4.8));
#13645=CARTESIAN_POINT('Origin',(-5.01989248910285,75.0465809896012,0.2));
#13646=CARTESIAN_POINT('',(-8.21989248910285,75.0465809896012,0.2));
#13647=CARTESIAN_POINT('Origin',(-5.01989248910285,75.0465809896012,0.2));
#13648=CARTESIAN_POINT('',(-8.01989248910285,75.0465809896012,0.));
#13649=CARTESIAN_POINT('Origin',(-8.01989248910285,75.0465809896012,0.2));
#13650=CARTESIAN_POINT('Origin',(-5.01989248910285,75.0465809896012,0.));
#13651=CARTESIAN_POINT('Origin',(-5.01989248910285,75.0465809896012,0.));
#13652=CARTESIAN_POINT('',(-3.21989248910285,75.0465809896012,0.));
#13653=CARTESIAN_POINT('Origin',(-5.01989248910285,75.0465809896012,0.));
#13654=CARTESIAN_POINT('Origin',(-5.01989248910285,75.0465809896012,0.));
#13655=CARTESIAN_POINT('',(-8.21989248910285,75.0465809896012,4.8));
#13656=CARTESIAN_POINT('Origin',(-5.01989248910285,75.0465809896012,4.8));
#13657=CARTESIAN_POINT('',(-8.21989248910285,75.0465809896012,0.));
#13658=CARTESIAN_POINT('Origin',(-5.01989248910285,75.0465809896012,0.2));
#13659=CARTESIAN_POINT('',(-6.61989248910285,75.0465809896012,0.2));
#13660=CARTESIAN_POINT('',(-3.41989248910285,75.0465809896012,0.2));
#13661=CARTESIAN_POINT('Origin',(-5.01989248910285,75.0465809896012,0.2));
#13662=CARTESIAN_POINT('Origin',(-3.21989248910285,75.0465809896012,0.2));
#13663=CARTESIAN_POINT('Origin',(-5.01989248910285,75.0465809896012,0.2));
#13664=CARTESIAN_POINT('Origin',(-5.01989248910285,75.0465809896012,0.));
#13665=CARTESIAN_POINT('',(-6.61989248910285,75.0465809896012,4.8));
#13666=CARTESIAN_POINT('',(-3.41989248910285,75.0465809896012,4.8));
#13667=CARTESIAN_POINT('Origin',(-5.01989248910285,75.0465809896012,4.8));
#13668=CARTESIAN_POINT('',(-6.61989248910285,75.0465809896012,0.));
#13669=CARTESIAN_POINT('Origin',(-5.01989248910285,75.0465809896012,4.8));
#13670=CARTESIAN_POINT('Origin',(-5.01989248910285,75.0465809896012,4.8));
#13671=CARTESIAN_POINT('',(-8.01989248910285,75.0465809896012,5.));
#13672=CARTESIAN_POINT('Origin',(-5.01989248910285,75.0465809896012,5.));
#13673=CARTESIAN_POINT('Origin',(-8.01989248910285,75.0465809896012,4.8));
#13674=CARTESIAN_POINT('Origin',(-5.01989248910285,75.0465809896012,5.));
#13675=CARTESIAN_POINT('',(-3.21989248910285,75.0465809896012,5.));
#13676=CARTESIAN_POINT('Origin',(-5.01989248910285,75.0465809896012,5.));
#13677=CARTESIAN_POINT('Origin',(-5.01989248910285,75.0465809896012,4.8));
#13678=CARTESIAN_POINT('Origin',(-3.21989248910285,75.0465809896012,4.8));
#13679=CARTESIAN_POINT('Origin',(-15.0198924891028,75.0465809896012,0.2));
#13680=CARTESIAN_POINT('',(-18.2198924891029,75.0465809896012,0.2));
#13681=CARTESIAN_POINT('Origin',(-15.0198924891028,75.0465809896012,0.2));
#13682=CARTESIAN_POINT('',(-18.0198924891028,75.0465809896012,0.));
#13683=CARTESIAN_POINT('Origin',(-18.0198924891028,75.0465809896012,0.2));
#13684=CARTESIAN_POINT('Origin',(-15.0198924891028,75.0465809896012,0.));
#13685=CARTESIAN_POINT('Origin',(-15.0198924891028,75.0465809896012,0.));
#13686=CARTESIAN_POINT('',(-13.2198924891028,75.0465809896012,0.));
#13687=CARTESIAN_POINT('Origin',(-15.0198924891028,75.0465809896012,0.));
#13688=CARTESIAN_POINT('Origin',(-15.0198924891028,75.0465809896012,0.));
#13689=CARTESIAN_POINT('',(-18.2198924891029,75.0465809896012,4.8));
#13690=CARTESIAN_POINT('Origin',(-15.0198924891028,75.0465809896012,4.8));
#13691=CARTESIAN_POINT('',(-18.2198924891029,75.0465809896012,0.));
#13692=CARTESIAN_POINT('Origin',(-15.0198924891028,75.0465809896012,0.2));
#13693=CARTESIAN_POINT('',(-16.6198924891028,75.0465809896012,0.2));
#13694=CARTESIAN_POINT('',(-13.4198924891028,75.0465809896012,0.2));
#13695=CARTESIAN_POINT('Origin',(-15.0198924891028,75.0465809896012,0.2));
#13696=CARTESIAN_POINT('Origin',(-13.2198924891028,75.0465809896012,0.2));
#13697=CARTESIAN_POINT('Origin',(-15.0198924891028,75.0465809896012,0.2));
#13698=CARTESIAN_POINT('Origin',(-15.0198924891028,75.0465809896012,0.));
#13699=CARTESIAN_POINT('',(-16.6198924891028,75.0465809896012,4.8));
#13700=CARTESIAN_POINT('',(-13.4198924891028,75.0465809896012,4.8));
#13701=CARTESIAN_POINT('Origin',(-15.0198924891028,75.0465809896012,4.8));
#13702=CARTESIAN_POINT('',(-16.6198924891028,75.0465809896012,0.));
#13703=CARTESIAN_POINT('Origin',(-15.0198924891028,75.0465809896012,4.8));
#13704=CARTESIAN_POINT('Origin',(-15.0198924891028,75.0465809896012,4.8));
#13705=CARTESIAN_POINT('',(-18.0198924891028,75.0465809896012,5.));
#13706=CARTESIAN_POINT('Origin',(-15.0198924891028,75.0465809896012,5.));
#13707=CARTESIAN_POINT('Origin',(-18.0198924891028,75.0465809896012,4.8));
#13708=CARTESIAN_POINT('Origin',(-15.0198924891028,75.0465809896012,5.));
#13709=CARTESIAN_POINT('',(-13.2198924891028,75.0465809896012,5.));
#13710=CARTESIAN_POINT('Origin',(-15.0198924891028,75.0465809896012,5.));
#13711=CARTESIAN_POINT('Origin',(-15.0198924891028,75.0465809896012,4.8));
#13712=CARTESIAN_POINT('Origin',(-13.2198924891028,75.0465809896012,4.8));
#13713=CARTESIAN_POINT('Origin',(-25.0198924891028,75.0465809896012,0.2));
#13714=CARTESIAN_POINT('',(-28.2198924891028,75.0465809896012,0.2));
#13715=CARTESIAN_POINT('Origin',(-25.0198924891028,75.0465809896012,0.2));
#13716=CARTESIAN_POINT('',(-28.0198924891028,75.0465809896012,0.));
#13717=CARTESIAN_POINT('Origin',(-28.0198924891028,75.0465809896012,0.2));
#13718=CARTESIAN_POINT('Origin',(-25.0198924891028,75.0465809896012,0.));
#13719=CARTESIAN_POINT('Origin',(-25.0198924891028,75.0465809896012,0.));
#13720=CARTESIAN_POINT('',(-23.2198924891028,75.0465809896012,0.));
#13721=CARTESIAN_POINT('Origin',(-25.0198924891028,75.0465809896012,0.));
#13722=CARTESIAN_POINT('Origin',(-25.0198924891028,75.0465809896012,0.));
#13723=CARTESIAN_POINT('',(-28.2198924891028,75.0465809896012,4.8));
#13724=CARTESIAN_POINT('Origin',(-25.0198924891028,75.0465809896012,4.8));
#13725=CARTESIAN_POINT('',(-28.2198924891028,75.0465809896012,0.));
#13726=CARTESIAN_POINT('Origin',(-25.0198924891028,75.0465809896012,0.2));
#13727=CARTESIAN_POINT('',(-26.6198924891028,75.0465809896012,0.2));
#13728=CARTESIAN_POINT('',(-23.4198924891028,75.0465809896012,0.2));
#13729=CARTESIAN_POINT('Origin',(-25.0198924891028,75.0465809896012,0.2));
#13730=CARTESIAN_POINT('Origin',(-23.2198924891028,75.0465809896012,0.2));
#13731=CARTESIAN_POINT('Origin',(-25.0198924891028,75.0465809896012,0.2));
#13732=CARTESIAN_POINT('Origin',(-25.0198924891028,75.0465809896012,0.));
#13733=CARTESIAN_POINT('',(-26.6198924891028,75.0465809896012,4.8));
#13734=CARTESIAN_POINT('',(-23.4198924891028,75.0465809896012,4.8));
#13735=CARTESIAN_POINT('Origin',(-25.0198924891028,75.0465809896012,4.8));
#13736=CARTESIAN_POINT('',(-26.6198924891028,75.0465809896012,0.));
#13737=CARTESIAN_POINT('Origin',(-25.0198924891028,75.0465809896012,4.8));
#13738=CARTESIAN_POINT('Origin',(-25.0198924891028,75.0465809896012,4.8));
#13739=CARTESIAN_POINT('',(-28.0198924891028,75.0465809896012,5.));
#13740=CARTESIAN_POINT('Origin',(-25.0198924891028,75.0465809896012,5.));
#13741=CARTESIAN_POINT('Origin',(-28.0198924891028,75.0465809896012,4.8));
#13742=CARTESIAN_POINT('Origin',(-25.0198924891028,75.0465809896012,5.));
#13743=CARTESIAN_POINT('',(-23.2198924891028,75.0465809896012,5.));
#13744=CARTESIAN_POINT('Origin',(-25.0198924891028,75.0465809896012,5.));
#13745=CARTESIAN_POINT('Origin',(-25.0198924891028,75.0465809896012,4.8));
#13746=CARTESIAN_POINT('Origin',(-23.2198924891028,75.0465809896012,4.8));
#13747=CARTESIAN_POINT('Origin',(-35.0198924891028,75.0465809896012,0.2));
#13748=CARTESIAN_POINT('',(-38.2198924891028,75.0465809896012,0.2));
#13749=CARTESIAN_POINT('Origin',(-35.0198924891028,75.0465809896012,0.2));
#13750=CARTESIAN_POINT('',(-38.0198924891028,75.0465809896012,0.));
#13751=CARTESIAN_POINT('Origin',(-38.0198924891028,75.0465809896012,0.2));
#13752=CARTESIAN_POINT('Origin',(-35.0198924891028,75.0465809896012,0.));
#13753=CARTESIAN_POINT('Origin',(-35.0198924891028,75.0465809896012,0.));
#13754=CARTESIAN_POINT('',(-33.2198924891028,75.0465809896012,0.));
#13755=CARTESIAN_POINT('Origin',(-35.0198924891028,75.0465809896012,0.));
#13756=CARTESIAN_POINT('Origin',(-35.0198924891028,75.0465809896012,0.));
#13757=CARTESIAN_POINT('',(-38.2198924891028,75.0465809896012,4.8));
#13758=CARTESIAN_POINT('Origin',(-35.0198924891028,75.0465809896012,4.8));
#13759=CARTESIAN_POINT('',(-38.2198924891028,75.0465809896012,0.));
#13760=CARTESIAN_POINT('Origin',(-35.0198924891028,75.0465809896012,0.2));
#13761=CARTESIAN_POINT('',(-36.6198924891028,75.0465809896012,0.2));
#13762=CARTESIAN_POINT('',(-33.4198924891028,75.0465809896012,0.2));
#13763=CARTESIAN_POINT('Origin',(-35.0198924891028,75.0465809896012,0.2));
#13764=CARTESIAN_POINT('Origin',(-33.2198924891028,75.0465809896012,0.2));
#13765=CARTESIAN_POINT('Origin',(-35.0198924891028,75.0465809896012,0.2));
#13766=CARTESIAN_POINT('Origin',(-35.0198924891028,75.0465809896012,0.));
#13767=CARTESIAN_POINT('',(-36.6198924891028,75.0465809896012,4.8));
#13768=CARTESIAN_POINT('',(-33.4198924891028,75.0465809896012,4.8));
#13769=CARTESIAN_POINT('Origin',(-35.0198924891028,75.0465809896012,4.8));
#13770=CARTESIAN_POINT('',(-36.6198924891028,75.0465809896012,0.));
#13771=CARTESIAN_POINT('Origin',(-35.0198924891028,75.0465809896012,4.8));
#13772=CARTESIAN_POINT('Origin',(-35.0198924891028,75.0465809896012,4.8));
#13773=CARTESIAN_POINT('',(-38.0198924891028,75.0465809896012,5.));
#13774=CARTESIAN_POINT('Origin',(-35.0198924891028,75.0465809896012,5.));
#13775=CARTESIAN_POINT('Origin',(-38.0198924891028,75.0465809896012,4.8));
#13776=CARTESIAN_POINT('Origin',(-35.0198924891028,75.0465809896012,5.));
#13777=CARTESIAN_POINT('',(-33.2198924891028,75.0465809896012,5.));
#13778=CARTESIAN_POINT('Origin',(-35.0198924891028,75.0465809896012,5.));
#13779=CARTESIAN_POINT('Origin',(-35.0198924891028,75.0465809896012,4.8));
#13780=CARTESIAN_POINT('Origin',(-33.2198924891028,75.0465809896012,4.8));
#13781=CARTESIAN_POINT('Origin',(-45.0198924891028,75.0465809896012,0.2));
#13782=CARTESIAN_POINT('',(-48.2198924891028,75.0465809896012,0.2));
#13783=CARTESIAN_POINT('Origin',(-45.0198924891028,75.0465809896012,0.2));
#13784=CARTESIAN_POINT('',(-48.0198924891029,75.0465809896012,0.));
#13785=CARTESIAN_POINT('Origin',(-48.0198924891028,75.0465809896012,0.2));
#13786=CARTESIAN_POINT('Origin',(-45.0198924891028,75.0465809896012,0.));
#13787=CARTESIAN_POINT('Origin',(-45.0198924891028,75.0465809896012,0.));
#13788=CARTESIAN_POINT('',(-43.2198924891028,75.0465809896012,0.));
#13789=CARTESIAN_POINT('Origin',(-45.0198924891028,75.0465809896012,0.));
#13790=CARTESIAN_POINT('Origin',(-45.0198924891028,75.0465809896012,0.));
#13791=CARTESIAN_POINT('',(-48.2198924891028,75.0465809896012,4.8));
#13792=CARTESIAN_POINT('Origin',(-45.0198924891028,75.0465809896012,4.8));
#13793=CARTESIAN_POINT('',(-48.2198924891028,75.0465809896012,0.));
#13794=CARTESIAN_POINT('Origin',(-45.0198924891028,75.0465809896012,0.2));
#13795=CARTESIAN_POINT('',(-46.6198924891028,75.0465809896012,0.2));
#13796=CARTESIAN_POINT('',(-43.4198924891028,75.0465809896012,0.2));
#13797=CARTESIAN_POINT('Origin',(-45.0198924891028,75.0465809896012,0.2));
#13798=CARTESIAN_POINT('Origin',(-43.2198924891028,75.0465809896012,0.2));
#13799=CARTESIAN_POINT('Origin',(-45.0198924891028,75.0465809896012,0.2));
#13800=CARTESIAN_POINT('Origin',(-45.0198924891028,75.0465809896012,0.));
#13801=CARTESIAN_POINT('',(-46.6198924891028,75.0465809896012,4.8));
#13802=CARTESIAN_POINT('',(-43.4198924891028,75.0465809896012,4.8));
#13803=CARTESIAN_POINT('Origin',(-45.0198924891028,75.0465809896012,4.8));
#13804=CARTESIAN_POINT('',(-46.6198924891028,75.0465809896012,0.));
#13805=CARTESIAN_POINT('Origin',(-45.0198924891028,75.0465809896012,4.8));
#13806=CARTESIAN_POINT('Origin',(-45.0198924891028,75.0465809896012,4.8));
#13807=CARTESIAN_POINT('',(-48.0198924891029,75.0465809896012,5.));
#13808=CARTESIAN_POINT('Origin',(-45.0198924891028,75.0465809896012,5.));
#13809=CARTESIAN_POINT('Origin',(-48.0198924891028,75.0465809896012,4.8));
#13810=CARTESIAN_POINT('Origin',(-45.0198924891028,75.0465809896012,5.));
#13811=CARTESIAN_POINT('',(-43.2198924891028,75.0465809896012,5.));
#13812=CARTESIAN_POINT('Origin',(-45.0198924891028,75.0465809896012,5.));
#13813=CARTESIAN_POINT('Origin',(-45.0198924891028,75.0465809896012,4.8));
#13814=CARTESIAN_POINT('Origin',(-43.2198924891028,75.0465809896012,4.8));
#13815=CARTESIAN_POINT('Origin',(-55.0198924891028,75.0465809896012,0.2));
#13816=CARTESIAN_POINT('',(-58.2198924891028,75.0465809896012,0.2));
#13817=CARTESIAN_POINT('Origin',(-55.0198924891028,75.0465809896012,0.2));
#13818=CARTESIAN_POINT('',(-58.0198924891029,75.0465809896012,0.));
#13819=CARTESIAN_POINT('Origin',(-58.0198924891028,75.0465809896012,0.2));
#13820=CARTESIAN_POINT('Origin',(-55.0198924891028,75.0465809896012,0.));
#13821=CARTESIAN_POINT('Origin',(-55.0198924891028,75.0465809896012,0.));
#13822=CARTESIAN_POINT('',(-53.2198924891028,75.0465809896012,0.));
#13823=CARTESIAN_POINT('Origin',(-55.0198924891028,75.0465809896012,0.));
#13824=CARTESIAN_POINT('Origin',(-55.0198924891028,75.0465809896012,0.));
#13825=CARTESIAN_POINT('',(-58.2198924891028,75.0465809896012,4.8));
#13826=CARTESIAN_POINT('Origin',(-55.0198924891028,75.0465809896012,4.8));
#13827=CARTESIAN_POINT('',(-58.2198924891028,75.0465809896012,0.));
#13828=CARTESIAN_POINT('Origin',(-55.0198924891028,75.0465809896012,0.2));
#13829=CARTESIAN_POINT('',(-56.6198924891028,75.0465809896012,0.2));
#13830=CARTESIAN_POINT('',(-53.4198924891028,75.0465809896012,0.2));
#13831=CARTESIAN_POINT('Origin',(-55.0198924891028,75.0465809896012,0.2));
#13832=CARTESIAN_POINT('Origin',(-53.2198924891028,75.0465809896012,0.2));
#13833=CARTESIAN_POINT('Origin',(-55.0198924891028,75.0465809896012,0.2));
#13834=CARTESIAN_POINT('Origin',(-55.0198924891028,75.0465809896012,0.));
#13835=CARTESIAN_POINT('',(-56.6198924891028,75.0465809896012,4.8));
#13836=CARTESIAN_POINT('',(-53.4198924891028,75.0465809896012,4.8));
#13837=CARTESIAN_POINT('Origin',(-55.0198924891028,75.0465809896012,4.8));
#13838=CARTESIAN_POINT('',(-56.6198924891028,75.0465809896012,0.));
#13839=CARTESIAN_POINT('Origin',(-55.0198924891028,75.0465809896012,4.8));
#13840=CARTESIAN_POINT('Origin',(-55.0198924891028,75.0465809896012,4.8));
#13841=CARTESIAN_POINT('',(-58.0198924891029,75.0465809896012,5.));
#13842=CARTESIAN_POINT('Origin',(-55.0198924891028,75.0465809896012,5.));
#13843=CARTESIAN_POINT('Origin',(-58.0198924891028,75.0465809896012,4.8));
#13844=CARTESIAN_POINT('Origin',(-55.0198924891028,75.0465809896012,5.));
#13845=CARTESIAN_POINT('',(-53.2198924891028,75.0465809896012,5.));
#13846=CARTESIAN_POINT('Origin',(-55.0198924891028,75.0465809896012,5.));
#13847=CARTESIAN_POINT('Origin',(-55.0198924891028,75.0465809896012,4.8));
#13848=CARTESIAN_POINT('Origin',(-53.2198924891028,75.0465809896012,4.8));
#13849=CARTESIAN_POINT('Origin',(-65.0198924891028,75.0465809896012,0.2));
#13850=CARTESIAN_POINT('',(-68.2198924891028,75.0465809896012,0.2));
#13851=CARTESIAN_POINT('Origin',(-65.0198924891028,75.0465809896012,0.2));
#13852=CARTESIAN_POINT('',(-68.0198924891029,75.0465809896012,0.));
#13853=CARTESIAN_POINT('Origin',(-68.0198924891028,75.0465809896012,0.2));
#13854=CARTESIAN_POINT('Origin',(-65.0198924891028,75.0465809896012,0.));
#13855=CARTESIAN_POINT('Origin',(-65.0198924891028,75.0465809896012,0.));
#13856=CARTESIAN_POINT('',(-63.2198924891028,75.0465809896012,0.));
#13857=CARTESIAN_POINT('Origin',(-65.0198924891028,75.0465809896012,0.));
#13858=CARTESIAN_POINT('Origin',(-65.0198924891028,75.0465809896012,0.));
#13859=CARTESIAN_POINT('',(-68.2198924891028,75.0465809896012,4.8));
#13860=CARTESIAN_POINT('Origin',(-65.0198924891028,75.0465809896012,4.8));
#13861=CARTESIAN_POINT('',(-68.2198924891028,75.0465809896012,0.));
#13862=CARTESIAN_POINT('Origin',(-65.0198924891028,75.0465809896012,0.2));
#13863=CARTESIAN_POINT('',(-66.6198924891029,75.0465809896012,0.2));
#13864=CARTESIAN_POINT('',(-63.4198924891028,75.0465809896012,0.2));
#13865=CARTESIAN_POINT('Origin',(-65.0198924891028,75.0465809896012,0.2));
#13866=CARTESIAN_POINT('Origin',(-63.2198924891028,75.0465809896012,0.2));
#13867=CARTESIAN_POINT('Origin',(-65.0198924891028,75.0465809896012,0.2));
#13868=CARTESIAN_POINT('Origin',(-65.0198924891028,75.0465809896012,0.));
#13869=CARTESIAN_POINT('',(-66.6198924891029,75.0465809896012,4.8));
#13870=CARTESIAN_POINT('',(-63.4198924891028,75.0465809896012,4.8));
#13871=CARTESIAN_POINT('Origin',(-65.0198924891028,75.0465809896012,4.8));
#13872=CARTESIAN_POINT('',(-66.6198924891029,75.0465809896012,0.));
#13873=CARTESIAN_POINT('Origin',(-65.0198924891028,75.0465809896012,4.8));
#13874=CARTESIAN_POINT('Origin',(-65.0198924891028,75.0465809896012,4.8));
#13875=CARTESIAN_POINT('',(-68.0198924891029,75.0465809896012,5.));
#13876=CARTESIAN_POINT('Origin',(-65.0198924891028,75.0465809896012,5.));
#13877=CARTESIAN_POINT('Origin',(-68.0198924891028,75.0465809896012,4.8));
#13878=CARTESIAN_POINT('Origin',(-65.0198924891028,75.0465809896012,5.));
#13879=CARTESIAN_POINT('',(-63.2198924891028,75.0465809896012,5.));
#13880=CARTESIAN_POINT('Origin',(-65.0198924891028,75.0465809896012,5.));
#13881=CARTESIAN_POINT('Origin',(-65.0198924891028,75.0465809896012,4.8));
#13882=CARTESIAN_POINT('Origin',(-63.2198924891028,75.0465809896012,4.8));
#13883=CARTESIAN_POINT('Origin',(-75.0198924891028,75.0465809896012,0.2));
#13884=CARTESIAN_POINT('',(-78.2198924891028,75.0465809896012,0.2));
#13885=CARTESIAN_POINT('Origin',(-75.0198924891028,75.0465809896012,0.2));
#13886=CARTESIAN_POINT('',(-78.0198924891029,75.0465809896012,0.));
#13887=CARTESIAN_POINT('Origin',(-78.0198924891028,75.0465809896012,0.2));
#13888=CARTESIAN_POINT('Origin',(-75.0198924891028,75.0465809896012,0.));
#13889=CARTESIAN_POINT('Origin',(-75.0198924891028,75.0465809896012,0.));
#13890=CARTESIAN_POINT('',(-73.2198924891028,75.0465809896012,0.));
#13891=CARTESIAN_POINT('Origin',(-75.0198924891028,75.0465809896012,0.));
#13892=CARTESIAN_POINT('Origin',(-75.0198924891028,75.0465809896012,0.));
#13893=CARTESIAN_POINT('',(-78.2198924891028,75.0465809896012,4.8));
#13894=CARTESIAN_POINT('Origin',(-75.0198924891028,75.0465809896012,4.8));
#13895=CARTESIAN_POINT('',(-78.2198924891028,75.0465809896012,0.));
#13896=CARTESIAN_POINT('Origin',(-75.0198924891028,75.0465809896012,0.2));
#13897=CARTESIAN_POINT('',(-76.6198924891029,75.0465809896012,0.2));
#13898=CARTESIAN_POINT('',(-73.4198924891028,75.0465809896012,0.2));
#13899=CARTESIAN_POINT('Origin',(-75.0198924891028,75.0465809896012,0.2));
#13900=CARTESIAN_POINT('Origin',(-73.2198924891028,75.0465809896012,0.2));
#13901=CARTESIAN_POINT('Origin',(-75.0198924891028,75.0465809896012,0.2));
#13902=CARTESIAN_POINT('Origin',(-75.0198924891028,75.0465809896012,0.));
#13903=CARTESIAN_POINT('',(-76.6198924891029,75.0465809896012,4.8));
#13904=CARTESIAN_POINT('',(-73.4198924891028,75.0465809896012,4.8));
#13905=CARTESIAN_POINT('Origin',(-75.0198924891028,75.0465809896012,4.8));
#13906=CARTESIAN_POINT('',(-76.6198924891029,75.0465809896012,0.));
#13907=CARTESIAN_POINT('Origin',(-75.0198924891028,75.0465809896012,4.8));
#13908=CARTESIAN_POINT('Origin',(-75.0198924891028,75.0465809896012,4.8));
#13909=CARTESIAN_POINT('',(-78.0198924891029,75.0465809896012,5.));
#13910=CARTESIAN_POINT('Origin',(-75.0198924891028,75.0465809896012,5.));
#13911=CARTESIAN_POINT('Origin',(-78.0198924891028,75.0465809896012,4.8));
#13912=CARTESIAN_POINT('Origin',(-75.0198924891028,75.0465809896012,5.));
#13913=CARTESIAN_POINT('',(-73.2198924891028,75.0465809896012,5.));
#13914=CARTESIAN_POINT('Origin',(-75.0198924891028,75.0465809896012,5.));
#13915=CARTESIAN_POINT('Origin',(-75.0198924891028,75.0465809896012,4.8));
#13916=CARTESIAN_POINT('Origin',(-73.2198924891028,75.0465809896012,4.8));
#13917=UNCERTAINTY_MEASURE_WITH_UNIT(LENGTH_MEASURE(0.01),#13921,
'DISTANCE_ACCURACY_VALUE',
'Maximum model space distance between geometric entities at asserted c
onnectivities');
#13918=UNCERTAINTY_MEASURE_WITH_UNIT(LENGTH_MEASURE(0.01),#13921,
'DISTANCE_ACCURACY_VALUE',
'Maximum model space distance between geometric entities at asserted c
onnectivities');
#13919=(
GEOMETRIC_REPRESENTATION_CONTEXT(3)
GLOBAL_UNCERTAINTY_ASSIGNED_CONTEXT((#13917))
GLOBAL_UNIT_ASSIGNED_CONTEXT((#13921,#13923,#13924))
REPRESENTATION_CONTEXT('','3D')
);
#13920=(
GEOMETRIC_REPRESENTATION_CONTEXT(3)
GLOBAL_UNCERTAINTY_ASSIGNED_CONTEXT((#13918))
GLOBAL_UNIT_ASSIGNED_CONTEXT((#13921,#13923,#13924))
REPRESENTATION_CONTEXT('','3D')
);
#13921=(
LENGTH_UNIT()
NAMED_UNIT(*)
SI_UNIT(.MILLI.,.METRE.)
);
#13922=(
LENGTH_UNIT()
NAMED_UNIT(*)
SI_UNIT($,.METRE.)
);
#13923=(
NAMED_UNIT(*)
PLANE_ANGLE_UNIT()
SI_UNIT($,.RADIAN.)
);
#13924=(
NAMED_UNIT(*)
SI_UNIT($,.STERADIAN.)
SOLID_ANGLE_UNIT()
);
#13925=SHAPE_DEFINITION_REPRESENTATION(#13926,#13927);
#13926=PRODUCT_DEFINITION_SHAPE('',$,#13929);
#13927=SHAPE_REPRESENTATION('',(#7385),#13919);
#13928=PRODUCT_DEFINITION_CONTEXT('part definition',#13933,'design');
#13929=PRODUCT_DEFINITION('2025-08-05-22-05-54-821','Beads',#13930,#13928);
#13930=PRODUCT_DEFINITION_FORMATION('',$,#13935);
#13931=PRODUCT_RELATED_PRODUCT_CATEGORY('Beads','Beads',(#13935));
#13932=APPLICATION_PROTOCOL_DEFINITION('international standard',
'automotive_design',2009,#13933);
#13933=APPLICATION_CONTEXT(
'Core Data for Automotive Mechanical Design Process');
#13934=PRODUCT_CONTEXT('part definition',#13933,'mechanical');
#13935=PRODUCT('2025-08-05-22-05-54-821','Beads',$,(#13934));
#13936=PRESENTATION_STYLE_ASSIGNMENT((#13937));
#13937=SURFACE_STYLE_USAGE(.BOTH.,#13938);
#13938=SURFACE_SIDE_STYLE('',(#13939));
#13939=SURFACE_STYLE_FILL_AREA(#13940);
#13940=FILL_AREA_STYLE('Steel - Satin',(#13941));
#13941=FILL_AREA_STYLE_COLOUR('Steel - Satin',#13942);
#13942=COLOUR_RGB('Steel - Satin',0.627450980392157,0.627450980392157,0.627450980392157);
ENDSEC;
END-ISO-10303-21;
